{
    "algorithm_desc": "pygad_algorithm",
    "config_name": "2_actors_overtake",
    "random_seed": 1,
    "evaluation_time": 9.324721,
    "number_of_generations": 500,
    "population_size": 10,
    "num_parents_mating": 2,
    "best_solution": [
        666.2679544810103,
        253.53011639207563,
        -4.326454701778054,
        18.880491060527447,
        284.3400370734763,
        1900.4826111816499,
        -3.866435309743718,
        17.391036149073443
    ],
    "best_fitness": [
        -0.0038498414908551505
    ],
    "mutate_eta": null,
    "mutate_prob": 0.5,
    "crossover_eta": null,
    "crossover_prob": 0.5,
    "error_message": null,
    "timestamp": "2024-06-19T02:17:53.089041"
}