{
    "algorithm_desc": "pymoo_algorithm",
    "config_name": "two_way_overtaking",
    "random_seed": 44,
    "evaluation_time": 5.026886,
    "number_of_generations": 100,
    "population_size": 10,
    "num_parents_mating": 2,
    "best_solution": [
        9.579934631488168,
        545.3256851774678,
        1.2643675455464856,
        -5.1540161992588285,
        2312.323224821591,
        112.62221919606621,
        2.276544206223079,
        4.9967502440504825,
        2910.769288508146,
        362.6557370221315,
        -13.716969052601264,
        -0.0024042436632286668
    ],
    "best_fitness": [
        0,
        0,
        0,
        0,
        0.27668777377205517,
        0.05846925151501725,
        0,
        0.5357607488090583,
        0.11613520119151678,
        0.3975854832341144,
        0.024054687974338174,
        0.3631102717941189,
        0.5809989438615104,
        0.015284326537588534,
        0,
        0
    ],
    "mutate_eta": 20,
    "mutate_prob": 0.5,
    "crossover_eta": 15,
    "crossover_prob": 0.5,
    "error_message": null,
    "timestamp": "2024-06-19T15:04:36.446453"
}