{
    "algorithm_desc": "pymoo_algorithm",
    "config_name": "two_way_overtaking",
    "random_seed": 12,
    "evaluation_time": 5.189221,
    "number_of_generations": 100,
    "population_size": 10,
    "num_parents_mating": 2,
    "best_solution": [
        666.9843161309443,
        550.1361148854754,
        -10.0363915098248,
        -0.06421665594683565,
        2536.47257643887,
        549.9584636346802,
        -8.521962483918234,
        3.8811033860878235,
        2477.234095252232,
        550.3303434893991,
        -16.115576760329116,
        -0.09211102218752691
    ],
    "best_fitness": [
        0,
        0.012510627784437145,
        0,
        0,
        0,
        0,
        0,
        0.00154418418385597,
        0,
        0.5388882034805607,
        0.6076120833080852,
        0.8329220763773812,
        0.9585207669861868,
        0,
        0,
        0
    ],
    "mutate_eta": 20,
    "mutate_prob": 0.5,
    "crossover_eta": 15,
    "crossover_prob": 0.5,
    "error_message": null,
    "timestamp": "2024-06-19T15:01:44.473923"
}