{
    "algorithm_desc": "pymoo_algorithm",
    "config_name": "two_way_overtaking",
    "random_seed": 24,
    "evaluation_time": 5.675313,
    "number_of_generations": 100,
    "population_size": 10,
    "num_parents_mating": 2,
    "best_solution": [
        75.40423852664185,
        362.8109784588628,
        3.3121769560338237,
        -0.91012992127473,
        551.0569658690313,
        1118.6877486011658,
        -1.6242624284293332,
        -8.75355652273478,
        2951.2889740856726,
        886.9723499023912,
        -3.005855951053629,
        7.9008385644006225
    ],
    "best_fitness": [
        0,
        0,
        0,
        0,
        0.28156119350102976,
        0.2934081066085715,
        0.08580126694692564,
        0.8249292072531594,
        0.24711728310018619,
        0,
        0.05749760834475667,
        0.85153517109472,
        0,
        0,
        0,
        0
    ],
    "mutate_eta": 20,
    "mutate_prob": 0.5,
    "crossover_eta": 15,
    "crossover_prob": 0.5,
    "error_message": null,
    "timestamp": "2024-06-19T15:02:48.747256"
}