{
    "algorithm_desc": "pymoo_algorithm",
    "config_name": "two_way_overtaking",
    "random_seed": 7,
    "evaluation_time": 5.146895,
    "number_of_generations": 100,
    "population_size": 10,
    "num_parents_mating": 2,
    "best_solution": [
        557.4476551855669,
        1103.4868935829352,
        -9.51761751684685,
        -0.1360960998545477,
        559.0428584338259,
        1101.9520943374648,
        12.148160125525475,
        -0.2737325767617632,
        2910.4459335476304,
        1121.7104934036297,
        11.74842263671654,
        2.4458209566619047
    ],
    "best_fitness": [
        0,
        0,
        0,
        0,
        0.11886162516555568,
        0.9378400690257744,
        0.5432608713424827,
        0.0016087063477647592,
        0.5283962076626785,
        0.21239250820489153,
        0.35855715409052846,
        0.19365870315594835,
        0,
        0,
        0,
        0
    ],
    "mutate_eta": 20,
    "mutate_prob": 0.5,
    "crossover_eta": 15,
    "crossover_prob": 0.5,
    "error_message": null,
    "timestamp": "2024-06-19T15:01:18.106209"
}