{
    "algorithm_desc": "pymoo_algorithm",
    "config_name": "two_way_overtaking",
    "random_seed": 1,
    "evaluation_time": 0.061858,
    "number_of_generations": 1,
    "population_size": 5,
    "num_parents_mating": 2,
    "best_solution": [
        549.9719409228703,
        549.9719409228703,
        9.00278225,
        0.0,
        2749.8597046143514,
        549.9719409228703,
        9.00278225,
        0.0,
        3299.8316455372214,
        549.9719409228703,
        9.00278225,
        0.0
    ],
    "best_fitness": [
        0,
        0,
        0,
        0,
        0.23046352608147389,
        0.42639828411779945,
        0.6098342122482393,
        1.0,
        0.07768313344099938,
        0.423550534682298,
        0,
        0,
        0.6399392352541845,
        0,
        0,
        0
    ],
    "mutate_eta": 20,
    "mutate_prob": 0.5,
    "crossover_eta": 15,
    "crossover_prob": 0.5,
    "error_message": null,
    "timestamp": "2024-06-19T14:50:53.425791"
}