{
    "algorithm_desc": "pymoo_algorithm",
    "config_name": "two_way_overtaking",
    "random_seed": 30,
    "evaluation_time": 5.10528,
    "number_of_generations": 100,
    "population_size": 10,
    "num_parents_mating": 2,
    "best_solution": [
        63.11608555057923,
        569.3499373386117,
        6.124498819535454,
        -3.528351326185489,
        2337.9309818905394,
        611.4788924981693,
        9.105082018066327,
        4.89326728101215,
        3432.7605755105606,
        548.9439482390399,
        -0.3262385529247152,
        -4.446102483208145
    ],
    "best_fitness": [
        0,
        0,
        0,
        0,
        0.42000208978313225,
        0.029147639972978142,
        0.11614103152865667,
        0.799396347224502,
        0.09780085696407834,
        0.5394891756234549,
        0,
        0.12095156412981856,
        0.33262196150851203,
        0,
        0,
        0
    ],
    "mutate_eta": 20,
    "mutate_prob": 0.5,
    "crossover_eta": 15,
    "crossover_prob": 0.5,
    "error_message": null,
    "timestamp": "2024-06-19T15:03:21.192009"
}