{
    "algorithm_desc": "pymoo_algorithm",
    "config_name": "two_way_overtaking",
    "random_seed": 37,
    "evaluation_time": 5.122622,
    "number_of_generations": 100,
    "population_size": 10,
    "num_parents_mating": 2,
    "best_solution": [
        634.5541146025694,
        550.1539487858801,
        0.8062206089684472,
        -0.18050911014648974,
        636.8780474056351,
        551.6912290671532,
        3.499542025843179,
        7.705411063024406,
        53.62371818311313,
        552.6184023352156,
        11.049330154455049,
        0.2687614463852106
    ],
    "best_fitness": [
        0,
        0.030954826004473534,
        0,
        0,
        0.34103343237510125,
        0,
        0,
        0.05391930415502249,
        0.5282018622676108,
        0.2412344994026063,
        0,
        0.14371457439130916,
        0.6198641456201779,
        0,
        0,
        0
    ],
    "mutate_eta": 20,
    "mutate_prob": 0.5,
    "crossover_eta": 15,
    "crossover_prob": 0.5,
    "error_message": null,
    "timestamp": "2024-06-19T15:03:58.555249"
}