{
    "algorithm_desc": "pymoo_algorithm",
    "config_name": "two_way_overtaking",
    "random_seed": 23,
    "evaluation_time": 5.334074,
    "number_of_generations": 100,
    "population_size": 10,
    "num_parents_mating": 2,
    "best_solution": [
        166.73660190749348,
        412.27486307152463,
        7.902847731789697,
        -3.6336972366300397,
        2369.002696788701,
        429.57354112892625,
        0.01664954259796647,
        -2.233870893580915,
        335.33141642276433,
        543.5388274207772,
        -10.801356888105856,
        2.1203807478725656
    ],
    "best_fitness": [
        0,
        0,
        0,
        0,
        0.4578675104530328,
        0.12050946096295019,
        0,
        0.5943749626511575,
        0.07833265269506931,
        0.0342576336883877,
        0,
        0.43795004467497045,
        0,
        0,
        0,
        0
    ],
    "mutate_eta": 20,
    "mutate_prob": 0.5,
    "crossover_eta": 15,
    "crossover_prob": 0.5,
    "error_message": null,
    "timestamp": "2024-06-19T15:02:43.237329"
}