{
    "algorithm_desc": "pymoo_algorithm",
    "config_name": "two_way_overtaking",
    "random_seed": 33,
    "evaluation_time": 5.158587,
    "number_of_generations": 100,
    "population_size": 10,
    "num_parents_mating": 2,
    "best_solution": [
        879.1879146607253,
        541.4495739554433,
        -7.106225447549771,
        -0.003317497881411754,
        3266.3199917295296,
        885.390700318557,
        0.43889328487565,
        0.030588114677839937,
        2678.5328936105757,
        2.7577624610311666,
        12.12330957659188,
        0.15111262422584806
    ],
    "best_fitness": [
        0,
        0,
        0,
        0,
        0,
        0.8614624428069186,
        0.5084349910133811,
        0.07316363274039485,
        0.1349213702285139,
        0.9281939739353894,
        0.5615487047243313,
        0.01814190717885654,
        0.35154828982796416,
        0,
        0,
        0
    ],
    "mutate_eta": 20,
    "mutate_prob": 0.5,
    "crossover_eta": 15,
    "crossover_prob": 0.5,
    "error_message": null,
    "timestamp": "2024-06-19T15:03:37.262288"
}