{
    "algorithm_desc": "pymoo_algorithm",
    "config_name": "two_way_overtaking",
    "random_seed": 4,
    "evaluation_time": 5.132447,
    "number_of_generations": 100,
    "population_size": 10,
    "num_parents_mating": 2,
    "best_solution": [
        246.2238114363094,
        499.42736356091615,
        13.465084106123987,
        -5.266818650800256,
        1111.7063838950553,
        2745.4385099044766,
        -1.778264199119181,
        -6.189696122598304,
        2845.2356945641177,
        2236.3862287629913,
        2.2975987165214784,
        -10.207522528001498
    ],
    "best_fitness": [
        0,
        0,
        0,
        0,
        0.34317587332240385,
        0.0348872332122999,
        0.03871502493530487,
        0.6392062605033091,
        0.13360612320618065,
        0.295215721537922,
        0.1353076342568641,
        0.9646341497237454,
        0,
        0,
        0,
        0
    ],
    "mutate_eta": 20,
    "mutate_prob": 0.5,
    "crossover_eta": 15,
    "crossover_prob": 0.5,
    "error_message": null,
    "timestamp": "2024-06-19T15:01:02.122120"
}