{
    "algorithm_desc": "pymoo_algorithm",
    "config_name": "two_way_overtaking",
    "random_seed": 17,
    "evaluation_time": 5.190841,
    "number_of_generations": 100,
    "population_size": 10,
    "num_parents_mating": 2,
    "best_solution": [
        547.6195941821466,
        566.658996153568,
        -0.48549399165068413,
        -10.814423975377817,
        534.8123706700281,
        2450.9813380899204,
        0.01877191932186388,
        9.698166842282173,
        541.875615822593,
        655.8522358043363,
        -0.07613260820565985,
        -17.822154786609005
    ],
    "best_fitness": [
        0.08408176106179245,
        0.43594654179517967,
        0,
        0,
        0.4990269554306466,
        0,
        0,
        0.027018286706899937,
        0,
        0.9660620181850716,
        0.5922187326950243,
        0.002143824401825233,
        0.0020811368702175893,
        0,
        0,
        0
    ],
    "mutate_eta": 20,
    "mutate_prob": 0.5,
    "crossover_eta": 15,
    "crossover_prob": 0.5,
    "error_message": null,
    "timestamp": "2024-06-19T15:02:11.040222"
}