{
    "algorithm_desc": "pymoo_algorithm",
    "config_name": "two_way_overtaking",
    "random_seed": 40,
    "evaluation_time": 5.552992,
    "number_of_generations": 100,
    "population_size": 10,
    "num_parents_mating": 2,
    "best_solution": [
        564.6227743242619,
        947.4151401494188,
        0.008780547227353552,
        -8.704885196490139,
        497.1888274373936,
        3409.617561745533,
        -0.9073142357098238,
        -12.503541156029758,
        564.2894530904689,
        2780.522279514248,
        -0.05802278345930971,
        -13.25724004798098
    ],
    "best_fitness": [
        0,
        0.009776626060926838,
        0,
        0,
        0,
        0,
        0,
        0.00020287160513681916,
        0.14909233012457065,
        0.055797988773477775,
        0.6008234668650876,
        0.9599433350396934,
        0.5904029533636209,
        0,
        0,
        0
    ],
    "mutate_eta": 20,
    "mutate_prob": 0.5,
    "crossover_eta": 15,
    "crossover_prob": 0.5,
    "error_message": null,
    "timestamp": "2024-06-19T15:04:14.647317"
}