{
    "algorithm_desc": "pymoo_algorithm",
    "config_name": "two_way_overtaking",
    "random_seed": 38,
    "evaluation_time": 5.253665,
    "number_of_generations": 100,
    "population_size": 10,
    "num_parents_mating": 2,
    "best_solution": [
        510.4823152948635,
        894.020465565293,
        -4.337962759405109,
        -1.199801442245358,
        3475.165434334978,
        2337.538138003418,
        -5.7158278566643475,
        4.129626261841006,
        3345.9019089604135,
        981.1862403645715,
        -5.035338374517487,
        -0.9839009089401752
    ],
    "best_fitness": [
        0,
        0,
        0,
        0,
        0.2558892619845282,
        0.07428140823329576,
        0,
        0.05979139397560593,
        0.39689855917511535,
        0.49203841782048474,
        0.547986478142072,
        0.5990486359497786,
        0.19919418738459255,
        0,
        0,
        0
    ],
    "mutate_eta": 20,
    "mutate_prob": 0.5,
    "crossover_eta": 15,
    "crossover_prob": 0.5,
    "error_message": null,
    "timestamp": "2024-06-19T15:04:03.840022"
}