{
    "algorithm_desc": "pymoo_algorithm",
    "config_name": "two_way_overtaking",
    "random_seed": 2,
    "evaluation_time": 5.426452,
    "number_of_generations": 100,
    "population_size": 10,
    "num_parents_mating": 2,
    "best_solution": [
        136.68882580506968,
        1718.964515080667,
        -5.450385136305542,
        0.02108577962232694,
        2745.2209261983953,
        1091.8456250143136,
        -10.573576139366565,
        -0.003241545058325415,
        3127.213538956539,
        1095.0739511906795,
        -8.057211583229382,
        -0.814635326255128
    ],
    "best_fitness": [
        0,
        0,
        0,
        0,
        0.32133692769842703,
        0.12321606304631225,
        0,
        0.05031347841745053,
        0.2111049568813113,
        0.05071774567105603,
        0.5318260262364305,
        0.9062171524816967,
        0.7441303946056839,
        0,
        0,
        0
    ],
    "mutate_eta": 20,
    "mutate_prob": 0.5,
    "crossover_eta": 15,
    "crossover_prob": 0.5,
    "error_message": null,
    "timestamp": "2024-06-19T15:00:51.227255"
}