{
    "algorithm_desc": "pymoo_algorithm",
    "config_name": "two_way_overtaking",
    "random_seed": 43,
    "evaluation_time": 5.084298,
    "number_of_generations": 100,
    "population_size": 10,
    "num_parents_mating": 2,
    "best_solution": [
        498.6643032354703,
        1354.7001509001925,
        -5.437379079006388,
        -0.07517508073954149,
        2996.154451227301,
        589.9596521392934,
        9.752798956672487,
        7.363272720124891,
        2618.2460168383072,
        1028.4278467876295,
        -10.066746570611343,
        0.11068711922210478
    ],
    "best_fitness": [
        0,
        0,
        0,
        0,
        0.06305867332410671,
        0.01626757940775937,
        0,
        0.04140924188390359,
        0.190849181334968,
        0.6994400887417582,
        0.5059539204196539,
        0.24985084513551642,
        0.6225095210177595,
        0,
        0,
        0
    ],
    "mutate_eta": 20,
    "mutate_prob": 0.5,
    "crossover_eta": 15,
    "crossover_prob": 0.5,
    "error_message": null,
    "timestamp": "2024-06-19T15:04:31.193192"
}