{
    "algorithm_desc": "pymoo_algorithm",
    "config_name": "two_way_overtaking",
    "random_seed": 34,
    "evaluation_time": 5.036826,
    "number_of_generations": 100,
    "population_size": 10,
    "num_parents_mating": 2,
    "best_solution": [
        549.3507003242436,
        529.7941435163125,
        0.06669653806797003,
        -7.483333978565613,
        559.222147010434,
        537.6050614351011,
        0.8056722133344684,
        1.7284533748470152,
        469.15379803188284,
        519.5443260290118,
        11.949395327410578,
        -5.420580957421613
    ],
    "best_fitness": [
        0.15490167684775139,
        0.4237730308735597,
        0,
        0,
        0.5018821529373417,
        0,
        0,
        0.4754131882791558,
        0.524878646480626,
        0.19527976599346383,
        0.31967331558055134,
        0.11846820013130231,
        0.9359690420246998,
        0.21000849613472178,
        0,
        0
    ],
    "mutate_eta": 20,
    "mutate_prob": 0.5,
    "crossover_eta": 15,
    "crossover_prob": 0.5,
    "error_message": null,
    "timestamp": "2024-06-19T15:03:42.591176"
}