{
    "algorithm_desc": "pymoo_algorithm",
    "config_name": "two_way_overtaking",
    "random_seed": 9,
    "evaluation_time": 5.129934,
    "number_of_generations": 100,
    "population_size": 10,
    "num_parents_mating": 2,
    "best_solution": [
        690.2099567210541,
        549.9712874279562,
        -8.744859787629881,
        -1.8574805202936313,
        2547.8540820803432,
        541.9041067520197,
        11.926625233081428,
        -0.15093893194459984,
        837.4018038647527,
        556.4511886998353,
        -10.222342403234922,
        -6.34192598032173e-05
    ],
    "best_fitness": [
        0,
        0,
        0,
        0,
        0.47973007914929733,
        0.04904673110854637,
        0,
        0.04109290697504023,
        0,
        0.9437726174055379,
        0.5379145765406124,
        0.002040655715040165,
        0.03879740162630658,
        0,
        0,
        0
    ],
    "mutate_eta": 20,
    "mutate_prob": 0.5,
    "crossover_eta": 15,
    "crossover_prob": 0.5,
    "error_message": null,
    "timestamp": "2024-06-19T15:01:28.679123"
}