{
    "algorithm_desc": "pymoo_algorithm",
    "config_name": "two_way_overtaking",
    "random_seed": 13,
    "evaluation_time": 5.132317,
    "number_of_generations": 100,
    "population_size": 10,
    "num_parents_mating": 2,
    "best_solution": [
        549.9709344312109,
        33.675917723643735,
        3.626466790649059,
        -10.199384245746021,
        585.6941232231507,
        75.82137882667894,
        8.93013420448692,
        7.842675291601794,
        560.7956624978115,
        3193.6141769099136,
        3.3554266742048706,
        9.30196217164759
    ],
    "best_fitness": [
        0,
        0,
        0,
        0,
        0.3536967332933737,
        0.980267231951291,
        0.49561567530640516,
        0.08701901564587643,
        0.5104766523647246,
        0.3106658764616215,
        0.2802825195449429,
        0.03649804664712184,
        0,
        0,
        0,
        0
    ],
    "mutate_eta": 20,
    "mutate_prob": 0.5,
    "crossover_eta": 15,
    "crossover_prob": 0.5,
    "error_message": null,
    "timestamp": "2024-06-19T15:01:49.842061"
}