{
    "algorithm_desc": "pymoo_algorithm",
    "config_name": "two_way_overtaking",
    "random_seed": 18,
    "evaluation_time": 5.229883,
    "number_of_generations": 100,
    "population_size": 10,
    "num_parents_mating": 2,
    "best_solution": [
        573.8709357573265,
        962.7946716682898,
        -0.005924127719500738,
        -2.347210552743184,
        534.0331870107754,
        3131.9787271029936,
        7.104182757991134,
        5.326811970717352,
        2391.571896430297,
        1050.3441066325051,
        -8.354994729907427,
        -6.56059933323224
    ],
    "best_fitness": [
        0,
        0,
        0,
        0,
        0,
        0.09200677998375305,
        0,
        0.4219314575801591,
        0.069649597500996,
        0.6919812809844592,
        0.6026944413462,
        0.2504074240273886,
        0,
        0,
        0,
        0
    ],
    "mutate_eta": 20,
    "mutate_prob": 0.5,
    "crossover_eta": 15,
    "crossover_prob": 0.5,
    "error_message": null,
    "timestamp": "2024-06-19T15:02:16.398617"
}