{
    "algorithm_desc": "pymoo_algorithm",
    "config_name": "two_way_overtaking",
    "random_seed": 29,
    "evaluation_time": 5.244716,
    "number_of_generations": 100,
    "population_size": 10,
    "num_parents_mating": 2,
    "best_solution": [
        562.2066736853435,
        549.9719409228703,
        -1.9543533088774065,
        3.3578621418689365,
        3290.099106776513,
        221.34201483787285,
        -8.402031595591115,
        0.9412652595962022,
        1894.8692751025505,
        599.7748033389786,
        -8.351408055528951,
        -1.2653525830595416
    ],
    "best_fitness": [
        0,
        0,
        0,
        0,
        0.122496439615191,
        0.13124365453241071,
        0,
        0.2894050068466087,
        0.2298118863949969,
        0.11236637902633635,
        0.31568168144409686,
        0.9966330767688814,
        0.15945300865630802,
        0,
        0,
        0
    ],
    "mutate_eta": 20,
    "mutate_prob": 0.5,
    "crossover_eta": 15,
    "crossover_prob": 0.5,
    "error_message": null,
    "timestamp": "2024-06-19T15:03:15.782802"
}