{
    "algorithm_desc": "pymoo_algorithm",
    "config_name": "two_way_overtaking",
    "random_seed": 31,
    "evaluation_time": 5.168317,
    "number_of_generations": 100,
    "population_size": 10,
    "num_parents_mating": 2,
    "best_solution": [
        628.3540120138382,
        294.44009768626586,
        11.131467681980796,
        -0.17088093954813055,
        2306.0922533877806,
        549.0745078246191,
        20.412048117251707,
        3.1093956996533363,
        2301.9091769407255,
        1084.5697017888324,
        10.31849379310156,
        -5.290354734209465
    ],
    "best_fitness": [
        0,
        0,
        0,
        0,
        0,
        0.24254552999563309,
        0.3183277078254953,
        0.8219163666931015,
        0.026264163373028865,
        0.9016047793070225,
        0,
        0.00013404060237083058,
        0.6487191953257433,
        0,
        0,
        0
    ],
    "mutate_eta": 20,
    "mutate_prob": 0.5,
    "crossover_eta": 15,
    "crossover_prob": 0.5,
    "error_message": null,
    "timestamp": "2024-06-19T15:03:26.471971"
}