{
    "algorithm_desc": "pymoo_algorithm",
    "config_name": "two_way_overtaking",
    "random_seed": 19,
    "evaluation_time": 5.168955,
    "number_of_generations": 100,
    "population_size": 10,
    "num_parents_mating": 2,
    "best_solution": [
        551.4997528075077,
        1094.9388798742295,
        0.8173739493405228,
        -0.18660169116610525,
        3281.6536435823587,
        1092.7285193291332,
        6.559758920477465,
        12.376202543522753,
        247.5972489467572,
        1102.1125200496863,
        7.685277305724663,
        -8.059951885203308
    ],
    "best_fitness": [
        0,
        0,
        0,
        0,
        0.4284801127051109,
        0.12627236120209573,
        0,
        0.05007108629429884,
        0.22474830828511397,
        0.5650067300706583,
        0,
        0.2903290635674479,
        0,
        0,
        0,
        0
    ],
    "mutate_eta": 20,
    "mutate_prob": 0.5,
    "crossover_eta": 15,
    "crossover_prob": 0.5,
    "error_message": null,
    "timestamp": "2024-06-19T15:02:21.797125"
}