{
    "algorithm_desc": "pymoo_algorithm",
    "config_name": "two_way_overtaking",
    "random_seed": 5,
    "evaluation_time": 5.245059,
    "number_of_generations": 100,
    "population_size": 10,
    "num_parents_mating": 2,
    "best_solution": [
        783.1459416222365,
        556.0654072223531,
        3.1088266260210444,
        0.00010833318922710333,
        1976.2318415453485,
        507.3058481323462,
        2.982391122759638,
        0.6867737806424066,
        741.9732787719147,
        549.9623570417851,
        -4.359704586764644,
        2.2427951614334987
    ],
    "best_fitness": [
        0.5224927262293864,
        0,
        0,
        0,
        0.5150657434921229,
        0.30428721625306276,
        0.4069769245511915,
        0.03652083797340842,
        0.16099474936595076,
        0.3435034508637107,
        0,
        0.0669617031009869,
        0.2619493150322078,
        0,
        0,
        0
    ],
    "mutate_eta": 20,
    "mutate_prob": 0.5,
    "crossover_eta": 15,
    "crossover_prob": 0.5,
    "error_message": null,
    "timestamp": "2024-06-19T15:01:07.427585"
}