{
    "algorithm_desc": "pymoo_algorithm",
    "config_name": "two_way_overtaking",
    "random_seed": 1,
    "evaluation_time": 36.487665,
    "number_of_generations": 300,
    "population_size": 5,
    "num_parents_mating": 2,
    "best_solution": [
        532.1082481122025,
        644.6192490662147,
        -3.8013822209438626,
        -4.898139817976554,
        1694.9881744325805,
        1292.9900130269746,
        -18.044842916969564,
        -0.7054829142803407,
        3294.3710818203062,
        267.3943770600961,
        -13.548335797712307,
        -10.53530136315737
    ],
    "best_fitness": [
        0,
        0,
        0,
        0,
        0.24154953074465513,
        0.16100300612026552,
        0,
        0.27937302731996183,
        0.12308981710616401,
        0.18708356556166453,
        0.47644405120346545,
        0.8169944759899759,
        0,
        0,
        0,
        0
    ],
    "mutate_eta": 20,
    "mutate_prob": 0.5,
    "crossover_eta": 15,
    "crossover_prob": 0.5,
    "error_message": null,
    "timestamp": "2024-06-19T14:40:03.520618"
}