{
    "algorithm_desc": "pymoo_algorithm",
    "config_name": "two_way_overtaking",
    "random_seed": 11,
    "evaluation_time": 5.108498,
    "number_of_generations": 100,
    "population_size": 10,
    "num_parents_mating": 2,
    "best_solution": [
        68.94904975035934,
        543.0631215718079,
        -7.631531772630784,
        2.5285021348859784,
        3101.9365187782646,
        537.702471838534,
        -15.967546326320205,
        -0.1345126338257026,
        1069.989382238753,
        543.8219091794818,
        7.693305483707524,
        -3.176232293732473
    ],
    "best_fitness": [
        0,
        0,
        0,
        0,
        0.21573805590835823,
        0.8216414044941527,
        0.4796207277399589,
        0.08072145394426619,
        0.3146549643664164,
        0.06973558391183825,
        0.5036059411130162,
        0.9958810186977037,
        0,
        0,
        0,
        0
    ],
    "mutate_eta": 20,
    "mutate_prob": 0.5,
    "crossover_eta": 15,
    "crossover_prob": 0.5,
    "error_message": null,
    "timestamp": "2024-06-19T15:01:39.182150"
}