{
    "algorithm_desc": "pymoo_algorithm",
    "config_name": "two_way_overtaking",
    "random_seed": 27,
    "evaluation_time": 5.179921,
    "number_of_generations": 100,
    "population_size": 10,
    "num_parents_mating": 2,
    "best_solution": [
        9.191211225319222,
        554.3478796573255,
        -7.884325197453304,
        -8.806209232404123,
        2131.1755846254864,
        556.249239501315,
        -11.278406940777936,
        0.14022292935139097,
        3465.294598817652,
        629.8630132858258,
        9.33903909547964,
        13.700690864811978
    ],
    "best_fitness": [
        0,
        0,
        0,
        0,
        0.44825274626834377,
        0.6521907690616346,
        0.30776519912230693,
        0.21453843427132538,
        0.05713456017960744,
        0.3131290606560252,
        0.34071520239765113,
        0.9946145501804396,
        0.21198138126995963,
        0,
        0,
        0
    ],
    "mutate_eta": 20,
    "mutate_prob": 0.5,
    "crossover_eta": 15,
    "crossover_prob": 0.5,
    "error_message": null,
    "timestamp": "2024-06-19T15:03:05.107291"
}