{
    "algorithm_desc": "pymoo_algorithm",
    "config_name": "two_way_overtaking",
    "random_seed": 22,
    "evaluation_time": 5.343439,
    "number_of_generations": 100,
    "population_size": 10,
    "num_parents_mating": 2,
    "best_solution": [
        404.881925429057,
        1206.5508102508861,
        -1.913432364261717,
        -8.829513489057952,
        412.0279846032282,
        898.6369448887642,
        0.0832878173051851,
        8.026389011814969,
        266.13956843974324,
        2860.41224569657,
        -0.932725074454287,
        -9.018116576596649
    ],
    "best_fitness": [
        0,
        0,
        0,
        0,
        0.03587579425532925,
        0.3353618792675491,
        0,
        0.07464093116715012,
        0.4271855386456278,
        0,
        0,
        0.9864533351409466,
        0,
        0,
        0,
        0
    ],
    "mutate_eta": 20,
    "mutate_prob": 0.5,
    "crossover_eta": 15,
    "crossover_prob": 0.5,
    "error_message": null,
    "timestamp": "2024-06-19T15:02:37.726135"
}