{
    "algorithm_desc": "pymoo_algorithm",
    "config_name": "two_way_overtaking",
    "random_seed": 1,
    "evaluation_time": 5.301858,
    "number_of_generations": 100,
    "population_size": 10,
    "num_parents_mating": 2,
    "best_solution": [
        1071.0149903579377,
        642.0534371556832,
        0.9395407040996804,
        -4.938356604382391,
        1812.923492761905,
        337.3627832373177,
        5.12547395890923,
        19.131908146664234,
        2848.635256938236,
        956.2077817565012,
        -0.5839339767868124,
        -0.029051562775347487
    ],
    "best_fitness": [
        0,
        0.3814947663209588,
        0,
        0.4419499631937728,
        0.2740152244186948,
        0.33281521814377735,
        0,
        0.4785362757463405,
        0.27627555827192546,
        0,
        0,
        0,
        0,
        0,
        0,
        0
    ],
    "mutate_eta": 20,
    "mutate_prob": 0.5,
    "crossover_eta": 15,
    "crossover_prob": 0.5,
    "error_message": null,
    "timestamp": "2024-06-19T14:57:36.389466"
}