{
    "algorithm_desc": "pymoo_algorithm",
    "config_name": "two_way_overtaking",
    "random_seed": 25,
    "evaluation_time": 5.16575,
    "number_of_generations": 100,
    "population_size": 10,
    "num_parents_mating": 2,
    "best_solution": [
        741.3934033446308,
        556.5437242073049,
        11.118623344059522,
        0.15993342849300307,
        3299.7800258311904,
        1798.770181846671,
        -8.69664394337793,
        0.6986137935892394,
        2809.395384908505,
        63.00138316111696,
        1.763239754051478,
        0.6344354543244664
    ],
    "best_fitness": [
        0,
        0,
        0,
        0,
        0.05820813250798301,
        0.03386632268590772,
        0.420240552466533,
        0.9013843607136364,
        0.2580311430621116,
        0.11287860146399532,
        0,
        0.7936017322719028,
        0,
        0,
        0,
        0
    ],
    "mutate_eta": 20,
    "mutate_prob": 0.5,
    "crossover_eta": 15,
    "crossover_prob": 0.5,
    "error_message": null,
    "timestamp": "2024-06-19T15:02:54.595149"
}