{
    "algorithm_desc": "pymoo_algorithm",
    "config_name": "two_way_overtaking",
    "random_seed": 16,
    "evaluation_time": 5.028633,
    "number_of_generations": 100,
    "population_size": 10,
    "num_parents_mating": 2,
    "best_solution": [
        762.0349375198747,
        22.624968220978502,
        -12.876494149628398,
        -2.316555446353738,
        474.5665149235456,
        3474.814387996861,
        0.7037108182944056,
        13.034828550191365,
        520.2640038095899,
        322.27674865997,
        -9.78831281153392,
        -6.993784041336278
    ],
    "best_fitness": [
        0,
        0.04161911924548761,
        0,
        0,
        0.40248010042052496,
        0,
        0.1496354050537753,
        0.6020749010453001,
        0.4506059507472721,
        0.6833032899061514,
        0.15946586563732376,
        0.03398377418951389,
        0,
        0,
        0,
        0
    ],
    "mutate_eta": 20,
    "mutate_prob": 0.5,
    "crossover_eta": 15,
    "crossover_prob": 0.5,
    "error_message": null,
    "timestamp": "2024-06-19T15:02:05.839636"
}