{
    "algorithm_desc": "pymoo_algorithm",
    "config_name": "two_way_overtaking",
    "random_seed": 36,
    "evaluation_time": 5.175106,
    "number_of_generations": 100,
    "population_size": 10,
    "num_parents_mating": 2,
    "best_solution": [
        1039.936748535235,
        1098.4785855824878,
        -16.992397069538992,
        -0.0113516280820719,
        2849.2647978961613,
        1487.7920722063218,
        8.464572924846475,
        -0.36941850290942213,
        3153.4026454596356,
        1099.0421446430892,
        -9.495212674829308,
        -0.05429701231023501
    ],
    "best_fitness": [
        0,
        0,
        0,
        0,
        0.054903290919434564,
        0.9785205245293315,
        0,
        9.84787011982698e-05,
        0,
        0.8892048215594316,
        0.5386989035223533,
        0.06398919950882687,
        0.6743759847490209,
        0,
        0,
        0
    ],
    "mutate_eta": 20,
    "mutate_prob": 0.5,
    "crossover_eta": 15,
    "crossover_prob": 0.5,
    "error_message": null,
    "timestamp": "2024-06-19T15:03:53.211584"
}