{
    "algorithm_desc": "pymoo_algorithm",
    "config_name": "two_way_overtaking",
    "random_seed": 10,
    "evaluation_time": 5.02948,
    "number_of_generations": 100,
    "population_size": 10,
    "num_parents_mating": 2,
    "best_solution": [
        727.9343094462753,
        541.0056469982321,
        7.248480382428885,
        -0.16419435785632086,
        3300.903116032888,
        2036.6183799175144,
        3.685362384768635,
        -3.834910842551604,
        3310.9871208947225,
        454.6620489570015,
        -3.197598710160233,
        -0.0018969054588525158
    ],
    "best_fitness": [
        0,
        0.005117077916573158,
        0,
        0,
        0.18306911566078635,
        0,
        0,
        0.99564891670458,
        0.29741512046861,
        0.06005120304485464,
        0,
        0.36395585288116095,
        0.09623550988608051,
        0,
        0,
        0
    ],
    "mutate_eta": 20,
    "mutate_prob": 0.5,
    "crossover_eta": 15,
    "crossover_prob": 0.5,
    "error_message": null,
    "timestamp": "2024-06-19T15:01:33.975705"
}