{
    "algorithm_desc": "pymoo_algorithm",
    "config_name": "two_way_overtaking",
    "random_seed": 0,
    "evaluation_time": 5.222283,
    "number_of_generations": 100,
    "population_size": 10,
    "num_parents_mating": 2,
    "best_solution": [
        662.0500101772798,
        549.9718899012719,
        9.857894959268217,
        -1.8967489792603336e-05,
        3290.7655459729253,
        549.9719581858817,
        9.747679769089363,
        0.019376881119785184,
        635.0682741645669,
        549.9719402317857,
        12.848805504772251,
        0.8486475947501069
    ],
    "best_fitness": [
        0.679252526015708,
        0.3526147586498964,
        0,
        0,
        0.5200080943006704,
        0,
        0,
        1.4158842009952959e-08,
        0.19561725832741694,
        0.03376643130661549,
        0,
        0.00048776099577432476,
        0,
        0,
        0,
        0
    ],
    "mutate_eta": 20,
    "mutate_prob": 0.5,
    "crossover_eta": 15,
    "crossover_prob": 0.5,
    "error_message": null,
    "timestamp": "2024-06-19T15:00:39.941994"
}