{
    "algorithm_desc": "pymoo_algorithm",
    "config_name": "two_way_overtaking",
    "random_seed": 28,
    "evaluation_time": 5.149768,
    "number_of_generations": 100,
    "population_size": 10,
    "num_parents_mating": 2,
    "best_solution": [
        797.5625291760432,
        567.9053377917523,
        6.742779617512083,
        -1.7577107871672453,
        2850.6168709367885,
        657.1032230250181,
        6.406154605424013,
        0.08867015299635805,
        1037.1953005205162,
        498.9151550213305,
        2.492787779963566,
        -0.44636348650091584
    ],
    "best_fitness": [
        0,
        0.09966888635223184,
        0,
        0,
        0.4462004444972038,
        0,
        0.5748096966570443,
        0.989781474589604,
        0.03967201211184306,
        0.38021196556569464,
        0,
        0.0072738172322088564,
        0,
        0,
        0,
        0
    ],
    "mutate_eta": 20,
    "mutate_prob": 0.5,
    "crossover_eta": 15,
    "crossover_prob": 0.5,
    "error_message": null,
    "timestamp": "2024-06-19T15:03:10.463084"
}