{
    "algorithm_desc": "pymoo_algorithm",
    "config_name": "two_way_overtaking",
    "random_seed": 35,
    "evaluation_time": 5.243774,
    "number_of_generations": 100,
    "population_size": 10,
    "num_parents_mating": 2,
    "best_solution": [
        549.6477199918965,
        1865.531694864313,
        0.00028306554889802484,
        2.348971810276444,
        537.553302357613,
        2253.240971556254,
        -0.060407354070494634,
        1.3297280591995864,
        549.9718266560792,
        3479.1571053336456,
        -0.0017283661778966578,
        -9.034212925430374
    ],
    "best_fitness": [
        0,
        0.015283137199856993,
        0,
        0,
        0.04782848225174218,
        0,
        0,
        0.9999674993096379,
        0.40156475240701545,
        0,
        0,
        0.0034908391800426083,
        0.26647181257265984,
        0.01624450958310106,
        0,
        0
    ],
    "mutate_eta": 20,
    "mutate_prob": 0.5,
    "crossover_eta": 15,
    "crossover_prob": 0.5,
    "error_message": null,
    "timestamp": "2024-06-19T15:03:47.801362"
}