{
    "algorithm_desc": "pymoo_algorithm",
    "config_name": "two_way_overtaking",
    "random_seed": 6,
    "evaluation_time": 5.092161,
    "number_of_generations": 100,
    "population_size": 10,
    "num_parents_mating": 2,
    "best_solution": [
        541.7939643576375,
        638.93389867173,
        0.005599322038936719,
        -1.506313160667982,
        532.1982772588987,
        2565.354750616325,
        0.028848031630916537,
        -10.902489878978994,
        491.89051994885347,
        3106.0395780276904,
        -0.635776945990941,
        -8.643532948558313
    ],
    "best_fitness": [
        0,
        0,
        0,
        0,
        0.15033579318928672,
        0.017098771201533927,
        0,
        0.004055227372433161,
        0.006697754942899649,
        0,
        0.609401525394051,
        0.9990556651580769,
        0.6446627425151451,
        0,
        0,
        0
    ],
    "mutate_eta": 20,
    "mutate_prob": 0.5,
    "crossover_eta": 15,
    "crossover_prob": 0.5,
    "error_message": null,
    "timestamp": "2024-06-19T15:01:12.843108"
}