{
    "algorithm_desc": "pymoo_algorithm",
    "config_name": "two_way_overtaking",
    "random_seed": 15,
    "evaluation_time": 5.248883,
    "number_of_generations": 100,
    "population_size": 10,
    "num_parents_mating": 2,
    "best_solution": [
        169.94940096952698,
        624.2945283877272,
        -0.10424174580260281,
        -1.1259604548821989,
        2742.3137256635323,
        350.06982313131994,
        0.23175420575944705,
        1.3545625417461797,
        2228.9062648822787,
        101.67542600080367,
        -5.239339953606044,
        0.19015612095643017
    ],
    "best_fitness": [
        0,
        0.01102360345803703,
        0,
        0,
        0.05772800473938927,
        0,
        0,
        0.4876655313053463,
        0.1837603427586125,
        0.4346021837764307,
        0.13026338992125905,
        0.4179992342295697,
        0.6276323627042942,
        0,
        0,
        0
    ],
    "mutate_eta": 20,
    "mutate_prob": 0.5,
    "crossover_eta": 15,
    "crossover_prob": 0.5,
    "error_message": null,
    "timestamp": "2024-06-19T15:02:00.419750"
}