{
    "algorithm_desc": "pymoo_algorithm",
    "config_name": "two_way_overtaking",
    "random_seed": 14,
    "evaluation_time": 5.103924,
    "number_of_generations": 100,
    "population_size": 10,
    "num_parents_mating": 2,
    "best_solution": [
        298.3913284887781,
        618.1483968158818,
        12.6965044476895,
        -6.935621324055976,
        2712.33676403952,
        563.0941215452712,
        8.125187133346818,
        -7.180913966044676,
        3498.0783976593098,
        554.3424464962275,
        6.19911655257996,
        1.2229112689988855
    ],
    "best_fitness": [
        0,
        0,
        0,
        0,
        0.3662806804347984,
        0.22247656974752797,
        0.5375607048307073,
        0.8130636854636567,
        0.13568853142137804,
        0.008606646989483597,
        0,
        0.1819362706606327,
        0.5016238239705649,
        0,
        0,
        0
    ],
    "mutate_eta": 20,
    "mutate_prob": 0.5,
    "crossover_eta": 15,
    "crossover_prob": 0.5,
    "error_message": null,
    "timestamp": "2024-06-19T15:01:55.148175"
}