{
    "algorithm_desc": "pymoo_algorithm",
    "config_name": "two_way_overtaking",
    "random_seed": 20,
    "evaluation_time": 5.185366,
    "number_of_generations": 100,
    "population_size": 10,
    "num_parents_mating": 2,
    "best_solution": [
        9.67691832197842,
        1104.2898335492769,
        15.00976995469366,
        3.7729475688757406,
        3423.4086780346943,
        687.0201046172036,
        9.83381157995279,
        3.896906730431852,
        3394.7867617082925,
        1100.0961384063962,
        0.28281373397505066,
        1.042777041343676
    ],
    "best_fitness": [
        0,
        0,
        0,
        0,
        0.42496271821297643,
        0.038499655190722196,
        0.20574885288175462,
        0.9018333799302222,
        0.44245813954315183,
        0.01692322535010155,
        0,
        0.12739462985901115,
        0.7238658833557183,
        0,
        0,
        0
    ],
    "mutate_eta": 20,
    "mutate_prob": 0.5,
    "crossover_eta": 15,
    "crossover_prob": 0.5,
    "error_message": null,
    "timestamp": "2024-06-19T15:02:27.133332"
}