{
    "algorithm_desc": "pymoo_algorithm",
    "config_name": "two_way_overtaking",
    "random_seed": 3,
    "evaluation_time": 5.090513,
    "number_of_generations": 100,
    "population_size": 10,
    "num_parents_mating": 2,
    "best_solution": [
        550.7841005298106,
        1029.414950138087,
        0.010119405480754323,
        -19.38533332584829,
        551.7683562462915,
        3394.5238959398666,
        0.5061410762110115,
        3.4914004255790694,
        552.0090951409453,
        1114.1268669802982,
        -6.1327920154986755,
        -17.473663114841624
    ],
    "best_fitness": [
        0.12237932438868059,
        0,
        0,
        0,
        0.5005855766379689,
        0.07210601220127584,
        0,
        0.0036799461589612217,
        0.12214237735178478,
        0.9744214249551314,
        0.6095130119416431,
        0.03562314143829942,
        0,
        0,
        0,
        0
    ],
    "mutate_eta": 20,
    "mutate_prob": 0.5,
    "crossover_eta": 15,
    "crossover_prob": 0.5,
    "error_message": null,
    "timestamp": "2024-06-19T15:00:56.841490"
}