{
    "algorithm_desc": "pymoo_algorithm",
    "config_name": "two_way_overtaking",
    "random_seed": 42,
    "evaluation_time": 5.2476,
    "number_of_generations": 100,
    "population_size": 10,
    "num_parents_mating": 2,
    "best_solution": [
        877.9990087021258,
        557.2003637974145,
        18.159834565136983,
        -0.2830533425057994,
        2764.3739749368087,
        446.16300582369564,
        9.350346608308424,
        -0.052285917568890686,
        3227.2254034643493,
        1938.6183917548635,
        10.445878320711442,
        0.02509096118594653
    ],
    "best_fitness": [
        0,
        0,
        0,
        0,
        0.22333882894666415,
        0.13695049847611465,
        0.436069141958251,
        0.7880422706080561,
        0,
        0,
        0,
        0.013108092913121787,
        0.10508900314546467,
        0,
        0,
        0
    ],
    "mutate_eta": 20,
    "mutate_prob": 0.5,
    "crossover_eta": 15,
    "crossover_prob": 0.5,
    "error_message": null,
    "timestamp": "2024-06-19T15:04:25.774389"
}