{
    "algorithm_desc": "pymoo_algorithm",
    "config_name": "two_way_overtaking",
    "random_seed": 8,
    "evaluation_time": 5.088428,
    "number_of_generations": 100,
    "population_size": 10,
    "num_parents_mating": 2,
    "best_solution": [
        4.054413034954968,
        329.5575196258359,
        -7.089378982357356,
        8.222351353620695,
        2608.1349064957362,
        1541.4071884268565,
        10.847797269899498,
        -0.8647109365640381,
        2500.897625589532,
        551.6051632414249,
        -8.810332969179747,
        0.9022912195862131
    ],
    "best_fitness": [
        0,
        0,
        0,
        0,
        0.16121222925479678,
        0.32775056966631094,
        0,
        0.25102852547785653,
        0.26637784707109363,
        0.647097173338985,
        0.2091944511503688,
        0.13169818713821185,
        0.38595647495989804,
        0,
        0,
        0
    ],
    "mutate_eta": 20,
    "mutate_prob": 0.5,
    "crossover_eta": 15,
    "crossover_prob": 0.5,
    "error_message": null,
    "timestamp": "2024-06-19T15:01:23.422766"
}