{
    "algorithm_desc": "pymoo_algorithm",
    "config_name": "two_way_overtaking",
    "random_seed": 39,
    "evaluation_time": 5.206041,
    "number_of_generations": 100,
    "population_size": 10,
    "num_parents_mating": 2,
    "best_solution": [
        135.3651955526205,
        549.988211933311,
        10.758339929065714,
        -2.048050360028711,
        2093.183330852279,
        534.8073326144306,
        0.390078688093042,
        -1.7383796553040642,
        3405.1456688184667,
        612.378402193802,
        8.182880923244552,
        4.030507300688137
    ],
    "best_fitness": [
        0,
        0,
        0,
        0,
        0.388317702081054,
        0.31212029954819787,
        0.4647834392639487,
        0.917557707183344,
        0.01469657133903153,
        0,
        0,
        0.3671381574700256,
        0.2226783318130806,
        0,
        0,
        0
    ],
    "mutate_eta": 20,
    "mutate_prob": 0.5,
    "crossover_eta": 15,
    "crossover_prob": 0.5,
    "error_message": null,
    "timestamp": "2024-06-19T15:04:09.270034"
}