{
    "algorithm_desc": "pymoo_algorithm",
    "config_name": "two_way_overtaking",
    "random_seed": 32,
    "evaluation_time": 5.283577,
    "number_of_generations": 100,
    "population_size": 10,
    "num_parents_mating": 2,
    "best_solution": [
        586.7319110340569,
        549.2322465282778,
        -5.519682216536151,
        -0.48219752741557714,
        550.5917046368536,
        549.5464993912809,
        10.478618270034952,
        -0.012145902306924014,
        2774.68825929231,
        365.28971036474724,
        -12.556799465680703,
        -0.24705391513589195
    ],
    "best_fitness": [
        0,
        0,
        0,
        0,
        0.07656514326491827,
        0.0012053345663798594,
        0,
        0.0425315630865984,
        0.5169145838079798,
        0,
        0,
        0.9969535605554691,
        0,
        0,
        0,
        0
    ],
    "mutate_eta": 20,
    "mutate_prob": 0.5,
    "crossover_eta": 15,
    "crossover_prob": 0.5,
    "error_message": null,
    "timestamp": "2024-06-19T15:03:31.812045"
}