{
    "algorithm_desc": "pymoo_algorithm",
    "config_name": "two_way_overtaking",
    "random_seed": 26,
    "evaluation_time": 5.000909,
    "number_of_generations": 100,
    "population_size": 10,
    "num_parents_mating": 2,
    "best_solution": [
        710.167651135378,
        524.6613894446997,
        -10.484748189611189,
        -0.1572578630060783,
        554.0121943772418,
        563.1711105789985,
        -0.5345053913369001,
        -5.838668027761067,
        2821.9154523711527,
        638.973220410853,
        -14.981586422370889,
        0.20701435892660255
    ],
    "best_fitness": [
        0,
        0,
        0,
        0,
        0.05526281092111269,
        0.021643441798461976,
        0,
        0.009617873065638728,
        0.47526164267515186,
        0,
        0,
        0.48580467190313964,
        0,
        0,
        0,
        0
    ],
    "mutate_eta": 20,
    "mutate_prob": 0.5,
    "crossover_eta": 15,
    "crossover_prob": 0.5,
    "error_message": null,
    "timestamp": "2024-06-19T15:02:59.931524"
}