{
    "algorithm_desc": "pymoo_algorithm",
    "config_name": "two_way_overtaking",
    "random_seed": 21,
    "evaluation_time": 5.06794,
    "number_of_generations": 100,
    "population_size": 10,
    "num_parents_mating": 2,
    "best_solution": [
        1005.0367570424887,
        24.763571731421845,
        -7.721489414428798,
        0.00017827693783696114,
        2812.0347398518516,
        3386.6063582160755,
        7.4897666354889765,
        -4.555424585284745,
        2773.3859833788365,
        575.506605054813,
        -8.651649342154574,
        -2.523859587763912
    ],
    "best_fitness": [
        0,
        0,
        0,
        0,
        0,
        0.22661061541466304,
        0,
        0.07588723706757058,
        0.5691473573429886,
        0.49405243066206705,
        0.2707693693028612,
        0.4546676574321915,
        0,
        0,
        0,
        0
    ],
    "mutate_eta": 20,
    "mutate_prob": 0.5,
    "crossover_eta": 15,
    "crossover_prob": 0.5,
    "error_message": null,
    "timestamp": "2024-06-19T15:02:32.485431"
}