{
    "algorithm_desc": "pymoo_algorithm",
    "config_name": "two_way_overtaking",
    "random_seed": 41,
    "evaluation_time": 5.227457,
    "number_of_generations": 100,
    "population_size": 10,
    "num_parents_mating": 2,
    "best_solution": [
        602.4697721743192,
        467.2567205310339,
        -6.97294073390429,
        -6.079345965519802,
        467.1916904681943,
        2531.0828009340044,
        -0.7135684147101942,
        -0.19850960224682734,
        513.7872256627945,
        470.2820143755834,
        -1.7986566657439118,
        0.3215072272794336
    ],
    "best_fitness": [
        0.08932348095585947,
        0.1668466684331733,
        0,
        0,
        0.49924236621060575,
        0,
        0.5614984114559045,
        0.713627895150403,
        0.043114111821783256,
        0.6502022675920064,
        0.3170417644449898,
        0.503753220296706,
        0,
        0,
        0,
        0
    ],
    "mutate_eta": 20,
    "mutate_prob": 0.5,
    "crossover_eta": 15,
    "crossover_prob": 0.5,
    "error_message": null,
    "timestamp": "2024-06-19T15:04:20.367308"
}