{
    "algorithm_desc": "pymoo_algorithm",
    "config_name": "two_way_overtaking",
    "random_seed": 1,
    "evaluation_time": 67.793874,
    "number_of_generations": 300,
    "population_size": 20,
    "num_parents_mating": 2,
    "best_solution": [
        33.096928991149724,
        49.16587385762827,
        -1.5323631463924121,
        17.391856311328684,
        522.5908393060812,
        2421.463929807671,
        3.8246966117021968,
        18.50677949618599,
        776.2598964701954,
        942.6047822665133,
        -18.403356017618357,
        7.098158859830435
    ],
    "best_fitness": [
        0.13374922185770993,
        0,
        0,
        0,
        0,
        0,
        0,
        0,
        0.16993917636325054,
        0.06077536571362821,
        0.049320574071862855,
        0.7026820163061072,
        0.13780686453997423,
        0.5570050632966882,
        0,
        7.698869371177738e-05
    ],
    "mutate_eta": 15,
    "mutate_prob": 0.5,
    "crossover_eta": 15,
    "crossover_prob": 0.5,
    "error_message": null,
    "timestamp": "2024-06-19T14:26:49.407885"
}