{
    "algorithm_desc": "pygad_algorithm",
    "config_name": "two_way_overtaking",
    "random_seed": 1,
    "evaluation_time": 15.978868,
    "number_of_generations": 400,
    "population_size": 20,
    "num_parents_mating": 2,
    "best_solution": [
        1269.7347981575329,
        1666.931207022117,
        0.7748059312157274,
        9.51073220385955,
        1431.2382547888683,
        3264.2388787811856,
        1.1534178906592274,
        6.675671375407621,
        514.9150079204596,
        181.80377366119848,
        9.639300744061622,
        20.336627084478884
    ],
    "best_fitness": [
        -0.28128754942017975
    ],
    "mutate_eta": 5,
    "mutate_prob": 0.5,
    "crossover_eta": 20,
    "crossover_prob": 0.8,
    "error_message": null,
    "timestamp": "2024-06-23T01:49:00.603296"
}