{
    "algorithm_desc": "pygad_algorithm",
    "config_name": "two_way_overtaking",
    "random_seed": 1,
    "evaluation_time": 3.483206,
    "number_of_generations": 400,
    "population_size": 5,
    "num_parents_mating": 4,
    "best_solution": [
        1376.8030823753109,
        2455.479296373223,
        5.258204047114255,
        -9.549323168789295,
        2383.3256205297903,
        581.1747663454076,
        3.8452662748073685,
        -6.288043139228781,
        159.93904538079602,
        3388.946473584272,
        12.041610354623636,
        -14.016965375868661
    ],
    "best_fitness": [
        -0.2566761483809049
    ],
    "mutate_eta": 20,
    "mutate_prob": 0.2,
    "crossover_eta": 1,
    "crossover_prob": 0.5,
    "error_message": null,
    "timestamp": "2024-06-23T15:49:28.503671"
}