{
    "algorithm_desc": "pygad_algorithm",
    "config_name": "two_way_overtaking",
    "random_seed": 1,
    "evaluation_time": 208.626895,
    "number_of_generations": 1000,
    "population_size": 100,
    "num_parents_mating": 8,
    "best_solution": [
        1873.2756823750103,
        1990.2890059701178,
        -1.1843987100519904,
        -5.617067649662122,
        772.9966774675344,
        317.9876588311598,
        -0.8104390888946291,
        -3.4104581692793587,
        2935.5494597987017,
        3200.62992246592,
        -18.95634743518234,
        -12.789618735644055
    ],
    "best_fitness": [
        -0.48810093827296486
    ],
    "mutate_eta": 5,
    "mutate_prob": 0.8,
    "crossover_eta": 10,
    "crossover_prob": 0.2,
    "error_message": null,
    "timestamp": "2024-06-22T16:18:32.638534"
}