{
    "algorithm_desc": "pygad_algorithm",
    "config_name": "two_way_overtaking",
    "random_seed": 1,
    "evaluation_time": 206.624351,
    "number_of_generations": 2000,
    "population_size": 50,
    "num_parents_mating": 4,
    "best_solution": [
        1972.889301387003,
        2157.5771529340063,
        -14.64824565296947,
        15.663242165166892,
        811.1804338716826,
        3156.853762019791,
        -13.534434413792358,
        14.90434163048829,
        2896.327094292019,
        545.7760279450561,
        -18.687396993129642,
        20.007597235870392
    ],
    "best_fitness": [
        -0.2126246671711536
    ],
    "mutate_eta": 15,
    "mutate_prob": 0.8,
    "crossover_eta": 10,
    "crossover_prob": 0.5,
    "error_message": null,
    "timestamp": "2024-06-20T16:47:41.082530"
}