{
    "algorithm_desc": "pygad_algorithm",
    "config_name": "two_way_overtaking",
    "random_seed": 1,
    "evaluation_time": 42.714029,
    "number_of_generations": 400,
    "population_size": 50,
    "num_parents_mating": 10,
    "best_solution": [
        1998.711271288576,
        1465.9289560086465,
        -7.767879426760384,
        -7.774739870993756,
        1366.7710775995026,
        81.74142295680336,
        -5.178107953995077,
        -0.46650043342921066,
        3156.6146924073755,
        2751.0176778683876,
        -6.7100290713985515,
        -15.033296349056542
    ],
    "best_fitness": [
        -0.6040483960439473
    ],
    "mutate_eta": 1,
    "mutate_prob": 0.8,
    "crossover_eta": 10,
    "crossover_prob": 1,
    "error_message": null,
    "timestamp": "2024-06-23T10:39:15.451644"
}