{
    "algorithm_desc": "pygad_algorithm",
    "config_name": "two_way_overtaking",
    "random_seed": 1,
    "evaluation_time": 74.890046,
    "number_of_generations": 400,
    "population_size": 100,
    "num_parents_mating": 2,
    "best_solution": [
        1572.8512051713633,
        2065.094480246521,
        -8.497250015284047,
        -17.79871289850705,
        803.6399096276191,
        414.1125814781944,
        -6.467934775536049,
        -13.893518836884436,
        2695.8744214119897,
        3495.7308337444456,
        -10.477027061425282,
        -20.00651188670925
    ],
    "best_fitness": [
        -0.057604053495251675
    ],
    "mutate_eta": 1,
    "mutate_prob": 0.2,
    "crossover_eta": 5,
    "crossover_prob": 1,
    "error_message": null,
    "timestamp": "2024-06-22T07:17:44.426246"
}