{
    "algorithm_desc": "pygad_algorithm",
    "config_name": "two_way_overtaking",
    "random_seed": 1,
    "evaluation_time": 7.292092,
    "number_of_generations": 200,
    "population_size": 20,
    "num_parents_mating": 2,
    "best_solution": [
        1463.137598849663,
        1648.2169882059266,
        -11.069099688601268,
        -9.511381944033765,
        55.37434996294699,
        426.4803242170247,
        -9.039576578161292,
        -7.924346385289107,
        3197.9785187707043,
        2361.029666430347,
        -12.733284116478423,
        -10.103879102310293
    ],
    "best_fitness": [
        -0.085178701043416
    ],
    "mutate_eta": 10,
    "mutate_prob": 0.2,
    "crossover_eta": 1,
    "crossover_prob": 1,
    "error_message": null,
    "timestamp": "2024-06-21T13:08:07.619896"
}