{
    "algorithm_desc": "pygad_algorithm",
    "config_name": "two_way_overtaking",
    "random_seed": 1,
    "evaluation_time": 21.858128,
    "number_of_generations": 50,
    "population_size": 200,
    "num_parents_mating": 8,
    "best_solution": [
        2424.679215292396,
        1712.6760053735616,
        7.959748843792351,
        19.074223567755517,
        3398.672371089232,
        3332.28174646962,
        -16.652083591743327,
        12.85918573098973,
        1529.0234583836766,
        410.7359769045622,
        17.403079888306678,
        19.799128231160353
    ],
    "best_fitness": [
        -0.9166785734330514
    ],
    "mutate_eta": 20,
    "mutate_prob": 0.8,
    "crossover_eta": 15,
    "crossover_prob": 1,
    "error_message": null,
    "timestamp": "2024-06-22T20:36:25.667435"
}