{
    "algorithm_desc": "pygad_algorithm",
    "config_name": "two_way_overtaking",
    "random_seed": 1,
    "evaluation_time": 796.695713,
    "number_of_generations": 2000,
    "population_size": 200,
    "num_parents_mating": 2,
    "best_solution": [
        1373.312255722239,
        1724.2894776312758,
        9.348988555632118,
        -10.842114403007626,
        2631.944359170976,
        342.86947549095595,
        4.679811946179068,
        -5.025777479191664,
        188.68884373381738,
        3079.8636499474214,
        10.656939217047523,
        -12.542178333515198
    ],
    "best_fitness": [
        -0.0081692302152243
    ],
    "mutate_eta": 15,
    "mutate_prob": 0.5,
    "crossover_eta": 10,
    "crossover_prob": 0.5,
    "error_message": null,
    "timestamp": "2024-06-21T07:01:40.455653"
}