{
    "algorithm_desc": "pygad_algorithm",
    "config_name": "two_way_overtaking",
    "random_seed": 1,
    "evaluation_time": 42.477704,
    "number_of_generations": 200,
    "population_size": 100,
    "num_parents_mating": 10,
    "best_solution": [
        1772.1466959214804,
        2976.8758690869668,
        -13.37984658777421,
        -4.107083288422906,
        456.1852484033003,
        2016.5562761416434,
        -2.2739098282927195,
        0.40715030425213783,
        3305.8320683196343,
        2803.552738227639,
        -19.8742698167423,
        -1.6964110291184582
    ],
    "best_fitness": [
        -0.5153316906711024
    ],
    "mutate_eta": 5,
    "mutate_prob": 0.8,
    "crossover_eta": 20,
    "crossover_prob": 0.5,
    "error_message": null,
    "timestamp": "2024-06-22T05:26:10.911522"
}