{
    "algorithm_desc": "pygad_algorithm",
    "config_name": "two_way_overtaking",
    "random_seed": 1,
    "evaluation_time": 215.893249,
    "number_of_generations": 1000,
    "population_size": 100,
    "num_parents_mating": 8,
    "best_solution": [
        1497.1655919908792,
        1782.6947559382738,
        14.336551944117566,
        9.40936804891869,
        3336.4962350316127,
        3433.4105135729906,
        5.63928394928098,
        5.064882420519332,
        597.8804922723099,
        1149.4746629573056,
        16.399947511727902,
        16.2540792375273
    ],
    "best_fitness": [
        -0.5512215942771623
    ],
    "mutate_eta": 5,
    "mutate_prob": 1,
    "crossover_eta": 10,
    "crossover_prob": 0.8,
    "error_message": null,
    "timestamp": "2024-06-21T17:41:46.603643"
}