{
    "algorithm_desc": "pygad_algorithm",
    "config_name": "two_way_overtaking",
    "random_seed": 1,
    "evaluation_time": 2.103857,
    "number_of_generations": 100,
    "population_size": 10,
    "num_parents_mating": 8,
    "best_solution": [
        1400.4393882249685,
        2690.183004294886,
        -8.439607888498992,
        1.7933026021422904,
        333.1509470884254,
        1275.4787663754355,
        -1.7661291256473106,
        10.337597528562753,
        2681.636134641096,
        3092.9711476053767,
        -15.00634862100463,
        -17.877673841860023
    ],
    "best_fitness": [
        -1.199194580774687
    ],
    "mutate_eta": 10,
    "mutate_prob": 0.8,
    "crossover_eta": 1,
    "crossover_prob": 0.2,
    "error_message": null,
    "timestamp": "2024-06-21T13:12:56.293929"
}