{
    "algorithm_desc": "pygad_algorithm",
    "config_name": "two_way_overtaking",
    "random_seed": 1,
    "evaluation_time": 5.407771,
    "number_of_generations": 50,
    "population_size": 50,
    "num_parents_mating": 10,
    "best_solution": [
        680.1040304866797,
        2674.7728751824075,
        -7.815660275961456,
        -6.32970244478757,
        419.6091597677684,
        1523.500173179204,
        -4.837305912621426,
        -0.6880499524338504,
        2960.705275729653,
        3148.8699082166145,
        -18.610896858926143,
        -0.48199345138030125
    ],
    "best_fitness": [
        -0.9396799572964152
    ],
    "mutate_eta": 5,
    "mutate_prob": 0.8,
    "crossover_eta": 10,
    "crossover_prob": 0.8,
    "error_message": null,
    "timestamp": "2024-06-21T01:40:28.944160"
}