{
    "algorithm_desc": "pygad_algorithm",
    "config_name": "two_way_overtaking",
    "random_seed": 1,
    "evaluation_time": 848.584951,
    "number_of_generations": 2000,
    "population_size": 200,
    "num_parents_mating": 4,
    "best_solution": [
        1734.8498968619936,
        2251.8874525505216,
        -12.527067129931783,
        5.006651308534053,
        483.40982838381797,
        3373.640919864835,
        -10.76461996669646,
        5.305243815590622,
        3499.261602382017,
        1058.0966176055467,
        -20.37993369736016,
        11.441623729320987
    ],
    "best_fitness": [
        -0.44302659291744234
    ],
    "mutate_eta": 15,
    "mutate_prob": 1,
    "crossover_eta": 10,
    "crossover_prob": 0.2,
    "error_message": null,
    "timestamp": "2024-06-21T05:19:25.614103"
}