{
    "algorithm_desc": "pygad_algorithm",
    "config_name": "two_way_overtaking",
    "random_seed": 1,
    "evaluation_time": 38.169523,
    "number_of_generations": 2000,
    "population_size": 10,
    "num_parents_mating": 2,
    "best_solution": [
        1984.4764372352518,
        2146.612513058954,
        -5.9822610782039725,
        -15.20421813530831,
        643.891927078088,
        746.6618228865797,
        -1.413110584920286,
        -11.046951791849443,
        3134.3969759297343,
        3451.796376344814,
        -9.350971303218426,
        -17.95233789863309
    ],
    "best_fitness": [
        -0.307690000024909
    ],
    "mutate_eta": 20,
    "mutate_prob": 0.5,
    "crossover_eta": 1,
    "crossover_prob": 0.5,
    "error_message": null,
    "timestamp": "2024-06-21T05:11:10.325279"
}