{
    "algorithm_desc": "pygad_algorithm",
    "config_name": "two_way_overtaking",
    "random_seed": 1,
    "evaluation_time": 17.894916,
    "number_of_generations": 100,
    "population_size": 100,
    "num_parents_mating": 2,
    "best_solution": [
        2562.712999191761,
        1808.7112671994676,
        -1.7724802781631048,
        3.4492170669973774,
        1746.9151362058305,
        3468.824702353968,
        -0.5321417747252326,
        1.2101171330498985,
        3414.4777539579673,
        186.56709894215373,
        -2.8922228093862756,
        5.312682425095382
    ],
    "best_fitness": [
        -0.01334394082304264
    ],
    "mutate_eta": 10,
    "mutate_prob": 0.2,
    "crossover_eta": 10,
    "crossover_prob": 0.2,
    "error_message": null,
    "timestamp": "2024-06-22T02:10:39.254741"
}