{
    "algorithm_desc": "pygad_algorithm",
    "config_name": "two_way_overtaking",
    "random_seed": 1,
    "evaluation_time": 200.81849,
    "number_of_generations": 2000,
    "population_size": 50,
    "num_parents_mating": 10,
    "best_solution": [
        2064.884844275587,
        1653.8875049932703,
        -6.648731167603666,
        10.523737958452724,
        1014.4740408891586,
        3104.481361515813,
        -4.642838189156146,
        7.586976127063856,
        3251.4453151607468,
        169.79009808402984,
        -15.15415338498638,
        19.24062904500658
    ],
    "best_fitness": [
        -0.06026659662603675
    ],
    "mutate_eta": 15,
    "mutate_prob": 0.5,
    "crossover_eta": 20,
    "crossover_prob": 0.2,
    "error_message": null,
    "timestamp": "2024-06-22T12:38:42.536465"
}