{
    "algorithm_desc": "pygad_algorithm",
    "config_name": "two_way_overtaking",
    "random_seed": 1,
    "evaluation_time": 30.136737,
    "number_of_generations": 100,
    "population_size": 150,
    "num_parents_mating": 4,
    "best_solution": [
        1492.8069563209608,
        2359.0636302993535,
        14.79957380410734,
        14.501048618692302,
        3136.433259188119,
        3240.1422915393255,
        9.348911989918243,
        5.994817117044018,
        340.8378741182076,
        1148.938355076082,
        19.88939424010939,
        18.43307707701743
    ],
    "best_fitness": [
        -0.19950564696878026
    ],
    "mutate_eta": 10,
    "mutate_prob": 0.5,
    "crossover_eta": 10,
    "crossover_prob": 0.2,
    "error_message": null,
    "timestamp": "2024-06-22T09:44:43.689543"
}