{
    "algorithm_desc": "pygad_algorithm",
    "config_name": "two_way_overtaking",
    "random_seed": 1,
    "evaluation_time": 3.875062,
    "number_of_generations": 400,
    "population_size": 5,
    "num_parents_mating": 4,
    "best_solution": [
        2349.3457224436706,
        1946.2734509269333,
        -15.726353543890465,
        -8.930926651185295,
        1036.170456319246,
        991.9248710677916,
        -7.5872109842813735,
        -5.5685142802155365,
        844.7011569008657,
        3041.5604944693364,
        3.535557090705815,
        -19.66956459317183
    ],
    "best_fitness": [
        -0.6828653849885247
    ],
    "mutate_eta": 15,
    "mutate_prob": 0.8,
    "crossover_eta": 20,
    "crossover_prob": 1,
    "error_message": null,
    "timestamp": "2024-06-23T05:08:15.254225"
}