{
    "algorithm_desc": "pygad_algorithm",
    "config_name": "two_way_overtaking",
    "random_seed": 1,
    "evaluation_time": 820.035143,
    "number_of_generations": 2000,
    "population_size": 200,
    "num_parents_mating": 2,
    "best_solution": [
        1469.7394315663753,
        1714.439461139802,
        4.896370679322672,
        4.959245030625905,
        2714.9863664330774,
        3019.229140554524,
        2.574892610566412,
        2.461214638584874,
        133.7819020251026,
        389.7984433522198,
        18.08024791704397,
        19.437864083387375
    ],
    "best_fitness": [
        -0.014445161267339529
    ],
    "mutate_eta": 10,
    "mutate_prob": 0.5,
    "crossover_eta": 1,
    "crossover_prob": 1,
    "error_message": null,
    "timestamp": "2024-06-22T10:47:11.177325"
}