{
    "algorithm_desc": "pygad_algorithm",
    "config_name": "two_way_overtaking",
    "random_seed": 1,
    "evaluation_time": 21.27921,
    "number_of_generations": 200,
    "population_size": 50,
    "num_parents_mating": 4,
    "best_solution": [
        3334.401647355342,
        1657.3122517209229,
        -0.8277195989164383,
        -19.28241193705938,
        3380.2769007511724,
        936.687498425148,
        -0.30044110617903996,
        -5.411629616165579,
        1402.8890879595986,
        1563.9797271299428,
        10.558580616548959,
        -18.53482940117391
    ],
    "best_fitness": [
        -0.8245659222601116
    ],
    "mutate_eta": 1,
    "mutate_prob": 0.8,
    "crossover_eta": 15,
    "crossover_prob": 0.5,
    "error_message": null,
    "timestamp": "2024-06-21T12:44:42.968426"
}