{
    "algorithm_desc": "pygad_algorithm",
    "config_name": "two_way_overtaking",
    "random_seed": 1,
    "evaluation_time": 18.743974,
    "number_of_generations": 100,
    "population_size": 100,
    "num_parents_mating": 2,
    "best_solution": [
        1433.0055648883617,
        2529.283347308516,
        -8.497250015284047,
        -17.981233324435173,
        1269.706705187174,
        649.0006323375397,
        0.0,
        -0.5644635496882948,
        2770.2125143336084,
        3493.4550984664884,
        -10.477027061425282,
        -18.960801276635102
    ],
    "best_fitness": [
        -0.29398818834753676
    ],
    "mutate_eta": 20,
    "mutate_prob": 0.2,
    "crossover_eta": 1,
    "crossover_prob": 1,
    "error_message": null,
    "timestamp": "2024-06-21T17:45:26.982819"
}