{
    "algorithm_desc": "pygad_algorithm",
    "config_name": "two_way_overtaking",
    "random_seed": 1,
    "evaluation_time": 82.229177,
    "number_of_generations": 2000,
    "population_size": 20,
    "num_parents_mating": 4,
    "best_solution": [
        190.63788959235512,
        459.3699631015075,
        -15.35576095084604,
        6.82547284943216,
        4.717889934741926,
        1134.5839281532046,
        -14.863349099246586,
        2.756642487734549,
        1846.2635489975178,
        78.88778963154796,
        -18.64930178884989,
        8.442322010330194
    ],
    "best_fitness": [
        -0.722565444247748
    ],
    "mutate_eta": 15,
    "mutate_prob": 1,
    "crossover_eta": 1,
    "crossover_prob": 0.2,
    "error_message": null,
    "timestamp": "2024-06-21T02:10:09.726307"
}