{
    "algorithm_desc": "pygad_algorithm",
    "config_name": "two_way_overtaking",
    "random_seed": 1,
    "evaluation_time": 20.590667,
    "number_of_generations": 100,
    "population_size": 100,
    "num_parents_mating": 4,
    "best_solution": [
        1422.7933119792865,
        1797.3350072368771,
        -1.2403598452067648,
        -4.879754129369502,
        908.1316625288205,
        39.160911606265444,
        -0.20451604263685397,
        -1.3339489200841932,
        2189.7532379909157,
        3420.5777152701744,
        -4.668239315558578,
        -19.361185352691965
    ],
    "best_fitness": [
        -0.12008198658722812
    ],
    "mutate_eta": 20,
    "mutate_prob": 0.5,
    "crossover_eta": 10,
    "crossover_prob": 1,
    "error_message": null,
    "timestamp": "2024-06-21T00:47:22.376119"
}