{
    "algorithm_desc": "pygad_algorithm",
    "config_name": "two_way_overtaking",
    "random_seed": 1,
    "evaluation_time": 613.962626,
    "number_of_generations": 2000,
    "population_size": 150,
    "num_parents_mating": 8,
    "best_solution": [
        1110.2642472380164,
        1591.633995991218,
        -1.3558867846819247,
        3.3912944714269315,
        413.9984600014189,
        3247.7362132751073,
        -0.3706311365312409,
        0.8931055747838954,
        1801.5687527029927,
        49.168161366134115,
        -6.874535131535486,
        12.970737997961706
    ],
    "best_fitness": [
        -0.05045062899813002
    ],
    "mutate_eta": 5,
    "mutate_prob": 0.5,
    "crossover_eta": 15,
    "crossover_prob": 0.8,
    "error_message": null,
    "timestamp": "2024-06-21T23:40:08.961397"
}