{
    "algorithm_desc": "pygad_algorithm",
    "config_name": "two_way_overtaking",
    "random_seed": 1,
    "evaluation_time": 15.451798,
    "number_of_generations": 50,
    "population_size": 150,
    "num_parents_mating": 10,
    "best_solution": [
        1879.3984673363693,
        2003.0613661899051,
        10.216319119343705,
        16.481902320359183,
        3436.7191510498233,
        3018.721739128146,
        2.6114083503671672,
        2.084833263779128,
        668.5506473846077,
        682.0496326507146,
        20.480363392957756,
        19.63577600133273
    ],
    "best_fitness": [
        -0.30859431444033064
    ],
    "mutate_eta": 15,
    "mutate_prob": 0.5,
    "crossover_eta": 15,
    "crossover_prob": 1,
    "error_message": null,
    "timestamp": "2024-06-20T19:58:07.011450"
}