{
    "algorithm_desc": "pygad_algorithm",
    "config_name": "two_way_overtaking",
    "random_seed": 1,
    "evaluation_time": 74.324455,
    "number_of_generations": 400,
    "population_size": 100,
    "num_parents_mating": 10,
    "best_solution": [
        1760.4671971219689,
        2475.817380603526,
        5.855488063227156,
        0.0,
        3488.6747740766577,
        2476.5070921001775,
        4.0788957710613225,
        0.0,
        1.6118620573664089,
        2469.3795740970045,
        19.675884121586783,
        -0.7331444332760455
    ],
    "best_fitness": [
        -0.029733157116436124
    ],
    "mutate_eta": 1,
    "mutate_prob": 0.2,
    "crossover_eta": 5,
    "crossover_prob": 0.2,
    "error_message": null,
    "timestamp": "2024-06-22T20:11:27.995300"
}