{
    "algorithm_desc": "pygad_algorithm",
    "config_name": "two_way_overtaking",
    "random_seed": 1,
    "evaluation_time": 423.745652,
    "number_of_generations": 1000,
    "population_size": 200,
    "num_parents_mating": 4,
    "best_solution": [
        2089.671285503327,
        1720.0906747465285,
        11.389220330665392,
        17.120835954414993,
        3378.3924483038786,
        3162.101099433739,
        9.31762821590701,
        7.408600940679602,
        269.80862762615084,
        1188.063148972376,
        17.855415209132644,
        16.540472948877856
    ],
    "best_fitness": [
        -0.4322039012791081
    ],
    "mutate_eta": 10,
    "mutate_prob": 0.8,
    "crossover_eta": 15,
    "crossover_prob": 0.5,
    "error_message": null,
    "timestamp": "2024-06-22T04:33:49.662966"
}