{
    "algorithm_desc": "pygad_algorithm",
    "config_name": "two_way_overtaking",
    "random_seed": 1,
    "evaluation_time": 22.331261,
    "number_of_generations": 50,
    "population_size": 200,
    "num_parents_mating": 10,
    "best_solution": [
        1475.3270737208768,
        1154.0154997862428,
        10.058160164045884,
        -13.377831031586467,
        3018.113921167657,
        898.8165441140032,
        7.553286181864426,
        -9.857301200923192,
        606.4708765550859,
        2352.5612178045676,
        8.975605100985927,
        -17.831785493741236
    ],
    "best_fitness": [
        -0.7415415266972247
    ],
    "mutate_eta": 1,
    "mutate_prob": 0.8,
    "crossover_eta": 5,
    "crossover_prob": 0.8,
    "error_message": null,
    "timestamp": "2024-06-23T19:45:54.931573"
}