{
    "algorithm_desc": "pygad_algorithm",
    "config_name": "two_way_overtaking",
    "random_seed": 1,
    "evaluation_time": 374.261375,
    "number_of_generations": 2000,
    "population_size": 100,
    "num_parents_mating": 8,
    "best_solution": [
        1795.806445404003,
        3299.8316455372214,
        9.241757841426072,
        0.0,
        3498.959041005571,
        3299.8316455372214,
        2.8176232168516826,
        0.0,
        4.57577783978258,
        3299.8316455372214,
        17.11372529741851,
        0.4401601600297056
    ],
    "best_fitness": [
        -0.02688895012642357
    ],
    "mutate_eta": 10,
    "mutate_prob": 0.2,
    "crossover_eta": 5,
    "crossover_prob": 0.8,
    "error_message": null,
    "timestamp": "2024-06-21T07:44:20.771957"
}