{
    "algorithm_desc": "pygad_algorithm",
    "config_name": "two_way_overtaking",
    "random_seed": 1,
    "evaluation_time": 845.538033,
    "number_of_generations": 2000,
    "population_size": 200,
    "num_parents_mating": 4,
    "best_solution": [
        1755.4725444563492,
        1781.1593639906146,
        -16.823871882198254,
        12.106788415681741,
        572.4583881658314,
        3074.9916235187757,
        -2.8480887981064598,
        3.296041200963291,
        2925.9319810424536,
        353.9101422035066,
        -18.72879016743872,
        18.254471440468052
    ],
    "best_fitness": [
        -0.22017305735315876
    ],
    "mutate_eta": 20,
    "mutate_prob": 0.8,
    "crossover_eta": 20,
    "crossover_prob": 0.5,
    "error_message": null,
    "timestamp": "2024-06-23T10:21:02.005975"
}