{
    "algorithm_desc": "pygad_algorithm",
    "config_name": "two_way_overtaking",
    "random_seed": 1,
    "evaluation_time": 4.308763,
    "number_of_generations": 100,
    "population_size": 20,
    "num_parents_mating": 2,
    "best_solution": [
        2868.608121845466,
        3295.9582251568895,
        13.902395702779451,
        -13.621691130343326,
        3293.126862295187,
        1129.5368223094772,
        14.997290278015008,
        -1.19145802427823,
        972.0940905918845,
        2490.6483838505774,
        16.439917862108878,
        -6.944184922415499
    ],
    "best_fitness": [
        -1.0485818946625853
    ],
    "mutate_eta": 1,
    "mutate_prob": 1,
    "crossover_eta": 5,
    "crossover_prob": 0.5,
    "error_message": null,
    "timestamp": "2024-06-23T19:44:18.365441"
}