{
    "algorithm_desc": "pygad_algorithm",
    "config_name": "two_way_overtaking",
    "random_seed": 1,
    "evaluation_time": 10.402921,
    "number_of_generations": 50,
    "population_size": 100,
    "num_parents_mating": 8,
    "best_solution": [
        2078.3343809655457,
        2192.2261559401436,
        -14.018195739573091,
        -19.46025427271493,
        251.50761149673062,
        1163.4140183560526,
        -0.7286988757141764,
        -0.7903105457131794,
        3036.2618951402756,
        2653.580565903303,
        -14.563756569449076,
        -19.639362353879598
    ],
    "best_fitness": [
        -0.5625586763922545
    ],
    "mutate_eta": 10,
    "mutate_prob": 0.5,
    "crossover_eta": 1,
    "crossover_prob": 1,
    "error_message": null,
    "timestamp": "2024-06-22T13:22:33.754234"
}