{
    "algorithm_desc": "pygad_algorithm",
    "config_name": "two_way_overtaking",
    "random_seed": 1,
    "evaluation_time": 150.89937,
    "number_of_generations": 400,
    "population_size": 200,
    "num_parents_mating": 4,
    "best_solution": [
        3342.540505824167,
        1710.6640895014684,
        0.05923804794618803,
        2.354953241508589,
        3342.015753785711,
        3499.5975220137316,
        0.0,
        0.9304161214815565,
        3299.8316455372214,
        3.059902959241523,
        -0.35273751532328745,
        14.569019725229765
    ],
    "best_fitness": [
        -0.026333750151830836
    ],
    "mutate_eta": 5,
    "mutate_prob": 0.2,
    "crossover_eta": 5,
    "crossover_prob": 1,
    "error_message": null,
    "timestamp": "2024-06-22T08:58:34.746383"
}