{
    "algorithm_desc": "pygad_algorithm",
    "config_name": "two_way_overtaking",
    "random_seed": 1,
    "evaluation_time": 80.664484,
    "number_of_generations": 2000,
    "population_size": 20,
    "num_parents_mating": 4,
    "best_solution": [
        1555.44884858405,
        2025.863031948514,
        -11.02705826685709,
        6.793921402534767,
        111.5436022080064,
        3024.3430160072985,
        -2.8657016018339583,
        1.1794353814578216,
        2285.680424938247,
        288.88439341025554,
        -15.805711531045652,
        13.919143312109199
    ],
    "best_fitness": [
        -0.25953193376750977
    ],
    "mutate_eta": 15,
    "mutate_prob": 0.5,
    "crossover_eta": 5,
    "crossover_prob": 1,
    "error_message": null,
    "timestamp": "2024-06-22T07:24:20.078229"
}