{
    "algorithm_desc": "pygad_algorithm",
    "config_name": "two_way_overtaking",
    "random_seed": 1,
    "evaluation_time": 202.48858,
    "number_of_generations": 2000,
    "population_size": 50,
    "num_parents_mating": 2,
    "best_solution": [
        1381.8530744549764,
        1467.7688475374089,
        17.985155919136865,
        10.084388069585998,
        3158.544442682328,
        2055.027794898869,
        5.817860447043049,
        3.021467038581253,
        556.7262952778564,
        606.6664973904067,
        18.40504010057161,
        16.424464464365826
    ],
    "best_fitness": [
        -0.4716851137820679
    ],
    "mutate_eta": 15,
    "mutate_prob": 0.8,
    "crossover_eta": 5,
    "crossover_prob": 0.2,
    "error_message": null,
    "timestamp": "2024-06-22T19:36:13.599928"
}