{
    "algorithm_desc": "pygad_algorithm",
    "config_name": "two_way_overtaking",
    "random_seed": 1,
    "evaluation_time": 102.062747,
    "number_of_generations": 1000,
    "population_size": 50,
    "num_parents_mating": 10,
    "best_solution": [
        1640.8412368517302,
        1910.8676849050394,
        -9.90259168464988,
        -15.388842688768278,
        1044.7576216885832,
        503.0166209378767,
        -4.676581037622844,
        -6.351526065394465,
        2606.1243562531267,
        3203.845186036128,
        -13.105048700469201,
        -18.96193483500666
    ],
    "best_fitness": [
        -0.21472068183733256
    ],
    "mutate_eta": 15,
    "mutate_prob": 0.5,
    "crossover_eta": 5,
    "crossover_prob": 0.5,
    "error_message": null,
    "timestamp": "2024-06-20T14:50:04.106991"
}