{
    "algorithm_desc": "pygad_algorithm",
    "config_name": "two_way_overtaking",
    "random_seed": 1,
    "evaluation_time": 9.278563,
    "number_of_generations": 50,
    "population_size": 100,
    "num_parents_mating": 4,
    "best_solution": [
        3299.8316455372214,
        1699.1640990018311,
        0.0,
        15.483255081499998,
        3299.8316455372214,
        3401.4602354292515,
        0.0,
        14.5621036840379,
        3299.8316455372214,
        35.37681410028332,
        0.27934600886646876,
        20.28965286630318
    ],
    "best_fitness": [
        -0.060214418933680125
    ],
    "mutate_eta": 15,
    "mutate_prob": 0.2,
    "crossover_eta": 10,
    "crossover_prob": 0.2,
    "error_message": null,
    "timestamp": "2024-06-22T23:28:32.259374"
}