{
    "algorithm_desc": "pygad_algorithm",
    "config_name": "two_way_overtaking",
    "random_seed": 1,
    "evaluation_time": 16.46458,
    "number_of_generations": 400,
    "population_size": 20,
    "num_parents_mating": 10,
    "best_solution": [
        1330.9228073852778,
        1883.2659856332648,
        1.3219280247865086,
        -14.010423208839578,
        586.158569678227,
        211.3732750556027,
        2.0397534564488353,
        -12.702310208044238,
        2715.7444123340547,
        2702.5754862038084,
        -11.670905049733566,
        -14.534301950953239
    ],
    "best_fitness": [
        -0.6181133552245002
    ],
    "mutate_eta": 20,
    "mutate_prob": 0.5,
    "crossover_eta": 15,
    "crossover_prob": 0.5,
    "error_message": null,
    "timestamp": "2024-06-23T18:34:59.028689"
}