{
    "algorithm_desc": "pygad_algorithm",
    "config_name": "two_way_overtaking",
    "random_seed": 1,
    "evaluation_time": 103.542833,
    "number_of_generations": 1000,
    "population_size": 50,
    "num_parents_mating": 2,
    "best_solution": [
        951.8854292385527,
        2295.325019742455,
        4.861272310939018,
        -8.244923040169416,
        2171.5373039760943,
        321.5428424881104,
        0.4352083793277046,
        -0.6309920694488582,
        1110.874890572233,
        3376.7581287427306,
        1.149876019435947,
        -13.742535077004444
    ],
    "best_fitness": [
        -0.5775174198859037
    ],
    "mutate_eta": 1,
    "mutate_prob": 0.8,
    "crossover_eta": 15,
    "crossover_prob": 0.8,
    "error_message": null,
    "timestamp": "2024-06-21T07:26:32.928058"
}