{
    "algorithm_desc": "pygad_algorithm",
    "config_name": "two_way_overtaking",
    "random_seed": 1,
    "evaluation_time": 10.932125,
    "number_of_generations": 50,
    "population_size": 100,
    "num_parents_mating": 2,
    "best_solution": [
        3361.528328611313,
        877.7624760852214,
        -12.573785941791485,
        -12.738906460908723,
        1300.8258497776026,
        551.1288333799234,
        0.030520166402595805,
        -14.928230318701171,
        3122.727574011659,
        2778.453682200359,
        -11.9305912481757,
        -19.401569797417
    ],
    "best_fitness": [
        -0.756172076060017
    ],
    "mutate_eta": 20,
    "mutate_prob": 1,
    "crossover_eta": 1,
    "crossover_prob": 0.5,
    "error_message": null,
    "timestamp": "2024-06-21T12:02:58.411534"
}