{
    "algorithm_desc": "pygad_algorithm",
    "config_name": "two_way_overtaking",
    "random_seed": 1,
    "evaluation_time": 0.980558,
    "number_of_generations": 100,
    "population_size": 5,
    "num_parents_mating": 4,
    "best_solution": [
        1196.856952418414,
        2167.7981853653005,
        4.246413985862823,
        15.527989121200491,
        2239.796537206214,
        2949.337029082614,
        -16.272462203617046,
        13.490931134610214,
        881.9666173875847,
        832.7121594767656,
        9.024619891453142,
        20.57267596607241
    ],
    "best_fitness": [
        -0.999467984855605
    ],
    "mutate_eta": 20,
    "mutate_prob": 0.5,
    "crossover_eta": 5,
    "crossover_prob": 0.2,
    "error_message": null,
    "timestamp": "2024-06-21T16:36:44.904117"
}