{
    "algorithm_desc": "pygad_algorithm",
    "config_name": "two_way_overtaking",
    "random_seed": 1,
    "evaluation_time": 167.192635,
    "number_of_generations": 400,
    "population_size": 200,
    "num_parents_mating": 4,
    "best_solution": [
        1187.8896730769889,
        1120.7851944174643,
        -0.4438576531538878,
        14.846895002081148,
        724.8427860555415,
        2712.9805136425302,
        -1.2895196788873982,
        7.827942161377763,
        2526.1854435045143,
        71.12188644737283,
        -12.692642091307459,
        16.261703952128677
    ],
    "best_fitness": [
        -0.5335025289049482
    ],
    "mutate_eta": 1,
    "mutate_prob": 0.8,
    "crossover_eta": 15,
    "crossover_prob": 0.2,
    "error_message": null,
    "timestamp": "2024-06-21T06:08:08.624447"
}