{
    "algorithm_desc": "pygad_algorithm",
    "config_name": "two_way_overtaking",
    "random_seed": 1,
    "evaluation_time": 76.237488,
    "number_of_generations": 2000,
    "population_size": 20,
    "num_parents_mating": 10,
    "best_solution": [
        1256.573617983976,
        1147.8622757890096,
        11.928018289133696,
        -11.764129753184235,
        2793.005953965924,
        113.29538480039253,
        2.32143822578621,
        -2.3060000984433664,
        17.871761115818007,
        2553.7522124262523,
        20.08096675315811,
        -20.157720812065765
    ],
    "best_fitness": [
        -0.09811684705039947
    ],
    "mutate_eta": 1,
    "mutate_prob": 0.2,
    "crossover_eta": 5,
    "crossover_prob": 1,
    "error_message": null,
    "timestamp": "2024-06-23T10:39:58.321192"
}