{
    "algorithm_desc": "pygad_algorithm",
    "config_name": "two_way_overtaking",
    "random_seed": 1,
    "evaluation_time": 5.48257,
    "number_of_generations": 2000,
    "population_size": 2,
    "num_parents_mating": 2,
    "best_solution": [
        1997.0540720730933,
        1244.0435354446597,
        11.960501658577328,
        2.9469041681124892,
        3353.49035969884,
        2376.7409279790036,
        2.4921864335552826,
        0.01723945893164469,
        1208.3910237752189,
        2762.9147115821543,
        19.655335638326058,
        -17.665236339688928
    ],
    "best_fitness": [
        -0.6749680889419731
    ],
    "mutate_eta": 5,
    "mutate_prob": 0.5,
    "crossover_eta": 20,
    "crossover_prob": 0.5,
    "error_message": null,
    "timestamp": "2024-06-21T01:19:06.921062"
}