{
    "algorithm_desc": "pygad_algorithm",
    "config_name": "two_way_overtaking",
    "random_seed": 1,
    "evaluation_time": 164.177686,
    "number_of_generations": 400,
    "population_size": 200,
    "num_parents_mating": 4,
    "best_solution": [
        1717.6004812251401,
        2183.491235600883,
        -12.441911469905628,
        11.538343931956504,
        436.3300837851364,
        3408.527325793527,
        -3.165111846011179,
        3.141615363249077,
        2831.651971807249,
        754.1226092205908,
        -16.66026363735867,
        17.60470685783114
    ],
    "best_fitness": [
        -0.05449647399644053
    ],
    "mutate_eta": 20,
    "mutate_prob": 0.5,
    "crossover_eta": 5,
    "crossover_prob": 0.8,
    "error_message": null,
    "timestamp": "2024-06-20T22:13:43.400961"
}