{
    "algorithm_desc": "pygad_algorithm",
    "config_name": "two_way_overtaking",
    "random_seed": 1,
    "evaluation_time": 0.582156,
    "number_of_generations": 200,
    "population_size": 2,
    "num_parents_mating": 2,
    "best_solution": [
        1829.5782037274769,
        931.3483184943145,
        -14.353915541795391,
        -2.832170967197797,
        112.18392162049645,
        1312.065802379008,
        -5.719906249005204,
        -5.100735482000914,
        3352.6133555267565,
        1143.4544027536056,
        -20.322200876660407,
        -10.349645928713523
    ],
    "best_fitness": [
        -0.5232502326860426
    ],
    "mutate_eta": 15,
    "mutate_prob": 0.2,
    "crossover_eta": 5,
    "crossover_prob": 0.2,
    "error_message": null,
    "timestamp": "2024-06-23T15:49:27.835211"
}