{
    "algorithm_desc": "pygad_algorithm",
    "config_name": "two_way_overtaking",
    "random_seed": 1,
    "evaluation_time": 365.652485,
    "number_of_generations": 2000,
    "population_size": 100,
    "num_parents_mating": 2,
    "best_solution": [
        3299.8316455372214,
        1741.9426178524325,
        -0.3243563891700951,
        5.368799622522889,
        3297.030082276787,
        3499.8592030166083,
        0.0,
        0.008150560652957495,
        3404.873084890797,
        3.0643056740304875,
        -1.8093339882564514,
        17.919990232913342
    ],
    "best_fitness": [
        -0.026253053682394233
    ],
    "mutate_eta": 1,
    "mutate_prob": 0.2,
    "crossover_eta": 20,
    "crossover_prob": 0.8,
    "error_message": null,
    "timestamp": "2024-06-23T01:58:31.427589"
}