{
    "algorithm_desc": "pygad_algorithm",
    "config_name": "two_way_overtaking",
    "random_seed": 1,
    "evaluation_time": 41.52712,
    "number_of_generations": 100,
    "population_size": 200,
    "num_parents_mating": 8,
    "best_solution": [
        1494.900193217196,
        1320.6476573117943,
        13.681317398330776,
        8.766791877595693,
        2946.1099276766813,
        2038.760486637521,
        6.981310458500303,
        2.76620482477043,
        191.00933742056858,
        277.8712072515428,
        17.96343451807214,
        11.935875677526873
    ],
    "best_fitness": [
        -0.18359640903902172
    ],
    "mutate_eta": 20,
    "mutate_prob": 0.5,
    "crossover_eta": 1,
    "crossover_prob": 1,
    "error_message": null,
    "timestamp": "2024-06-20T22:20:19.740351"
}