{
    "algorithm_desc": "pygad_algorithm",
    "config_name": "two_way_overtaking",
    "random_seed": 1,
    "evaluation_time": 0.536057,
    "number_of_generations": 50,
    "population_size": 5,
    "num_parents_mating": 4,
    "best_solution": [
        2259.0516263193226,
        2192.3320038557604,
        19.367720924401986,
        5.662413982712714,
        3233.2365946520367,
        2966.259107946407,
        6.357275124111368,
        6.638066485058811,
        2907.62978416549,
        962.1039043884082,
        -13.146076540689165,
        15.455166420855406
    ],
    "best_fitness": [
        -1.1495355253394755
    ],
    "mutate_eta": 1,
    "mutate_prob": 0.5,
    "crossover_eta": 5,
    "crossover_prob": 0.8,
    "error_message": null,
    "timestamp": "2024-06-22T04:32:47.852019"
}