{
    "algorithm_desc": "pygad_algorithm",
    "config_name": "two_way_overtaking",
    "random_seed": 1,
    "evaluation_time": 2.708727,
    "number_of_generations": 1000,
    "population_size": 2,
    "num_parents_mating": 2,
    "best_solution": [
        1042.3212609048942,
        1527.0206118869805,
        5.446112213907476,
        -12.63370911289979,
        1742.9252143565093,
        130.15658209496107,
        0.1592905814752541,
        -0.859575712072715,
        73.08001873568747,
        3194.027445706846,
        8.52833331334201,
        -18.113728515465507
    ],
    "best_fitness": [
        -0.17787297051666237
    ],
    "mutate_eta": 1,
    "mutate_prob": 0.2,
    "crossover_eta": 20,
    "crossover_prob": 1,
    "error_message": null,
    "timestamp": "2024-06-21T21:54:22.397546"
}