{
    "algorithm_desc": "pygad_algorithm",
    "config_name": "two_way_overtaking",
    "random_seed": 1,
    "evaluation_time": 3.834598,
    "number_of_generations": 400,
    "population_size": 5,
    "num_parents_mating": 2,
    "best_solution": [
        1619.6000428551554,
        2791.335818911321,
        15.662320754756145,
        -3.729899741239116,
        2516.045632331473,
        2751.7880066793923,
        5.057327484563775,
        -1.8178370372472727,
        160.60560434873662,
        2638.748705748931,
        19.74295594971872,
        1.2487404845143821
    ],
    "best_fitness": [
        -0.6836754981787191
    ],
    "mutate_eta": 10,
    "mutate_prob": 1,
    "crossover_eta": 20,
    "crossover_prob": 0.8,
    "error_message": null,
    "timestamp": "2024-06-21T09:37:02.374936"
}