{
    "algorithm_desc": "pygad_algorithm",
    "config_name": "two_way_overtaking",
    "random_seed": 1,
    "evaluation_time": 2.176826,
    "number_of_generations": 50,
    "population_size": 20,
    "num_parents_mating": 8,
    "best_solution": [
        771.8888930140618,
        3342.540505824167,
        19.15268581399672,
        -7.064902029877704,
        2669.649402642055,
        2211.7263314707457,
        9.838621074723392,
        -3.8486124725557147,
        720.3079202694439,
        2962.5076309661445,
        18.70105066113546,
        6.993020477516438
    ],
    "best_fitness": [
        -1.1030213762575496
    ],
    "mutate_eta": 20,
    "mutate_prob": 0.8,
    "crossover_eta": 10,
    "crossover_prob": 1,
    "error_message": null,
    "timestamp": "2024-06-22T08:05:23.866552"
}