{
    "algorithm_desc": "pygad_algorithm",
    "config_name": "two_way_overtaking",
    "random_seed": 1,
    "evaluation_time": 0.177751,
    "number_of_generations": 50,
    "population_size": 2,
    "num_parents_mating": 2,
    "best_solution": [
        1829.5782037274769,
        2381.5402269664064,
        -10.295039341346802,
        -13.440169425477585,
        418.0996761680515,
        1493.8379400988465,
        10.403650281033421,
        -8.001812233596727,
        3352.6133555267565,
        1695.1254466069213,
        -1.2082944715478483,
        8.375858873207608
    ],
    "best_fitness": [
        -1.4572505997063137
    ],
    "mutate_eta": 1,
    "mutate_prob": 0.2,
    "crossover_eta": 1,
    "crossover_prob": 0.8,
    "error_message": null,
    "timestamp": "2024-06-22T05:53:14.718249"
}