{
    "algorithm_desc": "pygad_algorithm",
    "config_name": "two_way_overtaking",
    "random_seed": 1,
    "evaluation_time": 18.824265,
    "number_of_generations": 2000,
    "population_size": 5,
    "num_parents_mating": 2,
    "best_solution": [
        2388.8213005228686,
        3272.5445249976315,
        -18.988664588764387,
        2.1272998173896127,
        631.2696816923086,
        3373.335540549215,
        -17.034175630296943,
        1.7713273225116666,
        3058.7703629640537,
        1477.7803272202693,
        -18.722067846931303,
        17.02379710635376
    ],
    "best_fitness": [
        -0.4185139139513588
    ],
    "mutate_eta": 10,
    "mutate_prob": 0.8,
    "crossover_eta": 20,
    "crossover_prob": 0.8,
    "error_message": null,
    "timestamp": "2024-06-21T11:47:06.263641"
}