{
    "algorithm_desc": "pygad_algorithm",
    "config_name": "two_way_overtaking",
    "random_seed": 1,
    "evaluation_time": 405.895328,
    "number_of_generations": 1000,
    "population_size": 200,
    "num_parents_mating": 10,
    "best_solution": [
        1710.8832584965928,
        1601.9093082147838,
        -10.332117157424678,
        12.690406576207678,
        511.35276448823487,
        3027.6514626545113,
        -5.051320492597682,
        7.251091844389773,
        2664.781215361394,
        198.98371854406477,
        -12.27964241048526,
        15.313619273119876
    ],
    "best_fitness": [
        -0.07874107677764206
    ],
    "mutate_eta": 5,
    "mutate_prob": 0.5,
    "crossover_eta": 20,
    "crossover_prob": 0.2,
    "error_message": null,
    "timestamp": "2024-06-20T18:06:10.776578"
}