{
    "algorithm_desc": "pygad_algorithm",
    "config_name": "two_way_overtaking",
    "random_seed": 1,
    "evaluation_time": 3.676648,
    "number_of_generations": 400,
    "population_size": 5,
    "num_parents_mating": 4,
    "best_solution": [
        1386.9292711117907,
        2712.073918202928,
        -15.641755094163663,
        -15.643580647150383,
        28.57068126189094,
        1795.714368654531,
        -14.328366040904033,
        -3.4985152070040435,
        2645.094947631987,
        3210.485747851073,
        -20.091021770648975,
        -20.057141461212996
    ],
    "best_fitness": [
        -0.6461859972171714
    ],
    "mutate_eta": 15,
    "mutate_prob": 0.5,
    "crossover_eta": 5,
    "crossover_prob": 0.5,
    "error_message": null,
    "timestamp": "2024-06-21T13:02:06.382803"
}