{
    "algorithm_desc": "pygad_algorithm",
    "config_name": "two_way_overtaking",
    "random_seed": 1,
    "evaluation_time": 40.000654,
    "number_of_generations": 2000,
    "population_size": 10,
    "num_parents_mating": 8,
    "best_solution": [
        2566.50126561364,
        1562.5130331160476,
        -13.798889226920284,
        -6.318582284537403,
        449.09651092205286,
        1520.3360754680082,
        -1.6887670993844779,
        -0.03351171600474245,
        3302.1475056428176,
        2825.2010644823017,
        -19.498969095283492,
        -8.315198101123817
    ],
    "best_fitness": [
        -0.5776245608361741
    ],
    "mutate_eta": 20,
    "mutate_prob": 0.8,
    "crossover_eta": 10,
    "crossover_prob": 0.8,
    "error_message": null,
    "timestamp": "2024-06-23T00:22:52.712382"
}