{
    "algorithm_desc": "pygad_algorithm",
    "config_name": "two_way_overtaking",
    "random_seed": 1,
    "evaluation_time": 2.238082,
    "number_of_generations": 50,
    "population_size": 20,
    "num_parents_mating": 8,
    "best_solution": [
        1709.5911870151747,
        1339.372954455525,
        -4.989656936710045,
        -18.061336407035185,
        1486.5890708422962,
        275.15781409031086,
        -5.609754534279244,
        -6.6135906828346265,
        574.9155271620365,
        1741.4042527494053,
        3.793690194557975,
        -19.19861924984702
    ],
    "best_fitness": [
        -0.9973439883975638
    ],
    "mutate_eta": 5,
    "mutate_prob": 1,
    "crossover_eta": 15,
    "crossover_prob": 1,
    "error_message": null,
    "timestamp": "2024-06-22T15:45:11.696974"
}