{
    "algorithm_desc": "pygad_algorithm",
    "config_name": "two_way_overtaking",
    "random_seed": 1,
    "evaluation_time": 3.391843,
    "number_of_generations": 400,
    "population_size": 5,
    "num_parents_mating": 2,
    "best_solution": [
        1878.2306539087654,
        3386.6311412939117,
        -7.812429707879025,
        -11.840525954842038,
        992.9292598786508,
        1796.5921095283536,
        -5.36434349205947,
        -7.635717021647915,
        3327.645393642089,
        2343.0669032204373,
        -12.816768107279785,
        -7.749237120739592
    ],
    "best_fitness": [
        -0.5112603487377847
    ],
    "mutate_eta": 5,
    "mutate_prob": 0.2,
    "crossover_eta": 15,
    "crossover_prob": 0.5,
    "error_message": null,
    "timestamp": "2024-06-23T19:30:10.477226"
}