{
    "algorithm_desc": "pygad_algorithm",
    "config_name": "two_way_overtaking",
    "random_seed": 1,
    "evaluation_time": 37.992432,
    "number_of_generations": 2000,
    "population_size": 10,
    "num_parents_mating": 10,
    "best_solution": [
        1823.690573449538,
        1284.2964951839194,
        -10.023416846291786,
        17.215443819640505,
        938.0087758743736,
        3008.2281088016966,
        -2.8794546021089715,
        5.725845596132551,
        3284.2050022475264,
        46.17456738037512,
        -11.395014509661136,
        18.18608298829166
    ],
    "best_fitness": [
        -0.11733585923596895
    ],
    "mutate_eta": 1,
    "mutate_prob": 0.2,
    "crossover_eta": 15,
    "crossover_prob": 1,
    "error_message": null,
    "timestamp": "2024-06-23T08:30:25.714481"
}