{
    "algorithm_desc": "pygad_algorithm",
    "config_name": "two_way_overtaking",
    "random_seed": 1,
    "evaluation_time": 9.687947,
    "number_of_generations": 50,
    "population_size": 100,
    "num_parents_mating": 4,
    "best_solution": [
        3308.422136599116,
        1691.8824948218664,
        -0.8897136167456203,
        9.00278225,
        2564.310172962164,
        3316.4998406345107,
        0.15300629646528563,
        6.703853623783594,
        3465.8000091819945,
        35.37681410028332,
        -1.055924010289143,
        18.898259316108458
    ],
    "best_fitness": [
        -0.15843907299340307
    ],
    "mutate_eta": 5,
    "mutate_prob": 0.2,
    "crossover_eta": 1,
    "crossover_prob": 0.5,
    "error_message": null,
    "timestamp": "2024-06-23T13:40:48.012546"
}