{
    "algorithm_desc": "pygad_algorithm",
    "config_name": "two_way_overtaking",
    "random_seed": 1,
    "evaluation_time": 5.556967,
    "number_of_generations": 50,
    "population_size": 50,
    "num_parents_mating": 8,
    "best_solution": [
        1286.3633785209583,
        3067.7194724991323,
        -10.371501349446493,
        4.118118427124994,
        450.28912179566635,
        2557.3713485251956,
        3.089681514243942,
        19.522640897643036,
        2791.5908859572087,
        2293.0823697194637,
        -16.18870869982416,
        9.627853958104286
    ],
    "best_fitness": [
        -1.0525292766271026
    ],
    "mutate_eta": 15,
    "mutate_prob": 0.8,
    "crossover_eta": 5,
    "crossover_prob": 0.8,
    "error_message": null,
    "timestamp": "2024-06-23T16:40:10.365837"
}