{
    "algorithm_desc": "pygad_algorithm",
    "config_name": "two_way_overtaking",
    "random_seed": 1,
    "evaluation_time": 416.393283,
    "number_of_generations": 2000,
    "population_size": 100,
    "num_parents_mating": 8,
    "best_solution": [
        1532.0660841729486,
        1621.7408628429303,
        -9.9855198274817,
        -8.991551958088877,
        200.97961831984452,
        324.38942171422576,
        -7.041879605124876,
        -3.9416140851456305,
        2481.8883159543807,
        3445.6725437862287,
        -18.95634743518234,
        -18.092919964994106
    ],
    "best_fitness": [
        -0.3125323461049053
    ],
    "mutate_eta": 10,
    "mutate_prob": 0.8,
    "crossover_eta": 20,
    "crossover_prob": 0.2,
    "error_message": null,
    "timestamp": "2024-06-21T19:14:43.861315"
}