{
    "algorithm_desc": "pygad_algorithm",
    "config_name": "two_way_overtaking",
    "random_seed": 1,
    "evaluation_time": 32.441836,
    "number_of_generations": 100,
    "population_size": 150,
    "num_parents_mating": 8,
    "best_solution": [
        1596.5177267837453,
        1684.470178178433,
        -7.887483874518473,
        -0.38008972801031504,
        279.465886973221,
        2881.5820156955924,
        -4.892452447023842,
        -4.245855733024406,
        2822.3460892334274,
        2368.25522510906,
        -14.152630622863903,
        -8.485289198373357
    ],
    "best_fitness": [
        -0.7397262986522339
    ],
    "mutate_eta": 10,
    "mutate_prob": 0.8,
    "crossover_eta": 1,
    "crossover_prob": 0.8,
    "error_message": null,
    "timestamp": "2024-06-22T19:07:52.971813"
}