{
    "algorithm_desc": "pygad_algorithm",
    "config_name": "two_way_overtaking",
    "random_seed": 1,
    "evaluation_time": 82.541756,
    "number_of_generations": 200,
    "population_size": 200,
    "num_parents_mating": 8,
    "best_solution": [
        2256.2939660675843,
        2064.9924131910825,
        -10.653342657186379,
        -16.42972613233085,
        1732.0626193110877,
        338.5855824121272,
        -2.017777911837779,
        -7.491451543733305,
        3473.5945113945877,
        3357.8688594273167,
        -13.160841347311939,
        -18.009889490650707
    ],
    "best_fitness": [
        -0.21381631132025433
    ],
    "mutate_eta": 1,
    "mutate_prob": 0.5,
    "crossover_eta": 20,
    "crossover_prob": 0.8,
    "error_message": null,
    "timestamp": "2024-06-23T00:40:33.519399"
}