{
    "algorithm_desc": "pygad_algorithm",
    "config_name": "two_way_overtaking",
    "random_seed": 1,
    "evaluation_time": 8.244395,
    "number_of_generations": 400,
    "population_size": 10,
    "num_parents_mating": 2,
    "best_solution": [
        736.6660828217547,
        63.837973115984155,
        -13.769024979523667,
        4.750246547545988,
        87.20771498216916,
        1870.0678167574947,
        -5.19221384585367,
        2.6641324009184792,
        1818.385151880437,
        1870.793626761786,
        -18.226434747065362,
        -1.3297158040129915
    ],
    "best_fitness": [
        -0.915661282073647
    ],
    "mutate_eta": 5,
    "mutate_prob": 0.8,
    "crossover_eta": 10,
    "crossover_prob": 1,
    "error_message": null,
    "timestamp": "2024-06-23T01:58:23.076630"
}