{
    "algorithm_desc": "pygad_algorithm",
    "config_name": "two_way_overtaking",
    "random_seed": 1,
    "evaluation_time": 15.972851,
    "number_of_generations": 50,
    "population_size": 150,
    "num_parents_mating": 8,
    "best_solution": [
        2036.7584967618461,
        1683.734655669559,
        0.5334847534505585,
        15.01658853455163,
        2509.2162996152865,
        2809.3496308881145,
        0.5312088800237085,
        1.815535182989887,
        567.4687826829428,
        332.7871488946523,
        6.60234089191826,
        18.663407904443062
    ],
    "best_fitness": [
        -0.5300767472194802
    ],
    "mutate_eta": 15,
    "mutate_prob": 0.5,
    "crossover_eta": 1,
    "crossover_prob": 0.5,
    "error_message": null,
    "timestamp": "2024-06-22T10:29:19.079660"
}