{
    "algorithm_desc": "pygad_algorithm",
    "config_name": "two_way_overtaking",
    "random_seed": 1,
    "evaluation_time": 0.970934,
    "number_of_generations": 100,
    "population_size": 5,
    "num_parents_mating": 2,
    "best_solution": [
        1057.8705584079305,
        2251.7091610348716,
        15.474545648471342,
        5.662413982712714,
        3233.2365946520367,
        1785.0178692188954,
        2.782994840198736,
        0.5134574581984381,
        326.00779585519945,
        887.9003241068806,
        16.764993142403263,
        17.5538174400261
    ],
    "best_fitness": [
        -0.6603057296125533
    ],
    "mutate_eta": 20,
    "mutate_prob": 0.5,
    "crossover_eta": 10,
    "crossover_prob": 0.8,
    "error_message": null,
    "timestamp": "2024-06-21T20:44:52.099083"
}