{
    "algorithm_desc": "pygad_algorithm",
    "config_name": "two_way_overtaking",
    "random_seed": 1,
    "evaluation_time": 552.838242,
    "number_of_generations": 2000,
    "population_size": 150,
    "num_parents_mating": 10,
    "best_solution": [
        1660.0402799491308,
        1734.0106036668658,
        -0.07467686859330769,
        15.80537985183652,
        1711.8411572075638,
        3499.8254485294656,
        0.169969982477717,
        5.800834346452675,
        1664.453155031241,
        0.7242311930986123,
        0.0,
        17.157404118325985
    ],
    "best_fitness": [
        -0.025983390332394937
    ],
    "mutate_eta": 20,
    "mutate_prob": 0.2,
    "crossover_eta": 5,
    "crossover_prob": 0.2,
    "error_message": null,
    "timestamp": "2024-06-22T14:43:17.328121"
}