{
    "algorithm_desc": "pygad_algorithm",
    "config_name": "two_way_overtaking",
    "random_seed": 1,
    "evaluation_time": 41.708358,
    "number_of_generations": 400,
    "population_size": 50,
    "num_parents_mating": 2,
    "best_solution": [
        2005.1646102928562,
        1987.0272766819312,
        9.853722490402362,
        0.5829883778350933,
        3429.241937463359,
        2798.8279740358203,
        1.5667619177653869,
        3.495063891982575,
        366.8203264688985,
        1969.8057948245987,
        13.87966857101243,
        3.4984330362305656
    ],
    "best_fitness": [
        -0.6077583619467879
    ],
    "mutate_eta": 1,
    "mutate_prob": 1,
    "crossover_eta": 10,
    "crossover_prob": 0.2,
    "error_message": null,
    "timestamp": "2024-06-21T17:00:09.567216"
}