{
    "algorithm_desc": "pygad_algorithm",
    "config_name": "two_way_overtaking",
    "random_seed": 1,
    "evaluation_time": 15.390764,
    "number_of_generations": 400,
    "population_size": 20,
    "num_parents_mating": 8,
    "best_solution": [
        1843.29741463888,
        879.5533203329699,
        11.004122542938102,
        1.8570025593249397,
        3405.2830005649407,
        1294.225881904525,
        5.499351918425354,
        0.0,
        232.64385429401597,
        472.71457674363404,
        18.720443112754523,
        4.2666038324552
    ],
    "best_fitness": [
        -0.16965135474204904
    ],
    "mutate_eta": 1,
    "mutate_prob": 0.2,
    "crossover_eta": 10,
    "crossover_prob": 1,
    "error_message": null,
    "timestamp": "2024-06-22T20:37:41.378255"
}