{
    "algorithm_desc": "pygad_algorithm",
    "config_name": "two_way_overtaking",
    "random_seed": 1,
    "evaluation_time": 196.086744,
    "number_of_generations": 1000,
    "population_size": 100,
    "num_parents_mating": 2,
    "best_solution": [
        1920.3971814281174,
        1746.836457123105,
        0.0,
        -9.52327503927285,
        1881.0891026815352,
        179.35910212773948,
        -0.37587392511035844,
        -4.619739478820609,
        2000.3632158077912,
        3498.2153686477222,
        0.33260300400222675,
        -18.70920813493908
    ],
    "best_fitness": [
        -0.11207894922917763
    ],
    "mutate_eta": 20,
    "mutate_prob": 0.5,
    "crossover_eta": 10,
    "crossover_prob": 0.2,
    "error_message": null,
    "timestamp": "2024-06-22T14:22:07.121528"
}