{
    "algorithm_desc": "pygad_algorithm",
    "config_name": "two_way_overtaking",
    "random_seed": 1,
    "evaluation_time": 32.273011,
    "number_of_generations": 100,
    "population_size": 150,
    "num_parents_mating": 10,
    "best_solution": [
        2043.2373304468083,
        1101.1804782757424,
        12.590027939810483,
        -15.31299169240012,
        2685.478811535754,
        126.0739558629983,
        9.200057198611123,
        -13.278432241022244,
        1819.864509608801,
        2648.3871094070505,
        10.904191578289996,
        -19.94320213135819
    ],
    "best_fitness": [
        -0.575039137729341
    ],
    "mutate_eta": 10,
    "mutate_prob": 0.8,
    "crossover_eta": 20,
    "crossover_prob": 0.5,
    "error_message": null,
    "timestamp": "2024-06-20T18:58:13.323459"
}