{
    "algorithm_desc": "pygad_algorithm",
    "config_name": "two_way_overtaking",
    "random_seed": 1,
    "evaluation_time": 57.176183,
    "number_of_generations": 200,
    "population_size": 150,
    "num_parents_mating": 8,
    "best_solution": [
        1804.7018622062835,
        2275.671576797588,
        -9.47999345269137,
        9.068251687714035,
        480.4123020125096,
        3492.5565809395957,
        -8.771058493644121,
        8.395253112464292,
        3156.946111158969,
        985.1870477130806,
        -12.45373940897942,
        12.222829332603723
    ],
    "best_fitness": [
        -0.005833004275494263
    ],
    "mutate_eta": 10,
    "mutate_prob": 0.2,
    "crossover_eta": 20,
    "crossover_prob": 0.8,
    "error_message": null,
    "timestamp": "2024-06-20T15:00:11.197202"
}