{
    "algorithm_desc": "pygad_algorithm",
    "config_name": "two_way_overtaking",
    "random_seed": 1,
    "evaluation_time": 56.178394,
    "number_of_generations": 200,
    "population_size": 150,
    "num_parents_mating": 2,
    "best_solution": [
        2199.8877636914813,
        1715.3438346104488,
        0.0,
        3.3479280031454586,
        2199.8877636914813,
        3485.7784391847918,
        0.0,
        1.5994083689098986,
        2214.91649016348,
        9.265724683156728,
        -1.1584214111887903,
        20.479972710498195
    ],
    "best_fitness": [
        -0.03357059440544973
    ],
    "mutate_eta": 5,
    "mutate_prob": 0.2,
    "crossover_eta": 10,
    "crossover_prob": 1,
    "error_message": null,
    "timestamp": "2024-06-20T19:44:37.437318"
}