{
    "algorithm_desc": "pygad_algorithm",
    "config_name": "two_way_overtaking",
    "random_seed": 1,
    "evaluation_time": 1.134568,
    "number_of_generations": 50,
    "population_size": 10,
    "num_parents_mating": 8,
    "best_solution": [
        1591.8870543197986,
        1845.2329214166764,
        19.976283511512413,
        14.052011700086702,
        3306.225347018104,
        2670.506137830299,
        -1.6354676862780835,
        20.3274543355527,
        1890.8244609916,
        3.6431848957307333,
        2.6590658425898965,
        12.53435585918006
    ],
    "best_fitness": [
        -1.2001933050803155
    ],
    "mutate_eta": 10,
    "mutate_prob": 0.8,
    "crossover_eta": 5,
    "crossover_prob": 0.2,
    "error_message": null,
    "timestamp": "2024-06-22T16:09:13.318524"
}