{
    "algorithm_desc": "pygad_algorithm",
    "config_name": "two_way_overtaking",
    "random_seed": 1,
    "evaluation_time": 411.812983,
    "number_of_generations": 1000,
    "population_size": 200,
    "num_parents_mating": 10,
    "best_solution": [
        2256.610463839722,
        1431.0488212322714,
        9.732930634777649,
        8.767823004637226,
        3381.131928066126,
        2816.5326879001163,
        8.333531410546218,
        7.471340276262616,
        924.2741286492505,
        216.3661077242849,
        20.26998189748224,
        18.63231464036854
    ],
    "best_fitness": [
        -0.07626143328404919
    ],
    "mutate_eta": 1,
    "mutate_prob": 0.5,
    "crossover_eta": 1,
    "crossover_prob": 0.5,
    "error_message": null,
    "timestamp": "2024-06-22T23:37:32.934503"
}