{
    "algorithm_desc": "pygad_algorithm",
    "config_name": "two_way_overtaking",
    "random_seed": 1,
    "evaluation_time": 20.946266,
    "number_of_generations": 200,
    "population_size": 50,
    "num_parents_mating": 10,
    "best_solution": [
        1473.4858337005996,
        2141.053389175839,
        13.493785317096801,
        -10.470476457520638,
        3121.3297933993376,
        1509.7187971876856,
        6.991894161097246,
        -8.664827824312788,
        331.48690912216955,
        2971.3451110063206,
        15.71274528896366,
        -3.982580851919863
    ],
    "best_fitness": [
        -0.7729660212035077
    ],
    "mutate_eta": 15,
    "mutate_prob": 0.8,
    "crossover_eta": 10,
    "crossover_prob": 1,
    "error_message": null,
    "timestamp": "2024-06-23T04:13:49.381012"
}