{
    "algorithm_desc": "pygad_algorithm",
    "config_name": "two_way_overtaking",
    "random_seed": 1,
    "evaluation_time": 7.637569,
    "number_of_generations": 200,
    "population_size": 20,
    "num_parents_mating": 8,
    "best_solution": [
        1332.5584534858378,
        1660.459016503668,
        13.674250709589465,
        -7.326105967264912,
        2953.372665591215,
        825.0478405472651,
        11.187870352110757,
        -6.018718416115947,
        517.4359696555342,
        3244.0789730231118,
        17.922229202197293,
        -17.03949164315496
    ],
    "best_fitness": [
        -0.16624896985675108
    ],
    "mutate_eta": 15,
    "mutate_prob": 0.2,
    "crossover_eta": 5,
    "crossover_prob": 0.8,
    "error_message": null,
    "timestamp": "2024-06-22T16:04:55.147769"
}