{
    "algorithm_desc": "pygad_algorithm",
    "config_name": "two_way_overtaking",
    "random_seed": 1,
    "evaluation_time": 634.615608,
    "number_of_generations": 2000,
    "population_size": 150,
    "num_parents_mating": 10,
    "best_solution": [
        1298.8931424618181,
        1570.5875053250727,
        7.609851906997967,
        -10.077083241489456,
        1467.522805319475,
        114.33421184471659,
        7.918424058832059,
        -6.419397864478809,
        241.21276222958616,
        2732.549763535519,
        9.687765839803355,
        -11.248575859421976
    ],
    "best_fitness": [
        -0.4669318625682696
    ],
    "mutate_eta": 5,
    "mutate_prob": 0.8,
    "crossover_eta": 1,
    "crossover_prob": 0.2,
    "error_message": null,
    "timestamp": "2024-06-22T06:22:32.527773"
}