{
    "algorithm_desc": "pygad_algorithm",
    "config_name": "two_way_overtaking",
    "random_seed": 1,
    "evaluation_time": 210.747269,
    "number_of_generations": 1000,
    "population_size": 100,
    "num_parents_mating": 8,
    "best_solution": [
        1944.1186575918566,
        1519.9910747809138,
        -4.867429044527656,
        -11.572106424382497,
        1384.7989365533208,
        121.47257995775223,
        -3.6710239525959096,
        -10.682075104072402,
        267.38001010441883,
        2580.976234723324,
        13.845781358053443,
        -19.73703530656214
    ],
    "best_fitness": [
        -0.6447102872585188
    ],
    "mutate_eta": 5,
    "mutate_prob": 0.8,
    "crossover_eta": 20,
    "crossover_prob": 0.5,
    "error_message": null,
    "timestamp": "2024-06-20T20:59:03.065781"
}