{
    "algorithm_desc": "pygad_algorithm",
    "config_name": "two_way_overtaking",
    "random_seed": 1,
    "evaluation_time": 269.136641,
    "number_of_generations": 1000,
    "population_size": 150,
    "num_parents_mating": 4,
    "best_solution": [
        1518.3841384632021,
        1955.8052005858062,
        15.150792660787445,
        12.658350256126795,
        2904.678006758624,
        3124.0125849051947,
        10.271882464254897,
        8.656863875459422,
        80.48093139591734,
        753.8341634732659,
        18.462052980400806,
        15.13846563157768
    ],
    "best_fitness": [
        -7.989172282707719e-05
    ],
    "mutate_eta": 10,
    "mutate_prob": 0.2,
    "crossover_eta": 20,
    "crossover_prob": 0.2,
    "error_message": null,
    "timestamp": "2024-06-23T04:52:33.281472"
}