{
    "algorithm_desc": "pygad_algorithm",
    "config_name": "two_way_overtaking",
    "random_seed": 1,
    "evaluation_time": 2.043711,
    "number_of_generations": 50,
    "population_size": 20,
    "num_parents_mating": 10,
    "best_solution": [
        676.06744170436,
        2199.8877636914813,
        9.992802505871005,
        7.416897212120979,
        1864.916371691068,
        3090.672775007922,
        5.5121234507936165,
        4.133904677223995,
        228.60269724015458,
        396.1776819199257,
        13.84991983220283,
        19.23053467137914
    ],
    "best_fitness": [
        -0.26491106376358664
    ],
    "mutate_eta": 20,
    "mutate_prob": 0.2,
    "crossover_eta": 1,
    "crossover_prob": 0.5,
    "error_message": null,
    "timestamp": "2024-06-22T04:33:30.950418"
}