{
    "algorithm_desc": "pygad_algorithm",
    "config_name": "two_way_overtaking",
    "random_seed": 1,
    "evaluation_time": 0.196024,
    "number_of_generations": 50,
    "population_size": 2,
    "num_parents_mating": 2,
    "best_solution": [
        2634.759236114615,
        3084.6964037190387,
        -20.097535612607263,
        -0.07782232862582106,
        258.2720399022911,
        2754.3301606417626,
        -17.94106013772618,
        -5.954785375983139,
        3296.429320636979,
        1329.3115036904396,
        10.820627064590813,
        11.177648583234827
    ],
    "best_fitness": [
        -1.3095389935263746
    ],
    "mutate_eta": 20,
    "mutate_prob": 0.8,
    "crossover_eta": 10,
    "crossover_prob": 0.2,
    "error_message": null,
    "timestamp": "2024-06-23T15:00:53.712644"
}