{
    "algorithm_desc": "pygad_algorithm",
    "config_name": "two_way_overtaking",
    "random_seed": 1,
    "evaluation_time": 14.784742,
    "number_of_generations": 400,
    "population_size": 20,
    "num_parents_mating": 2,
    "best_solution": [
        1527.6037939731991,
        1648.2169882059266,
        -11.069099688601268,
        -9.511381944033765,
        152.06495588956358,
        426.4803242170247,
        -9.039576578161292,
        -7.924346385289107,
        3187.7926474987244,
        2414.2253860041014,
        -12.59835065529117,
        -10.103879102310293
    ],
    "best_fitness": [
        -0.07518318319479034
    ],
    "mutate_eta": 15,
    "mutate_prob": 0.2,
    "crossover_eta": 1,
    "crossover_prob": 1,
    "error_message": null,
    "timestamp": "2024-06-22T11:42:14.485276"
}