{
    "algorithm_desc": "pygad_algorithm",
    "config_name": "two_way_overtaking",
    "random_seed": 1,
    "evaluation_time": 42.014485,
    "number_of_generations": 1000,
    "population_size": 20,
    "num_parents_mating": 10,
    "best_solution": [
        1933.5842932015892,
        1833.3874385233125,
        9.067231467965009,
        5.340657820711044,
        2896.129170085562,
        1760.5764913746739,
        7.513848106604076,
        4.523644946730009,
        917.1460877912031,
        263.7387297808158,
        10.414069729115564,
        18.312806811352722
    ],
    "best_fitness": [
        -0.7253085421330611
    ],
    "mutate_eta": 1,
    "mutate_prob": 0.8,
    "crossover_eta": 20,
    "crossover_prob": 0.5,
    "error_message": null,
    "timestamp": "2024-06-20T14:58:06.110201"
}