{
    "algorithm_desc": "pygad_algorithm",
    "config_name": "two_way_overtaking",
    "random_seed": 1,
    "evaluation_time": 716.815859,
    "number_of_generations": 2000,
    "population_size": 200,
    "num_parents_mating": 4,
    "best_solution": [
        2658.998028922256,
        1787.158944086444,
        3.259303088104719,
        6.981209040066744,
        3465.747137806694,
        3446.387525669033,
        2.1403569157436095,
        4.402136434456274,
        1875.4023048110105,
        108.72943766525611,
        8.387295021973348,
        16.57664441129542
    ],
    "best_fitness": [
        -3.938950188366012e-06
    ],
    "mutate_eta": 10,
    "mutate_prob": 0.2,
    "crossover_eta": 10,
    "crossover_prob": 0.2,
    "error_message": null,
    "timestamp": "2024-06-20T21:08:23.064283"
}