{
    "algorithm_desc": "pygad_algorithm",
    "config_name": "two_way_overtaking",
    "random_seed": 1,
    "evaluation_time": 406.336425,
    "number_of_generations": 1000,
    "population_size": 200,
    "num_parents_mating": 8,
    "best_solution": [
        2267.226337839684,
        1786.4724229239844,
        -4.199173920782471,
        12.848422488952089,
        1704.0380033715146,
        3299.8316455372214,
        -3.5870205304433753,
        11.094034373207776,
        2788.992676717283,
        80.26218431444177,
        -6.282840718786007,
        17.46343397673671
    ],
    "best_fitness": [
        -0.08452509559944478
    ],
    "mutate_eta": 20,
    "mutate_prob": 0.5,
    "crossover_eta": 15,
    "crossover_prob": 0.2,
    "error_message": null,
    "timestamp": "2024-06-22T17:41:05.285727"
}