{
    "algorithm_desc": "pygad_algorithm",
    "config_name": "two_way_overtaking",
    "random_seed": 1,
    "evaluation_time": 3.472209,
    "number_of_generations": 200,
    "population_size": 10,
    "num_parents_mating": 2,
    "best_solution": [
        2739.8008661041495,
        1712.3344292520333,
        -5.481471548261974,
        -12.05693501093383,
        1814.0512119620407,
        40.95339202821652,
        -3.8615616983859162,
        -8.780130893653563,
        3313.4988283214993,
        3388.946473584272,
        -7.1098630279550346,
        -16.370368641203886
    ],
    "best_fitness": [
        -0.06514311693192014
    ],
    "mutate_eta": 10,
    "mutate_prob": 0.2,
    "crossover_eta": 15,
    "crossover_prob": 0.5,
    "error_message": null,
    "timestamp": "2024-06-21T02:21:14.684658"
}