{
    "algorithm_desc": "pygad_algorithm",
    "config_name": "two_way_overtaking",
    "random_seed": 1,
    "evaluation_time": 8.158913,
    "number_of_generations": 200,
    "population_size": 20,
    "num_parents_mating": 10,
    "best_solution": [
        1328.973441306151,
        1842.6462011955985,
        -5.191011568353332,
        -7.332820164513231,
        120.1507127620453,
        1570.886922498905,
        -7.968356349571348,
        -3.895052669329342,
        2041.1121084431293,
        3163.70392618005,
        -10.603745266811305,
        -14.598993161589366
    ],
    "best_fitness": [
        -0.8944690703830218
    ],
    "mutate_eta": 1,
    "mutate_prob": 0.5,
    "crossover_eta": 10,
    "crossover_prob": 0.8,
    "error_message": null,
    "timestamp": "2024-06-20T18:24:49.603354"
}