{
    "algorithm_desc": "pygad_algorithm",
    "config_name": "two_way_overtaking",
    "random_seed": 1,
    "evaluation_time": 11.019929,
    "number_of_generations": 50,
    "population_size": 100,
    "num_parents_mating": 8,
    "best_solution": [
        1396.229982633767,
        817.0804873152442,
        11.203840757963246,
        4.512192258070641,
        2692.472734183824,
        1983.603774325638,
        3.505936925920814,
        -0.04687906344756598,
        143.12276743202685,
        85.77049190775854,
        20.161435694958108,
        13.392504983236606
    ],
    "best_fitness": [
        -0.4161869626980167
    ],
    "mutate_eta": 20,
    "mutate_prob": 0.5,
    "crossover_eta": 10,
    "crossover_prob": 0.2,
    "error_message": null,
    "timestamp": "2024-06-20T16:22:16.348008"
}