{
    "algorithm_desc": "pygad_algorithm",
    "config_name": "two_way_overtaking",
    "random_seed": 1,
    "evaluation_time": 9.387491,
    "number_of_generations": 100,
    "population_size": 50,
    "num_parents_mating": 4,
    "best_solution": [
        1616.0571698236213,
        1747.2106275872168,
        -13.895143791944044,
        -11.739478708201917,
        247.47111909628606,
        549.9719409228703,
        -10.995310521016421,
        -9.00278225,
        2842.7594695645216,
        3074.785011477336,
        -20.534666292806794,
        -19.719048003707314
    ],
    "best_fitness": [
        -0.03942819466576382
    ],
    "mutate_eta": 15,
    "mutate_prob": 0.2,
    "crossover_eta": 1,
    "crossover_prob": 0.5,
    "error_message": null,
    "timestamp": "2024-06-21T22:50:05.618155"
}