{
    "algorithm_desc": "pygad_algorithm",
    "config_name": "two_way_overtaking",
    "random_seed": 1,
    "evaluation_time": 209.199217,
    "number_of_generations": 2000,
    "population_size": 50,
    "num_parents_mating": 4,
    "best_solution": [
        1187.8896730769889,
        1120.7851944174643,
        -0.4438576531538878,
        15.399315314721314,
        724.8427860555415,
        2712.9805136425302,
        -1.2895196788873982,
        7.827942161377763,
        2526.1854435045143,
        71.12188644737283,
        -12.692642091307459,
        16.261703952128677
    ],
    "best_fitness": [
        -0.5434615186221011
    ],
    "mutate_eta": 10,
    "mutate_prob": 0.8,
    "crossover_eta": 1,
    "crossover_prob": 1,
    "error_message": null,
    "timestamp": "2024-06-21T08:33:26.791993"
}