{
    "algorithm_desc": "pygad_algorithm",
    "config_name": "two_way_overtaking",
    "random_seed": 1,
    "evaluation_time": 3.583741,
    "number_of_generations": 400,
    "population_size": 5,
    "num_parents_mating": 4,
    "best_solution": [
        2156.0561090235215,
        1677.6233673059749,
        -6.893055875761718,
        10.746980245997445,
        1608.7757575285261,
        2906.3614847846275,
        -2.748318896582891,
        4.54755063572048,
        3320.347747631117,
        167.21102563392026,
        -7.585817494737169,
        11.606828386055199
    ],
    "best_fitness": [
        -0.2046849158889733
    ],
    "mutate_eta": 5,
    "mutate_prob": 0.2,
    "crossover_eta": 5,
    "crossover_prob": 0.8,
    "error_message": null,
    "timestamp": "2024-06-21T11:30:05.574487"
}