{
    "algorithm_desc": "pygad_algorithm",
    "config_name": "two_way_overtaking",
    "random_seed": 1,
    "evaluation_time": 16.177782,
    "number_of_generations": 400,
    "population_size": 20,
    "num_parents_mating": 10,
    "best_solution": [
        759.1030774090941,
        1899.4183247808182,
        -10.065338652145396,
        -17.072826503114236,
        485.87581185541814,
        469.7547679046638,
        -7.968356349571348,
        -11.344469397315507,
        2007.9653308896604,
        3055.9722682892175,
        -19.19860134257374,
        -18.041032963912333
    ],
    "best_fitness": [
        -0.4679056051873456
    ],
    "mutate_eta": 1,
    "mutate_prob": 0.5,
    "crossover_eta": 5,
    "crossover_prob": 0.8,
    "error_message": null,
    "timestamp": "2024-06-22T14:37:40.491683"
}