{
    "algorithm_desc": "pygad_algorithm",
    "config_name": "two_way_overtaking",
    "random_seed": 1,
    "evaluation_time": 40.821816,
    "number_of_generations": 200,
    "population_size": 100,
    "num_parents_mating": 10,
    "best_solution": [
        1473.7150331221735,
        1757.9600534136437,
        6.493242969480178,
        -12.19799476040715,
        3030.7416931222033,
        797.5801272244306,
        2.321341331932061,
        -2.895218245967186,
        456.44420530531715,
        3149.332750020582,
        11.568912206883347,
        -19.50954728494705
    ],
    "best_fitness": [
        -0.28809937472431524
    ],
    "mutate_eta": 1,
    "mutate_prob": 0.5,
    "crossover_eta": 15,
    "crossover_prob": 1,
    "error_message": null,
    "timestamp": "2024-06-21T20:07:47.903025"
}