{
    "algorithm_desc": "pygad_algorithm",
    "config_name": "two_way_overtaking",
    "random_seed": 1,
    "evaluation_time": 3.762774,
    "number_of_generations": 200,
    "population_size": 10,
    "num_parents_mating": 4,
    "best_solution": [
        2087.6424139070764,
        2204.895579056666,
        12.655844666537448,
        -10.615619196101752,
        3312.7159751233007,
        716.5728027228996,
        9.00278225,
        -6.58436108108881,
        845.3365664693029,
        3439.8598980565575,
        17.177915830400487,
        -14.763284128248248
    ],
    "best_fitness": [
        -0.10702240217280717
    ],
    "mutate_eta": 1,
    "mutate_prob": 0.2,
    "crossover_eta": 1,
    "crossover_prob": 1,
    "error_message": null,
    "timestamp": "2024-06-23T07:38:38.171649"
}