{
    "algorithm_desc": "pygad_algorithm",
    "config_name": "two_way_overtaking",
    "random_seed": 1,
    "evaluation_time": 28.660322,
    "number_of_generations": 100,
    "population_size": 150,
    "num_parents_mating": 10,
    "best_solution": [
        1099.9438818457406,
        1721.2938654288448,
        0.0,
        16.154060963626378,
        1080.73820830646,
        3475.4141382838066,
        0.0,
        15.406888858716052,
        1099.9438818457406,
        9.265724683156728,
        0.25345734085698624,
        20.479972710498195
    ],
    "best_fitness": [
        -0.036713715667984044
    ],
    "mutate_eta": 15,
    "mutate_prob": 0.2,
    "crossover_eta": 20,
    "crossover_prob": 0.8,
    "error_message": null,
    "timestamp": "2024-06-22T16:32:37.855178"
}