{
    "algorithm_desc": "pygad_algorithm",
    "config_name": "two_way_overtaking",
    "random_seed": 1,
    "evaluation_time": 85.553903,
    "number_of_generations": 200,
    "population_size": 200,
    "num_parents_mating": 4,
    "best_solution": [
        2530.0781131277763,
        1525.251390454225,
        15.102747526841519,
        0.25763816817230634,
        3281.0789024454625,
        3106.5737421385816,
        12.100686314926392,
        -9.995719963452368,
        822.836192293869,
        996.1536638573056,
        19.98722082085351,
        1.9953839725532418
    ],
    "best_fitness": [
        -0.6483334970351315
    ],
    "mutate_eta": 1,
    "mutate_prob": 0.8,
    "crossover_eta": 5,
    "crossover_prob": 1,
    "error_message": null,
    "timestamp": "2024-06-22T01:53:21.839124"
}