{
    "algorithm_desc": "pygad_algorithm",
    "config_name": "two_way_overtaking",
    "random_seed": 1,
    "evaluation_time": 127.861634,
    "number_of_generations": 400,
    "population_size": 150,
    "num_parents_mating": 8,
    "best_solution": [
        1384.1921388372439,
        674.5344113877752,
        -6.661223238214392,
        14.461856133906615,
        965.7141219589139,
        2109.039804252325,
        -5.27662153631282,
        9.7985632973445,
        3347.3638526216187,
        814.7906096244128,
        -19.746939592679727,
        4.677645094366174
    ],
    "best_fitness": [
        -0.6094583775384358
    ],
    "mutate_eta": 1,
    "mutate_prob": 0.8,
    "crossover_eta": 5,
    "crossover_prob": 0.8,
    "error_message": null,
    "timestamp": "2024-06-22T13:00:23.200558"
}