{
    "algorithm_desc": "pygad_algorithm",
    "config_name": "two_way_overtaking",
    "random_seed": 1,
    "evaluation_time": 11.356079,
    "number_of_generations": 100,
    "population_size": 50,
    "num_parents_mating": 2,
    "best_solution": [
        1612.0667466829664,
        1885.3811409945922,
        9.220175127209746,
        -12.061874730151269,
        2586.5761366138686,
        342.26373642358317,
        1.406440734856485,
        -3.0581168740277107,
        1938.822056398461,
        3492.9320966486134,
        13.16612918898069,
        -19.55118718281951
    ],
    "best_fitness": [
        -0.4828072328503745
    ],
    "mutate_eta": 10,
    "mutate_prob": 0.8,
    "crossover_eta": 5,
    "crossover_prob": 1,
    "error_message": null,
    "timestamp": "2024-06-20T14:57:33.708702"
}