{
    "algorithm_desc": "pygad_algorithm",
    "config_name": "two_way_overtaking",
    "random_seed": 1,
    "evaluation_time": 10.470291,
    "number_of_generations": 50,
    "population_size": 100,
    "num_parents_mating": 10,
    "best_solution": [
        1536.847104392573,
        1514.7393096815222,
        19.198725858551747,
        10.74126867314029,
        3236.2955599294764,
        1829.3772012393147,
        5.445787606729009,
        8.788610037092088,
        450.3933739696505,
        323.2826260686844,
        19.477407903708816,
        14.369882445374742
    ],
    "best_fitness": [
        -0.5204104595001622
    ],
    "mutate_eta": 10,
    "mutate_prob": 0.5,
    "crossover_eta": 15,
    "crossover_prob": 0.8,
    "error_message": null,
    "timestamp": "2024-06-22T09:26:37.198371"
}