{
    "algorithm_desc": "pygad_algorithm",
    "config_name": "two_way_overtaking",
    "random_seed": 1,
    "evaluation_time": 42.623099,
    "number_of_generations": 100,
    "population_size": 200,
    "num_parents_mating": 4,
    "best_solution": [
        1937.2799416687844,
        1525.251390454225,
        12.0911171945029,
        14.897457875500429,
        3291.499059802285,
        3161.5216195676758,
        8.439848441769932,
        11.84069259440124,
        724.9677801068146,
        202.83255695685182,
        20.394093441923225,
        -0.09171301237591578
    ],
    "best_fitness": [
        -0.6491713047475423
    ],
    "mutate_eta": 20,
    "mutate_prob": 0.8,
    "crossover_eta": 10,
    "crossover_prob": 1,
    "error_message": null,
    "timestamp": "2024-06-23T07:40:00.188619"
}