{
    "algorithm_desc": "pygad_algorithm",
    "config_name": "two_way_overtaking",
    "random_seed": 1,
    "evaluation_time": 3.724883,
    "number_of_generations": 200,
    "population_size": 10,
    "num_parents_mating": 10,
    "best_solution": [
        2308.836152184515,
        1816.05171821356,
        -2.025620629895858,
        -8.309257857956515,
        2187.8905779823963,
        735.4876585359044,
        0.32602212414747456,
        -1.9001549815320615,
        3299.8316455372214,
        3374.98958807357,
        -13.98008676693515,
        -14.3101378103285
    ],
    "best_fitness": [
        -0.5045563799021752
    ],
    "mutate_eta": 15,
    "mutate_prob": 0.2,
    "crossover_eta": 20,
    "crossover_prob": 0.2,
    "error_message": null,
    "timestamp": "2024-06-23T17:44:08.758512"
}