{
    "algorithm_desc": "pygad_algorithm",
    "config_name": "two_way_overtaking",
    "random_seed": 1,
    "evaluation_time": 74.682558,
    "number_of_generations": 200,
    "population_size": 200,
    "num_parents_mating": 2,
    "best_solution": [
        2109.9750655620155,
        1814.328705638161,
        4.168050682505015,
        -12.093853656176035,
        2670.689069551033,
        174.36258443728315,
        0.20206212883761765,
        -0.6106762569983424,
        1576.271306203005,
        3499.4294483198323,
        6.325986208865771,
        -20.201529073091645
    ],
    "best_fitness": [
        -0.03960013969857047
    ],
    "mutate_eta": 15,
    "mutate_prob": 0.2,
    "crossover_eta": 1,
    "crossover_prob": 1,
    "error_message": null,
    "timestamp": "2024-06-21T17:35:02.807873"
}