{
    "algorithm_desc": "pygad_algorithm",
    "config_name": "two_way_overtaking",
    "random_seed": 1,
    "evaluation_time": 374.925409,
    "number_of_generations": 1000,
    "population_size": 200,
    "num_parents_mating": 8,
    "best_solution": [
        1713.9052842720791,
        3299.8316455372214,
        9.49380612091904,
        0.0,
        3498.7708348504293,
        3299.8316455372214,
        7.360806800022388,
        0.0,
        0.1610493144755809,
        3299.8970835686305,
        12.461760078712508,
        -0.17376966957759876
    ],
    "best_fitness": [
        -0.025807226734388546
    ],
    "mutate_eta": 1,
    "mutate_prob": 0.2,
    "crossover_eta": 5,
    "crossover_prob": 0.8,
    "error_message": null,
    "timestamp": "2024-06-20T15:06:55.030276"
}