{
    "algorithm_desc": "pygad_algorithm",
    "config_name": "two_way_overtaking",
    "random_seed": 1,
    "evaluation_time": 149.368847,
    "number_of_generations": 400,
    "population_size": 200,
    "num_parents_mating": 2,
    "best_solution": [
        2109.9750655620155,
        1797.8061617128917,
        4.168050682505015,
        -12.171662350266155,
        2677.2162054781406,
        87.07141330412188,
        0.20206212883761765,
        -0.6106762569983424,
        1523.9300987601878,
        3499.4294483198323,
        6.224714509141741,
        -17.201884797265237
    ],
    "best_fitness": [
        -0.0022093125215944566
    ],
    "mutate_eta": 1,
    "mutate_prob": 0.2,
    "crossover_eta": 10,
    "crossover_prob": 1,
    "error_message": null,
    "timestamp": "2024-06-21T06:26:47.990697"
}