{
    "algorithm_desc": "pygad_algorithm",
    "config_name": "two_way_overtaking",
    "random_seed": 1,
    "evaluation_time": 365.145785,
    "number_of_generations": 2000,
    "population_size": 100,
    "num_parents_mating": 8,
    "best_solution": [
        1751.2937351666026,
        2749.8597046143514,
        13.140368436930103,
        0.0,
        3499.948559751011,
        2749.8684018472327,
        6.718450700297517,
        0.0,
        4.57577783978258,
        2749.8597046143514,
        19.959163131819054,
        -0.3909826545817765
    ],
    "best_fitness": [
        -0.02655817573879103
    ],
    "mutate_eta": 15,
    "mutate_prob": 0.2,
    "crossover_eta": 1,
    "crossover_prob": 0.2,
    "error_message": null,
    "timestamp": "2024-06-21T11:55:57.271341"
}