{
    "algorithm_desc": "pygad_algorithm",
    "config_name": "two_way_overtaking",
    "random_seed": 1,
    "evaluation_time": 205.987198,
    "number_of_generations": 1000,
    "population_size": 100,
    "num_parents_mating": 2,
    "best_solution": [
        717.0909405259484,
        2548.554190280482,
        -4.336665845691417,
        -11.216311234222989,
        433.8544115056153,
        520.5946469884476,
        -0.6654875469783939,
        -3.0466177995347437,
        2263.185741404796,
        3362.651317600513,
        -16.90388266799255,
        -17.56062821844841
    ],
    "best_fitness": [
        -0.3248983860401472
    ],
    "mutate_eta": 1,
    "mutate_prob": 0.8,
    "crossover_eta": 20,
    "crossover_prob": 0.2,
    "error_message": null,
    "timestamp": "2024-06-22T19:02:43.468574"
}