{
    "algorithm_desc": "pygad_algorithm",
    "config_name": "two_way_overtaking",
    "random_seed": 1,
    "evaluation_time": 2.029224,
    "number_of_generations": 50,
    "population_size": 20,
    "num_parents_mating": 4,
    "best_solution": [
        1443.3741287710395,
        425.5822722388882,
        -14.458309083626585,
        -9.428722773275917,
        9.234635971880179,
        1187.9028318733222,
        -0.3322774443528438,
        0.0,
        3393.4757863063373,
        1649.915822768611,
        -17.40404168355803,
        -12.756191210141047
    ],
    "best_fitness": [
        -0.6148364930685974
    ],
    "mutate_eta": 10,
    "mutate_prob": 0.5,
    "crossover_eta": 1,
    "crossover_prob": 0.2,
    "error_message": null,
    "timestamp": "2024-06-21T03:42:51.654785"
}