{
    "algorithm_desc": "pygad_algorithm",
    "config_name": "two_way_overtaking",
    "random_seed": 1,
    "evaluation_time": 0.985607,
    "number_of_generations": 100,
    "population_size": 5,
    "num_parents_mating": 4,
    "best_solution": [
        2943.494171649805,
        1830.1619705720382,
        -17.19341229441578,
        -18.146562608409525,
        1745.2015629948569,
        771.1138160279229,
        -1.9313483763662447,
        -2.9814790777669486,
        1484.113450751962,
        1972.8698100749457,
        18.10029682336789,
        14.508317233389079
    ],
    "best_fitness": [
        -1.3310317191710967
    ],
    "mutate_eta": 15,
    "mutate_prob": 0.5,
    "crossover_eta": 10,
    "crossover_prob": 0.5,
    "error_message": null,
    "timestamp": "2024-06-21T13:45:29.499373"
}