{
    "algorithm_desc": "pygad_algorithm",
    "config_name": "two_way_overtaking",
    "random_seed": 1,
    "evaluation_time": 36.239136,
    "number_of_generations": 2000,
    "population_size": 10,
    "num_parents_mating": 4,
    "best_solution": [
        2206.7659682004632,
        2204.895579056666,
        12.655844666537448,
        -10.615619196101752,
        3473.2192694364785,
        879.068650952254,
        8.953596870656853,
        -6.58436108108881,
        837.5276022588256,
        3367.6059169997147,
        18.71497794224898,
        -15.284003346908333
    ],
    "best_fitness": [
        -0.047764747833344834
    ],
    "mutate_eta": 15,
    "mutate_prob": 0.2,
    "crossover_eta": 1,
    "crossover_prob": 1,
    "error_message": null,
    "timestamp": "2024-06-23T07:06:03.154671"
}