{
    "algorithm_desc": "pygad_algorithm",
    "config_name": "two_way_overtaking",
    "random_seed": 1,
    "evaluation_time": 371.172338,
    "number_of_generations": 2000,
    "population_size": 100,
    "num_parents_mating": 8,
    "best_solution": [
        1943.6537695691588,
        2278.329533012383,
        -9.07372941616759,
        6.08915620562356,
        421.07277076296674,
        3288.0520843088498,
        -7.122858132714992,
        4.723415179832351,
        3480.0265041149055,
        1247.8917103186152,
        -19.9728519689011,
        12.571365002329976
    ],
    "best_fitness": [
        -0.00010792297886898815
    ],
    "mutate_eta": 20,
    "mutate_prob": 0.2,
    "crossover_eta": 5,
    "crossover_prob": 0.5,
    "error_message": null,
    "timestamp": "2024-06-21T19:49:11.804499"
}