{
    "algorithm_desc": "pygad_algorithm",
    "config_name": "two_way_overtaking",
    "random_seed": 1,
    "evaluation_time": 44.187459,
    "number_of_generations": 100,
    "population_size": 200,
    "num_parents_mating": 10,
    "best_solution": [
        2232.437224696028,
        973.6591505945762,
        -15.28099012678894,
        0.08552623405319437,
        685.0384543272625,
        1920.7656922039157,
        -10.224980034661527,
        0.8185774276493518,
        3391.9309086642343,
        1657.2991845384727,
        -16.04399802521312,
        -7.610858682680822
    ],
    "best_fitness": [
        -0.7688170998188384
    ],
    "mutate_eta": 20,
    "mutate_prob": 1,
    "crossover_eta": 10,
    "crossover_prob": 0.8,
    "error_message": null,
    "timestamp": "2024-06-21T05:41:02.131626"
}