{
    "algorithm_desc": "pygad_algorithm",
    "config_name": "two_way_overtaking",
    "random_seed": 1,
    "evaluation_time": 170.021444,
    "number_of_generations": 400,
    "population_size": 200,
    "num_parents_mating": 4,
    "best_solution": [
        2104.5203613771982,
        1347.8242849025903,
        3.3974231493612663,
        14.095699789676466,
        2757.669376988921,
        2914.258798334645,
        1.9747908776336693,
        6.680274505863558,
        269.80862762615084,
        1188.063148972376,
        17.855415209132644,
        12.534175041683667
    ],
    "best_fitness": [
        -0.4625127233864519
    ],
    "mutate_eta": 5,
    "mutate_prob": 0.8,
    "crossover_eta": 5,
    "crossover_prob": 0.5,
    "error_message": null,
    "timestamp": "2024-06-22T17:07:44.766353"
}