{
    "algorithm_desc": "pygad_algorithm",
    "config_name": "two_way_overtaking",
    "random_seed": 1,
    "evaluation_time": 749.146352,
    "number_of_generations": 2000,
    "population_size": 200,
    "num_parents_mating": 8,
    "best_solution": [
        2848.134399197769,
        1773.1873646560177,
        2.360737898152127,
        -7.949532271388646,
        3245.939055570449,
        16.42090150343639,
        0.09691143258718071,
        -0.4297881727973518,
        2335.4412985587114,
        3499.281962065029,
        6.674313171712708,
        -19.974282475158127
    ],
    "best_fitness": [
        -0.00375470527914751
    ],
    "mutate_eta": 15,
    "mutate_prob": 0.2,
    "crossover_eta": 15,
    "crossover_prob": 0.5,
    "error_message": null,
    "timestamp": "2024-06-23T17:31:39.183373"
}