{
    "algorithm_desc": "pygad_algorithm",
    "config_name": "two_way_overtaking",
    "random_seed": 1,
    "evaluation_time": 176.947401,
    "number_of_generations": 2000,
    "population_size": 50,
    "num_parents_mating": 2,
    "best_solution": [
        2468.4753782466305,
        1491.8801137012722,
        -6.127387814452645,
        -9.103363309712693,
        1429.1094543312229,
        11.172360461024656,
        -3.958781429464981,
        -5.618232490437714,
        3375.79998100844,
        3052.363988501379,
        -7.563351175481765,
        -11.930952159393554
    ],
    "best_fitness": [
        -0.017016965253474303
    ],
    "mutate_eta": 20,
    "mutate_prob": 0.2,
    "crossover_eta": 20,
    "crossover_prob": 0.5,
    "error_message": null,
    "timestamp": "2024-06-22T07:31:25.569693"
}