{
    "algorithm_desc": "pygad_algorithm",
    "config_name": "two_way_overtaking",
    "random_seed": 1,
    "evaluation_time": 7.610266,
    "number_of_generations": 400,
    "population_size": 10,
    "num_parents_mating": 8,
    "best_solution": [
        1089.546765318739,
        1431.8371088176434,
        2.764271522729473,
        6.981903534319091,
        2061.9750590784893,
        2704.8285855391223,
        2.9161661555690976,
        3.808391598090207,
        2353.616943543294,
        84.82308035619212,
        -2.739855874264343,
        13.094421934686395
    ],
    "best_fitness": [
        -0.5280016742222288
    ],
    "mutate_eta": 10,
    "mutate_prob": 0.2,
    "crossover_eta": 1,
    "crossover_prob": 0.5,
    "error_message": null,
    "timestamp": "2024-06-23T01:54:21.084132"
}