{
    "algorithm_desc": "pygad_algorithm",
    "config_name": "two_way_overtaking",
    "random_seed": 1,
    "evaluation_time": 2.791897,
    "number_of_generations": 100,
    "population_size": 10,
    "num_parents_mating": 4,
    "best_solution": [
        832.680572941591,
        2201.2294142383894,
        6.719220028097979,
        -18.772686448059137,
        1645.960964639678,
        424.70209509258075,
        2.529378731679394,
        -13.670614660593202,
        1647.0136600996448,
        2396.4076727255774,
        -9.30526232530798,
        -20.166243565994588
    ],
    "best_fitness": [
        -0.8698361863421021
    ],
    "mutate_eta": 10,
    "mutate_prob": 0.5,
    "crossover_eta": 1,
    "crossover_prob": 0.8,
    "error_message": null,
    "timestamp": "2024-06-20T14:14:29.836798"
}