{
    "algorithm_desc": "pygad_algorithm",
    "config_name": "two_way_overtaking",
    "random_seed": 1,
    "evaluation_time": 31.819502,
    "number_of_generations": 100,
    "population_size": 150,
    "num_parents_mating": 10,
    "best_solution": [
        2754.3298086287446,
        1426.3421792264921,
        8.152262241603097,
        5.220080402109637,
        2933.3637884966456,
        3167.7862152177795,
        -6.393200110505923,
        9.769821358371779,
        1038.3525285559786,
        269.1445076017235,
        16.033405237616734,
        5.539493726892321
    ],
    "best_fitness": [
        -0.8510089937598032
    ],
    "mutate_eta": 10,
    "mutate_prob": 0.8,
    "crossover_eta": 20,
    "crossover_prob": 0.2,
    "error_message": null,
    "timestamp": "2024-06-21T11:08:07.847746"
}