{
    "algorithm_desc": "pygad_algorithm",
    "config_name": "two_way_overtaking",
    "random_seed": 1,
    "evaluation_time": 20.098243,
    "number_of_generations": 50,
    "population_size": 200,
    "num_parents_mating": 4,
    "best_solution": [
        1796.5268061543954,
        1141.1658822557613,
        -17.69053003997769,
        -3.736965495836756,
        747.0876270520351,
        886.6270119506157,
        -1.0186985309905445,
        -0.1794826815715851,
        3475.8567895269575,
        2119.6688257530095,
        -20.552922977655154,
        -5.005924882785955
    ],
    "best_fitness": [
        -0.31479283923499235
    ],
    "mutate_eta": 20,
    "mutate_prob": 0.5,
    "crossover_eta": 1,
    "crossover_prob": 0.2,
    "error_message": null,
    "timestamp": "2024-06-21T02:15:21.468935"
}