{
    "algorithm_desc": "pygad_algorithm",
    "config_name": "two_way_overtaking",
    "random_seed": 1,
    "evaluation_time": 2.051133,
    "number_of_generations": 50,
    "population_size": 20,
    "num_parents_mating": 8,
    "best_solution": [
        1922.2267617093823,
        1774.5794599972926,
        13.16022435981671,
        -20.298117532807737,
        2953.372665591215,
        91.68915222594909,
        9.00278225,
        -9.788416651499908,
        517.4359696555342,
        495.4376256468686,
        17.922229202197293,
        0.0
    ],
    "best_fitness": [
        -0.7280970669201026
    ],
    "mutate_eta": 15,
    "mutate_prob": 0.2,
    "crossover_eta": 20,
    "crossover_prob": 0.8,
    "error_message": null,
    "timestamp": "2024-06-23T13:36:21.572545"
}