{
    "algorithm_desc": "pygad_algorithm",
    "config_name": "two_way_overtaking",
    "random_seed": 1,
    "evaluation_time": 8.031961,
    "number_of_generations": 400,
    "population_size": 10,
    "num_parents_mating": 2,
    "best_solution": [
        1345.448700872394,
        2390.2468345523616,
        16.21119270585789,
        0.9772372285008544,
        3118.9730032027173,
        2427.7270838546224,
        15.231122563217077,
        11.58720423397208,
        617.5795692157674,
        841.8340399554296,
        18.241105406441,
        6.805619087099384
    ],
    "best_fitness": [
        -0.8875412063120002
    ],
    "mutate_eta": 1,
    "mutate_prob": 0.8,
    "crossover_eta": 1,
    "crossover_prob": 0.5,
    "error_message": null,
    "timestamp": "2024-06-21T17:21:27.010691"
}