{
    "algorithm_desc": "pygad_algorithm",
    "config_name": "two_way_overtaking",
    "random_seed": 1,
    "evaluation_time": 20.982491,
    "number_of_generations": 50,
    "population_size": 200,
    "num_parents_mating": 4,
    "best_solution": [
        1764.2202806449766,
        1871.8643447445527,
        -4.409203188526277,
        -15.21926434009358,
        1063.1118497241284,
        395.86695490556247,
        -2.3704697814801534,
        -4.235348349509749,
        3293.9113886375303,
        3358.060880291033,
        -9.120846101385673,
        -20.067528667337136
    ],
    "best_fitness": [
        -0.3053755961693268
    ],
    "mutate_eta": 1,
    "mutate_prob": 0.5,
    "crossover_eta": 1,
    "crossover_prob": 0.5,
    "error_message": null,
    "timestamp": "2024-06-22T08:54:46.649683"
}