{
    "algorithm_desc": "pygad_algorithm",
    "config_name": "two_way_overtaking",
    "random_seed": 1,
    "evaluation_time": 3.514069,
    "number_of_generations": 200,
    "population_size": 10,
    "num_parents_mating": 2,
    "best_solution": [
        2594.6453899658113,
        1950.0102883394125,
        -8.268197199474484,
        -17.066941588694224,
        1754.5980269223346,
        339.50397635117565,
        -3.966459539734309,
        -7.536812252623097,
        3313.4988283214993,
        3388.946473584272,
        -8.4856578019023,
        -19.202621578760834
    ],
    "best_fitness": [
        -0.1287576130805707
    ],
    "mutate_eta": 5,
    "mutate_prob": 0.2,
    "crossover_eta": 10,
    "crossover_prob": 0.2,
    "error_message": null,
    "timestamp": "2024-06-21T13:42:25.329261"
}