{
    "algorithm_desc": "pygad_algorithm",
    "config_name": "two_way_overtaking",
    "random_seed": 1,
    "evaluation_time": 1.934335,
    "number_of_generations": 50,
    "population_size": 20,
    "num_parents_mating": 4,
    "best_solution": [
        1808.7936055564007,
        2002.0641292500966,
        9.00278225,
        0.0,
        3307.5493455237142,
        2038.5395166122792,
        2.788793947323441,
        0.0,
        216.85343660895623,
        1530.7025141357014,
        17.709102333150234,
        3.436964695294538
    ],
    "best_fitness": [
        -0.19874594987888566
    ],
    "mutate_eta": 5,
    "mutate_prob": 0.2,
    "crossover_eta": 15,
    "crossover_prob": 0.5,
    "error_message": null,
    "timestamp": "2024-06-21T11:53:24.832885"
}