{
    "algorithm_desc": "pygad_algorithm",
    "config_name": "two_way_overtaking",
    "random_seed": 1,
    "evaluation_time": 79.930791,
    "number_of_generations": 2000,
    "population_size": 20,
    "num_parents_mating": 8,
    "best_solution": [
        1185.9037111107964,
        1926.7658343680123,
        5.535655684119277,
        0.1956921845116817,
        2893.72160967903,
        1575.594688008089,
        3.308420736182036,
        -0.2745031700481704,
        58.775299171422105,
        2106.167410587692,
        20.26998189748224,
        -1.665370765787884
    ],
    "best_fitness": [
        -0.37086564867640176
    ],
    "mutate_eta": 20,
    "mutate_prob": 0.5,
    "crossover_eta": 20,
    "crossover_prob": 0.8,
    "error_message": null,
    "timestamp": "2024-06-23T10:07:03.786755"
}