{
    "algorithm_desc": "pygad_algorithm",
    "config_name": "two_way_overtaking",
    "random_seed": 1,
    "evaluation_time": 42.269364,
    "number_of_generations": 200,
    "population_size": 100,
    "num_parents_mating": 8,
    "best_solution": [
        1491.0091243918002,
        473.7839649315731,
        12.93095126615217,
        7.257941511227003,
        3284.3636464679826,
        1163.2159111538738,
        6.742374356334718,
        5.381122205101949,
        221.66134973932762,
        2476.469063691751,
        18.131599031913673,
        -6.906394973501479
    ],
    "best_fitness": [
        -0.6748240550936389
    ],
    "mutate_eta": 15,
    "mutate_prob": 0.8,
    "crossover_eta": 10,
    "crossover_prob": 1,
    "error_message": null,
    "timestamp": "2024-06-21T10:52:22.074852"
}