{
    "algorithm_desc": "pygad_algorithm",
    "config_name": "two_way_overtaking",
    "random_seed": 1,
    "evaluation_time": 11.605685,
    "number_of_generations": 100,
    "population_size": 50,
    "num_parents_mating": 8,
    "best_solution": [
        2345.9993602001528,
        1909.508037306229,
        6.3022892503421915,
        -5.672408355402627,
        3256.1702153724364,
        1499.8216475190063,
        1.9487033770075328,
        -2.6647461419400216,
        1097.47767421308,
        2219.515856084982,
        9.373822811925585,
        -2.5980169215431097
    ],
    "best_fitness": [
        -0.8810068869734996
    ],
    "mutate_eta": 10,
    "mutate_prob": 0.8,
    "crossover_eta": 1,
    "crossover_prob": 1,
    "error_message": null,
    "timestamp": "2024-06-20T16:08:25.366413"
}