{
    "algorithm_desc": "pygad_algorithm",
    "config_name": "two_way_overtaking",
    "random_seed": 1,
    "evaluation_time": 5.275323,
    "number_of_generations": 50,
    "population_size": 50,
    "num_parents_mating": 2,
    "best_solution": [
        1249.7203913977464,
        3115.730919664832,
        -0.8665194612782621,
        -12.876945031390484,
        1182.0121007023024,
        2362.3965460401796,
        -0.819722533990376,
        -1.6737057161392705,
        2848.4066381188404,
        3239.2697837250817,
        -11.110162966271837,
        -13.235460282167654
    ],
    "best_fitness": [
        -0.8284063822933656
    ],
    "mutate_eta": 10,
    "mutate_prob": 0.8,
    "crossover_eta": 15,
    "crossover_prob": 0.8,
    "error_message": null,
    "timestamp": "2024-06-22T16:12:10.519160"
}