{
    "algorithm_desc": "pygad_algorithm",
    "config_name": "two_way_overtaking",
    "random_seed": 1,
    "evaluation_time": 435.257346,
    "number_of_generations": 2000,
    "population_size": 100,
    "num_parents_mating": 10,
    "best_solution": [
        976.2607106029498,
        1582.6544269238914,
        10.05657931681802,
        -13.646455675417464,
        1798.3028479316113,
        329.86450678933636,
        6.675637865669195,
        -8.512967650044626,
        210.5272428788448,
        3311.1910695618017,
        6.216948675885696,
        -20.50975686071683
    ],
    "best_fitness": [
        -0.383499246444468
    ],
    "mutate_eta": 1,
    "mutate_prob": 1,
    "crossover_eta": 5,
    "crossover_prob": 0.5,
    "error_message": null,
    "timestamp": "2024-06-21T16:13:13.099837"
}