{
    "algorithm_desc": "pygad_algorithm",
    "config_name": "two_way_overtaking",
    "random_seed": 1,
    "evaluation_time": 80.808428,
    "number_of_generations": 400,
    "population_size": 100,
    "num_parents_mating": 10,
    "best_solution": [
        2137.1287641257263,
        1346.0229690231952,
        -17.024801001514447,
        -14.533962956811944,
        514.8087866707016,
        381.1837752977218,
        -12.260015071287267,
        -11.029677903722453,
        3097.4821142753826,
        2726.700214813865,
        -18.708339623980336,
        -20.571949440082015
    ],
    "best_fitness": [
        -0.22351674149403772
    ],
    "mutate_eta": 10,
    "mutate_prob": 0.5,
    "crossover_eta": 5,
    "crossover_prob": 0.2,
    "error_message": null,
    "timestamp": "2024-06-21T18:03:47.822211"
}