{
    "algorithm_desc": "pygad_algorithm",
    "config_name": "two_way_overtaking",
    "random_seed": 1,
    "evaluation_time": 37.960654,
    "number_of_generations": 100,
    "population_size": 200,
    "num_parents_mating": 4,
    "best_solution": [
        3342.540505824167,
        1767.2031679702234,
        0.05923804794618803,
        3.4314759702249944,
        3339.5694034209355,
        3480.59105687494,
        0.0,
        1.5960968091135115,
        3299.8316455372214,
        9.265724683156728,
        -0.35273751532328745,
        16.039134655216735
    ],
    "best_fitness": [
        -0.03474417269693929
    ],
    "mutate_eta": 5,
    "mutate_prob": 0.2,
    "crossover_eta": 1,
    "crossover_prob": 1,
    "error_message": null,
    "timestamp": "2024-06-23T00:38:20.017114"
}