{
    "algorithm_desc": "pygad_algorithm",
    "config_name": "two_way_overtaking",
    "random_seed": 1,
    "evaluation_time": 2.128327,
    "number_of_generations": 50,
    "population_size": 20,
    "num_parents_mating": 2,
    "best_solution": [
        1053.3532307173657,
        2632.888304592847,
        11.390677093031346,
        16.6534185154719,
        2710.4354666761383,
        3220.2892723428768,
        16.760288075929623,
        -4.838433438589062,
        68.75959255082897,
        936.6520363888707,
        19.961350010965234,
        6.4172362826782745
    ],
    "best_fitness": [
        -1.1286209984745408
    ],
    "mutate_eta": 15,
    "mutate_prob": 0.8,
    "crossover_eta": 20,
    "crossover_prob": 0.2,
    "error_message": null,
    "timestamp": "2024-06-22T01:40:37.092901"
}