{
    "algorithm_desc": "pygad_algorithm",
    "config_name": "two_way_overtaking",
    "random_seed": 1,
    "evaluation_time": 84.552833,
    "number_of_generations": 400,
    "population_size": 100,
    "num_parents_mating": 8,
    "best_solution": [
        2303.961016388796,
        1498.0323156272152,
        0.7653099127249092,
        -6.925086786711116,
        3295.7223015998393,
        412.09880378790075,
        2.9595329768063294,
        -1.2371417277923022,
        2264.7482218343876,
        3296.396445672733,
        9.818820050239715,
        -17.086076893825194
    ],
    "best_fitness": [
        -0.6637362017913206
    ],
    "mutate_eta": 15,
    "mutate_prob": 0.8,
    "crossover_eta": 15,
    "crossover_prob": 1,
    "error_message": null,
    "timestamp": "2024-06-23T04:57:30.123697"
}