{
    "algorithm_desc": "pygad_algorithm",
    "config_name": "two_way_overtaking",
    "random_seed": 1,
    "evaluation_time": 109.14196,
    "number_of_generations": 400,
    "population_size": 150,
    "num_parents_mating": 8,
    "best_solution": [
        1458.5776837312053,
        1594.4747327628093,
        6.858737874718763,
        11.396960491461552,
        2311.13568637418,
        3179.171474494764,
        0.2620529887259302,
        0.48579795948949567,
        519.7815382952172,
        40.41817508653295,
        13.130688983281544,
        20.42557880176367
    ],
    "best_fitness": [
        -0.0029311924128561486
    ],
    "mutate_eta": 5,
    "mutate_prob": 0.2,
    "crossover_eta": 15,
    "crossover_prob": 0.2,
    "error_message": null,
    "timestamp": "2024-06-21T12:18:51.876496"
}