{
    "algorithm_desc": "pygad_algorithm",
    "config_name": "two_way_overtaking",
    "random_seed": 1,
    "evaluation_time": 367.881544,
    "number_of_generations": 1000,
    "population_size": 200,
    "num_parents_mating": 2,
    "best_solution": [
        2109.9750655620155,
        1797.6437502379988,
        4.173900582772159,
        -12.171976475160491,
        2677.2162054781406,
        83.34798798932592,
        2.522621616830488,
        -7.629172296685368,
        1523.9300987601878,
        3499.9861524274797,
        6.225811818692698,
        -17.204949534092663
    ],
    "best_fitness": [
        -0.000347700173941972
    ],
    "mutate_eta": 5,
    "mutate_prob": 0.2,
    "crossover_eta": 10,
    "crossover_prob": 1,
    "error_message": null,
    "timestamp": "2024-06-21T19:07:31.680476"
}