{
    "algorithm_desc": "pygad_algorithm",
    "config_name": "two_way_overtaking",
    "random_seed": 1,
    "evaluation_time": 8.17925,
    "number_of_generations": 200,
    "population_size": 20,
    "num_parents_mating": 4,
    "best_solution": [
        1597.198487495997,
        1933.6990546313325,
        -7.263063687612034,
        -2.156739275974246,
        9.234635971880179,
        1581.948259998434,
        -1.6121479252644733,
        -0.48524962148249884,
        3393.4757863063373,
        1445.8445799268247,
        -16.703557311949268,
        0.6859076227194372
    ],
    "best_fitness": [
        -0.2133834531394956
    ],
    "mutate_eta": 15,
    "mutate_prob": 0.5,
    "crossover_eta": 1,
    "crossover_prob": 0.2,
    "error_message": null,
    "timestamp": "2024-06-23T11:39:35.261617"
}