{
    "algorithm_desc": "pygad_algorithm",
    "config_name": "two_way_overtaking",
    "random_seed": 1,
    "evaluation_time": 19.685329,
    "number_of_generations": 1000,
    "population_size": 10,
    "num_parents_mating": 10,
    "best_solution": [
        1021.0242512014818,
        979.7643920712762,
        20.55072735358955,
        -6.99238928720575,
        2744.3884601304567,
        307.34844157102896,
        4.112761166444269,
        4.498425130136226,
        338.205390184483,
        2678.342240933631,
        19.02625601558126,
        -18.411001610436553
    ],
    "best_fitness": [
        -0.7142938088908833
    ],
    "mutate_eta": 15,
    "mutate_prob": 0.5,
    "crossover_eta": 1,
    "crossover_prob": 0.2,
    "error_message": null,
    "timestamp": "2024-06-20T17:10:06.945581"
}