{
    "algorithm_desc": "pygad_algorithm",
    "config_name": "two_way_overtaking",
    "random_seed": 1,
    "evaluation_time": 38.85761,
    "number_of_generations": 2000,
    "population_size": 10,
    "num_parents_mating": 4,
    "best_solution": [
        2527.215987894058,
        520.3711902149902,
        -17.55067689375405,
        0.04828244375911339,
        234.0931930210182,
        74.13583064763796,
        -15.041525115427536,
        0.3144213667359921,
        2991.300088214236,
        2389.619231304317,
        -15.217009672511784,
        -14.223560171625305
    ],
    "best_fitness": [
        -0.6374516184890593
    ],
    "mutate_eta": 15,
    "mutate_prob": 0.8,
    "crossover_eta": 1,
    "crossover_prob": 0.2,
    "error_message": null,
    "timestamp": "2024-06-22T01:27:17.185945"
}