{
    "algorithm_desc": "pygad_algorithm",
    "config_name": "two_way_overtaking",
    "random_seed": 1,
    "evaluation_time": 30.302262,
    "number_of_generations": 100,
    "population_size": 150,
    "num_parents_mating": 8,
    "best_solution": [
        1761.3703701974953,
        2347.328630232499,
        -11.47578803653213,
        1.4764124624452535,
        293.03159228836006,
        2378.897796031669,
        -5.428944262439739,
        2.3319345846315223,
        3494.9900968642787,
        1912.6279267128045,
        -19.485477844757256,
        4.280363741916116
    ],
    "best_fitness": [
        -0.25337367466811267
    ],
    "mutate_eta": 20,
    "mutate_prob": 0.5,
    "crossover_eta": 1,
    "crossover_prob": 0.2,
    "error_message": null,
    "timestamp": "2024-06-21T01:04:45.332253"
}