{
    "algorithm_desc": "pygad_algorithm",
    "config_name": "two_way_overtaking",
    "random_seed": 1,
    "evaluation_time": 82.000652,
    "number_of_generations": 400,
    "population_size": 100,
    "num_parents_mating": 8,
    "best_solution": [
        1667.4730191165431,
        1702.3487728600942,
        10.968513152916618,
        -12.352736669841855,
        2560.635497119519,
        387.94587511274244,
        2.1942625373225546,
        -2.760447201565043,
        23.774436975475822,
        3071.2398877171663,
        18.582739916890908,
        -16.97054658527718
    ],
    "best_fitness": [
        -0.21696930116867774
    ],
    "mutate_eta": 5,
    "mutate_prob": 0.5,
    "crossover_eta": 5,
    "crossover_prob": 0.2,
    "error_message": null,
    "timestamp": "2024-06-20T18:23:17.957281"
}