{
    "algorithm_desc": "pygad_algorithm",
    "config_name": "two_way_overtaking",
    "random_seed": 1,
    "evaluation_time": 18.537372,
    "number_of_generations": 200,
    "population_size": 50,
    "num_parents_mating": 8,
    "best_solution": [
        1217.0385148170858,
        1739.2800657014586,
        1.4378750571398022,
        -8.160488048903508,
        1512.1095819421878,
        3.843643966108423,
        0.6259538504857751,
        -4.650959431538558,
        834.0631657975092,
        3493.0227480942463,
        2.3049326758971134,
        -11.321932510893129
    ],
    "best_fitness": [
        -0.031076857033153167
    ],
    "mutate_eta": 15,
    "mutate_prob": 0.2,
    "crossover_eta": 1,
    "crossover_prob": 0.2,
    "error_message": null,
    "timestamp": "2024-06-21T22:54:23.119908"
}