{
    "algorithm_desc": "pygad_algorithm",
    "config_name": "two_way_overtaking",
    "random_seed": 1,
    "evaluation_time": 15.564982,
    "number_of_generations": 400,
    "population_size": 20,
    "num_parents_mating": 2,
    "best_solution": [
        570.7126447444301,
        1696.8209073388098,
        -4.578819516304534,
        -12.435535768024653,
        62.62221130386586,
        33.50986401263989,
        -2.6833939658104775,
        -5.250043703630524,
        2171.862556825729,
        2618.396528177543,
        -12.636295617219766,
        -17.482437079703317
    ],
    "best_fitness": [
        -0.25090603585771554
    ],
    "mutate_eta": 20,
    "mutate_prob": 0.5,
    "crossover_eta": 15,
    "crossover_prob": 0.2,
    "error_message": null,
    "timestamp": "2024-06-21T06:11:51.026641"
}