{
    "algorithm_desc": "pygad_algorithm",
    "config_name": "two_way_overtaking",
    "random_seed": 1,
    "evaluation_time": 20.917654,
    "number_of_generations": 50,
    "population_size": 200,
    "num_parents_mating": 4,
    "best_solution": [
        1601.1972018478607,
        1884.3304163080675,
        5.422677467550827,
        8.910713538233018,
        2532.855054356536,
        3494.736272561821,
        0.9685559643798634,
        5.142056227436779,
        210.74029165925694,
        302.5210592852986,
        16.53157010679655,
        19.865290289706195
    ],
    "best_fitness": [
        -0.26037160558153055
    ],
    "mutate_eta": 15,
    "mutate_prob": 0.5,
    "crossover_eta": 20,
    "crossover_prob": 1,
    "error_message": null,
    "timestamp": "2024-06-21T21:54:01.055993"
}