{
    "algorithm_desc": "pygad_algorithm",
    "config_name": "two_way_overtaking",
    "random_seed": 1,
    "evaluation_time": 121.15976,
    "number_of_generations": 400,
    "population_size": 150,
    "num_parents_mating": 8,
    "best_solution": [
        1761.3703701974953,
        2347.328630232499,
        -11.47578803653213,
        1.4764124624452535,
        293.03159228836006,
        2686.6180526856388,
        -5.428944262439739,
        2.3319345846315223,
        3494.9900968642787,
        1912.6279267128045,
        -19.940960794145564,
        4.280363741916116
    ],
    "best_fitness": [
        -0.23284505973471878
    ],
    "mutate_eta": 1,
    "mutate_prob": 0.5,
    "crossover_eta": 5,
    "crossover_prob": 0.2,
    "error_message": null,
    "timestamp": "2024-06-23T02:39:16.381853"
}