{
    "algorithm_desc": "pygad_algorithm",
    "config_name": "two_way_overtaking",
    "random_seed": 1,
    "evaluation_time": 14.627516,
    "number_of_generations": 400,
    "population_size": 20,
    "num_parents_mating": 8,
    "best_solution": [
        1736.6747757255052,
        1886.8768055407152,
        -8.491250904497967,
        -4.4792766502581784,
        272.43443542458493,
        851.2518611586906,
        -3.892787984454845,
        -2.873341954118338,
        3336.172015802406,
        2654.4563638098543,
        -19.006389074909304,
        -8.400218579759647
    ],
    "best_fitness": [
        -0.08682174311904314
    ],
    "mutate_eta": 1,
    "mutate_prob": 0.2,
    "crossover_eta": 1,
    "crossover_prob": 0.2,
    "error_message": null,
    "timestamp": "2024-06-23T08:20:33.319775"
}