{
    "algorithm_desc": "pygad_algorithm",
    "config_name": "two_way_overtaking",
    "random_seed": 1,
    "evaluation_time": 204.71214,
    "number_of_generations": 2000,
    "population_size": 50,
    "num_parents_mating": 4,
    "best_solution": [
        1518.6392512196526,
        1638.7389880900494,
        -9.5783971761932,
        7.827325268381248,
        172.34393080873167,
        2912.501321092664,
        -5.514353335580527,
        4.440909964224513,
        3122.40564267211,
        740.6480243104234,
        -19.16253038339414,
        12.238674152485054
    ],
    "best_fitness": [
        -0.07142384353513974
    ],
    "mutate_eta": 1,
    "mutate_prob": 0.5,
    "crossover_eta": 5,
    "crossover_prob": 1,
    "error_message": null,
    "timestamp": "2024-06-23T13:55:53.274794"
}