{
    "algorithm_desc": "pygad_algorithm",
    "config_name": "two_way_overtaking",
    "random_seed": 1,
    "evaluation_time": 10.374357,
    "number_of_generations": 100,
    "population_size": 50,
    "num_parents_mating": 10,
    "best_solution": [
        1866.5081800659004,
        2415.230296975379,
        14.068956155596808,
        -13.237912932860805,
        2392.709862824906,
        755.0083094557417,
        -6.504983636814087,
        -12.875658890272573,
        1302.1513040532573,
        3462.0203005573653,
        14.334126661570572,
        -14.030476007502514
    ],
    "best_fitness": [
        -0.8030257221204238
    ],
    "mutate_eta": 15,
    "mutate_prob": 0.5,
    "crossover_eta": 1,
    "crossover_prob": 0.5,
    "error_message": null,
    "timestamp": "2024-06-21T11:52:28.631732"
}