{
    "algorithm_desc": "pygad_algorithm",
    "config_name": "two_way_overtaking",
    "random_seed": 1,
    "evaluation_time": 2.928061,
    "number_of_generations": 50,
    "population_size": 20,
    "num_parents_mating": 10,
    "best_solution": [
        2097.395558575672,
        1794.2741136499117,
        -5.191011568353332,
        15.412260974915391,
        1541.1172265495761,
        3464.5920866799042,
        9.308263147211271,
        18.698653399055274,
        3358.1471239742373,
        997.2625100275067,
        -6.129484193440687,
        17.992151433620002
    ],
    "best_fitness": [
        -1.0129565559576619
    ],
    "mutate_eta": 15,
    "mutate_prob": 0.5,
    "crossover_eta": 15,
    "crossover_prob": 0.8,
    "error_message": null,
    "timestamp": "2024-06-20T14:55:53.524455"
}