{
    "algorithm_desc": "pygad_algorithm",
    "config_name": "two_way_overtaking",
    "random_seed": 1,
    "evaluation_time": 0.918045,
    "number_of_generations": 100,
    "population_size": 5,
    "num_parents_mating": 2,
    "best_solution": [
        1878.2306539087654,
        3386.6311412939117,
        -9.00278225,
        -17.11716565998499,
        933.2354575307232,
        1867.78670739924,
        -4.54308106996605,
        -7.635717021647915,
        3168.209680765641,
        1935.311063432562,
        -12.816768107279785,
        2.6465912607143416
    ],
    "best_fitness": [
        -0.7114196775078948
    ],
    "mutate_eta": 10,
    "mutate_prob": 0.2,
    "crossover_eta": 10,
    "crossover_prob": 0.5,
    "error_message": null,
    "timestamp": "2024-06-23T08:19:51.860003"
}