{
    "algorithm_desc": "pygad_algorithm",
    "config_name": "two_way_overtaking",
    "random_seed": 1,
    "evaluation_time": 275.309457,
    "number_of_generations": 1000,
    "population_size": 150,
    "num_parents_mating": 4,
    "best_solution": [
        2858.024650230767,
        1776.349113286554,
        0.05607976415351246,
        2.741966471184149,
        2801.408703003515,
        3499.8592030166083,
        -0.007289360473993867,
        0.2218883751739007,
        2803.755608756714,
        5.9977146143472275,
        1.536534998504738,
        19.59185364457572
    ],
    "best_fitness": [
        -0.02914177814261763
    ],
    "mutate_eta": 10,
    "mutate_prob": 0.2,
    "crossover_eta": 5,
    "crossover_prob": 0.5,
    "error_message": null,
    "timestamp": "2024-06-21T12:39:08.140377"
}