{
    "algorithm_desc": "pygad_algorithm",
    "config_name": "two_way_overtaking",
    "random_seed": 1,
    "evaluation_time": 212.640394,
    "number_of_generations": 1000,
    "population_size": 100,
    "num_parents_mating": 8,
    "best_solution": [
        2576.504769859803,
        2386.463520920547,
        -16.996777955310932,
        7.228165029338605,
        767.4124138904477,
        2553.7331887676523,
        -8.415306928701177,
        7.0891011101453,
        3045.183087212002,
        222.7384349605488,
        -17.33565959326392,
        19.642192216415438
    ],
    "best_fitness": [
        -0.5312276763649079
    ],
    "mutate_eta": 1,
    "mutate_prob": 0.8,
    "crossover_eta": 20,
    "crossover_prob": 0.8,
    "error_message": null,
    "timestamp": "2024-06-20T20:24:15.999631"
}