{
    "algorithm_desc": "pygad_algorithm",
    "config_name": "two_way_overtaking",
    "random_seed": 1,
    "evaluation_time": 5.516362,
    "number_of_generations": 2000,
    "population_size": 2,
    "num_parents_mating": 2,
    "best_solution": [
        1606.4297486967803,
        1242.1847405404772,
        -9.998938521899944,
        -11.711844849802555,
        160.67120489845104,
        431.31999093649654,
        -6.320448155117939,
        -9.983996371282123,
        1428.472269382713,
        2850.427101060867,
        13.37611529780979,
        -15.580525486355134
    ],
    "best_fitness": [
        -0.7611246717322014
    ],
    "mutate_eta": 20,
    "mutate_prob": 0.5,
    "crossover_eta": 20,
    "crossover_prob": 0.8,
    "error_message": null,
    "timestamp": "2024-06-22T23:10:19.364948"
}