{
    "algorithm_desc": "pygad_algorithm",
    "config_name": "two_way_overtaking",
    "random_seed": 1,
    "evaluation_time": 2.166532,
    "number_of_generations": 100,
    "population_size": 10,
    "num_parents_mating": 8,
    "best_solution": [
        611.5929160989557,
        1130.4343387671422,
        14.858979903647253,
        -2.2734218013132654,
        2200.4790829697263,
        1331.6338069570397,
        1.4315525955576618,
        0.20008451885859557,
        1453.0490742586137,
        2757.555087771984,
        2.431108736653588,
        -20.50370961279694
    ],
    "best_fitness": [
        -0.7586107632805521
    ],
    "mutate_eta": 10,
    "mutate_prob": 0.5,
    "crossover_eta": 5,
    "crossover_prob": 0.5,
    "error_message": null,
    "timestamp": "2024-06-23T19:45:12.839780"
}