{
    "algorithm_desc": "pygad_algorithm",
    "config_name": "two_way_overtaking",
    "random_seed": 1,
    "evaluation_time": 20.646,
    "number_of_generations": 100,
    "population_size": 100,
    "num_parents_mating": 2,
    "best_solution": [
        2584.590970908931,
        2484.1949144668843,
        0.5810557724493393,
        -7.463345181503039,
        2868.530238250631,
        932.7726158425166,
        3.789455907360871,
        -2.409407049913998,
        1244.130707012553,
        3311.3793438942107,
        16.49284509498466,
        -13.982904888378314
    ],
    "best_fitness": [
        -0.7818343581814692
    ],
    "mutate_eta": 1,
    "mutate_prob": 0.8,
    "crossover_eta": 5,
    "crossover_prob": 0.2,
    "error_message": null,
    "timestamp": "2024-06-22T15:13:00.329237"
}