{
    "algorithm_desc": "pygad_algorithm",
    "config_name": "two_way_overtaking",
    "random_seed": 1,
    "evaluation_time": 56.532885,
    "number_of_generations": 200,
    "population_size": 150,
    "num_parents_mating": 8,
    "best_solution": [
        1667.511477531114,
        1755.31762722614,
        -0.008664223605290289,
        -9.391576815943312,
        1665.4418049776527,
        0.8372289184609416,
        0.0,
        -6.610422311567634,
        1702.016843030182,
        3495.9538333283267,
        -0.25894427172343626,
        -12.605160318732999
    ],
    "best_fitness": [
        -0.031574573546994396
    ],
    "mutate_eta": 1,
    "mutate_prob": 0.2,
    "crossover_eta": 5,
    "crossover_prob": 1,
    "error_message": null,
    "timestamp": "2024-06-21T02:13:59.220340"
}