{
    "algorithm_desc": "pygad_algorithm",
    "config_name": "two_way_overtaking",
    "random_seed": 1,
    "evaluation_time": 1.801739,
    "number_of_generations": 200,
    "population_size": 5,
    "num_parents_mating": 2,
    "best_solution": [
        1762.2832844693878,
        1956.3896419844375,
        -19.21870646782052,
        -7.422403527852792,
        389.1193317193211,
        1059.2925529920708,
        -4.54308106996605,
        -2.0859459124258954,
        3256.471174329295,
        3004.782887681649,
        -20.322200876660407,
        -8.346853149664218
    ],
    "best_fitness": [
        -0.18812598119207377
    ],
    "mutate_eta": 15,
    "mutate_prob": 0.2,
    "crossover_eta": 10,
    "crossover_prob": 1,
    "error_message": null,
    "timestamp": "2024-06-23T04:29:56.418223"
}