{
    "algorithm_desc": "pygad_algorithm",
    "config_name": "two_way_overtaking",
    "random_seed": 1,
    "evaluation_time": 85.005401,
    "number_of_generations": 400,
    "population_size": 100,
    "num_parents_mating": 2,
    "best_solution": [
        2571.372333839685,
        1808.7112671994676,
        -1.7724802781631048,
        3.4492170669973774,
        1793.9183060591965,
        3457.131962893212,
        -0.5321417747252326,
        1.1294683573056616,
        3403.8540171048135,
        196.7667074360916,
        -2.8922228093862756,
        5.312682425095382
    ],
    "best_fitness": [
        -0.0028577098881991773
    ],
    "mutate_eta": 20,
    "mutate_prob": 0.2,
    "crossover_eta": 10,
    "crossover_prob": 0.2,
    "error_message": null,
    "timestamp": "2024-06-20T16:10:23.833506"
}