{
    "algorithm_desc": "pygad_algorithm",
    "config_name": "two_way_overtaking",
    "random_seed": 1,
    "evaluation_time": 205.70353,
    "number_of_generations": 1000,
    "population_size": 100,
    "num_parents_mating": 10,
    "best_solution": [
        2069.184727786262,
        2031.8533416799391,
        16.584805568641492,
        13.162649321019856,
        3176.947122888178,
        3019.020548881621,
        7.946340394650306,
        6.593341117280474,
        450.3933739696505,
        1279.4455962074628,
        19.477407903708816,
        13.303276316806006
    ],
    "best_fitness": [
        -0.23918300814752186
    ],
    "mutate_eta": 1,
    "mutate_prob": 0.5,
    "crossover_eta": 5,
    "crossover_prob": 0.8,
    "error_message": null,
    "timestamp": "2024-06-23T13:10:45.980198"
}