{
    "algorithm_desc": "pygad_algorithm",
    "config_name": "two_way_overtaking",
    "random_seed": 1,
    "evaluation_time": 15.445748,
    "number_of_generations": 400,
    "population_size": 20,
    "num_parents_mating": 4,
    "best_solution": [
        1342.124861193434,
        1742.697120570918,
        -9.794469805666335,
        -12.228567703464247,
        208.0801505069475,
        211.32005097440353,
        -6.340397309343363,
        -7.8941420151484,
        2503.938310700337,
        3205.7052650348496,
        -16.219589269118977,
        -19.45205864131618
    ],
    "best_fitness": [
        -0.012648082844921464
    ],
    "mutate_eta": 20,
    "mutate_prob": 0.2,
    "crossover_eta": 1,
    "crossover_prob": 1,
    "error_message": null,
    "timestamp": "2024-06-22T07:36:28.860748"
}