{
    "algorithm_desc": "pygad_algorithm",
    "config_name": "two_way_overtaking",
    "random_seed": 1,
    "evaluation_time": 76.854162,
    "number_of_generations": 400,
    "population_size": 100,
    "num_parents_mating": 10,
    "best_solution": [
        1812.347410458753,
        2132.5428263450854,
        -8.50913767622237,
        6.691148346370063,
        408.48353734130103,
        3332.785745949783,
        -1.6266033064061851,
        1.3977838020733806,
        3306.6475986711134,
        957.6037144121673,
        -20.42674782557044,
        15.099512160475896
    ],
    "best_fitness": [
        -0.001038831569017423
    ],
    "mutate_eta": 15,
    "mutate_prob": 0.2,
    "crossover_eta": 5,
    "crossover_prob": 1,
    "error_message": null,
    "timestamp": "2024-06-22T23:28:57.111268"
}