{
    "algorithm_desc": "pygad_algorithm",
    "config_name": "two_way_overtaking",
    "random_seed": 1,
    "evaluation_time": 36.610957,
    "number_of_generations": 400,
    "population_size": 50,
    "num_parents_mating": 4,
    "best_solution": [
        1172.6279852266046,
        1864.6049828610205,
        13.774981810444984,
        5.895914447150652,
        2876.347566992049,
        2554.1509806688514,
        6.806132741176292,
        2.798218655117296,
        4.107375264560565,
        436.0245355231155,
        16.972400548093077,
        9.440672539088421
    ],
    "best_fitness": [
        -0.12537253301384765
    ],
    "mutate_eta": 5,
    "mutate_prob": 0.2,
    "crossover_eta": 5,
    "crossover_prob": 1,
    "error_message": null,
    "timestamp": "2024-06-22T03:40:42.963156"
}