{
    "algorithm_desc": "pygad_algorithm",
    "config_name": "two_way_overtaking",
    "random_seed": 1,
    "evaluation_time": 10.743859,
    "number_of_generations": 50,
    "population_size": 100,
    "num_parents_mating": 4,
    "best_solution": [
        1393.079341117461,
        2689.9875628704467,
        18.13030661170177,
        7.86367213738345,
        2668.576712701427,
        3066.4896474479197,
        5.0280385576915165,
        1.3852239002481674,
        2139.66866452068,
        1014.7921299700068,
        17.06972904869081,
        11.007372677724184
    ],
    "best_fitness": [
        -0.6961163875258446
    ],
    "mutate_eta": 10,
    "mutate_prob": 0.8,
    "crossover_eta": 20,
    "crossover_prob": 0.2,
    "error_message": null,
    "timestamp": "2024-06-23T16:12:54.382435"
}