{
    "algorithm_desc": "pygad_algorithm",
    "config_name": "two_way_overtaking",
    "random_seed": 1,
    "evaluation_time": 20.353825,
    "number_of_generations": 1000,
    "population_size": 10,
    "num_parents_mating": 8,
    "best_solution": [
        1757.648406337811,
        625.695401270362,
        9.666468345367743,
        -3.6734447270771113,
        2413.717853205693,
        796.7938796511387,
        2.458253571375735,
        3.701007024510016,
        242.57701004095134,
        1682.9456438040008,
        11.133923458226874,
        -5.161966161358942
    ],
    "best_fitness": [
        -0.8331290861711168
    ],
    "mutate_eta": 20,
    "mutate_prob": 0.8,
    "crossover_eta": 10,
    "crossover_prob": 0.8,
    "error_message": null,
    "timestamp": "2024-06-21T11:55:18.392716"
}