{
    "algorithm_desc": "pygad_algorithm",
    "config_name": "two_way_overtaking",
    "random_seed": 1,
    "evaluation_time": 37.438268,
    "number_of_generations": 100,
    "population_size": 200,
    "num_parents_mating": 2,
    "best_solution": [
        2300.2088883467427,
        2170.8139014547537,
        4.168050682505015,
        -12.093853656176035,
        2397.81460029903,
        366.582340628865,
        0.0,
        -0.04345095252908138,
        1075.3414406685317,
        3499.4294483198323,
        8.175191854793436,
        -17.04915984746888
    ],
    "best_fitness": [
        -0.17617359228776647
    ],
    "mutate_eta": 1,
    "mutate_prob": 0.2,
    "crossover_eta": 15,
    "crossover_prob": 1,
    "error_message": null,
    "timestamp": "2024-06-23T04:18:05.022709"
}