{
    "algorithm_desc": "pygad_algorithm",
    "config_name": "two_way_overtaking",
    "random_seed": 1,
    "evaluation_time": 77.819143,
    "number_of_generations": 2000,
    "population_size": 20,
    "num_parents_mating": 4,
    "best_solution": [
        1712.1887375291121,
        1668.2437591667237,
        -10.303241345010656,
        -2.156739275974246,
        9.234635971880179,
        1221.690694658832,
        -1.6121479252644733,
        -0.48524962148249884,
        3286.151186293569,
        2402.3602048754537,
        -16.703557311949268,
        -7.029317836700127
    ],
    "best_fitness": [
        -0.13368582232355833
    ],
    "mutate_eta": 20,
    "mutate_prob": 0.5,
    "crossover_eta": 10,
    "crossover_prob": 0.2,
    "error_message": null,
    "timestamp": "2024-06-21T19:40:42.110045"
}