{
    "algorithm_desc": "pygad_algorithm",
    "config_name": "two_way_overtaking",
    "random_seed": 1,
    "evaluation_time": 41.32836,
    "number_of_generations": 100,
    "population_size": 200,
    "num_parents_mating": 10,
    "best_solution": [
        1619.7488896745647,
        1431.0488212322714,
        9.732930634777649,
        8.767823004637226,
        3381.131928066126,
        1796.6963946694898,
        8.333531410546218,
        8.71740079900129,
        210.08828239421163,
        216.3661077242849,
        20.26998189748224,
        18.63231464036854
    ],
    "best_fitness": [
        -0.19208696871979336
    ],
    "mutate_eta": 10,
    "mutate_prob": 0.5,
    "crossover_eta": 1,
    "crossover_prob": 0.5,
    "error_message": null,
    "timestamp": "2024-06-21T13:07:25.885835"
}