{
    "algorithm_desc": "pygad_algorithm",
    "config_name": "two_way_overtaking",
    "random_seed": 1,
    "evaluation_time": 5.460862,
    "number_of_generations": 50,
    "population_size": 50,
    "num_parents_mating": 8,
    "best_solution": [
        1879.8797456392565,
        1909.508037306229,
        -17.275825693913458,
        6.603110114611827,
        806.8231434965214,
        3291.9033771351837,
        -1.1946070745552397,
        14.89882913479395,
        2783.6724536146057,
        63.933511982060374,
        -16.1995160989082,
        18.151136729130563
    ],
    "best_fitness": [
        -0.8879040282149637
    ],
    "mutate_eta": 15,
    "mutate_prob": 0.8,
    "crossover_eta": 10,
    "crossover_prob": 0.5,
    "error_message": null,
    "timestamp": "2024-06-21T02:53:17.886510"
}