{
    "algorithm_desc": "pygad_algorithm",
    "config_name": "two_way_overtaking",
    "random_seed": 1,
    "evaluation_time": 14.355665,
    "number_of_generations": 50,
    "population_size": 150,
    "num_parents_mating": 2,
    "best_solution": [
        2177.9633170048855,
        1699.1640990018311,
        0.25672104208481983,
        6.762802730048964,
        2177.988822984883,
        3439.323755585946,
        0.0,
        1.312369231787315,
        1703.3935597141835,
        35.37681410028332,
        4.325511149037897,
        18.34102760705978
    ],
    "best_fitness": [
        -0.0935063600886449
    ],
    "mutate_eta": 5,
    "mutate_prob": 0.2,
    "crossover_eta": 5,
    "crossover_prob": 0.8,
    "error_message": null,
    "timestamp": "2024-06-23T12:59:43.423873"
}