{
    "algorithm_desc": "pygad_algorithm",
    "config_name": "two_way_overtaking",
    "random_seed": 1,
    "evaluation_time": 171.731242,
    "number_of_generations": 400,
    "population_size": 200,
    "num_parents_mating": 8,
    "best_solution": [
        1475.3270737208768,
        1660.1876314025274,
        10.058160164045884,
        -13.377831031586467,
        2407.242039226107,
        898.8165441140032,
        7.553286181864426,
        -9.801646948224985,
        568.5658278846053,
        2497.336038056643,
        17.82462746226944,
        -18.658612921411116
    ],
    "best_fitness": [
        -0.4838951972978463
    ],
    "mutate_eta": 15,
    "mutate_prob": 0.8,
    "crossover_eta": 1,
    "crossover_prob": 1,
    "error_message": null,
    "timestamp": "2024-06-22T05:41:04.016166"
}