{
    "algorithm_desc": "pygad_algorithm",
    "config_name": "two_way_overtaking",
    "random_seed": 1,
    "evaluation_time": 55.666092,
    "number_of_generations": 200,
    "population_size": 150,
    "num_parents_mating": 2,
    "best_solution": [
        2058.7178086798313,
        1747.6324800184007,
        0.727014998037351,
        5.972428617557608,
        2165.1462782597614,
        3485.7784391847918,
        0.0,
        0.013402930442182992,
        1703.3935597141835,
        9.265724683156728,
        4.424908356838774,
        19.996510649366307
    ],
    "best_fitness": [
        -0.05707225172027235
    ],
    "mutate_eta": 5,
    "mutate_prob": 0.2,
    "crossover_eta": 5,
    "crossover_prob": 0.8,
    "error_message": null,
    "timestamp": "2024-06-22T08:49:51.449550"
}