{
    "algorithm_desc": "pygad_algorithm",
    "config_name": "two_way_overtaking",
    "random_seed": 1,
    "evaluation_time": 41.164469,
    "number_of_generations": 1000,
    "population_size": 20,
    "num_parents_mating": 4,
    "best_solution": [
        1186.535641686696,
        1118.85621870468,
        -8.715896681579226,
        7.823419571338292,
        204.61317842545424,
        2347.4048677185597,
        -1.6590272403015547,
        2.755681493576809,
        3013.998016314142,
        1524.9546324494322,
        -20.42859442312994,
        6.811121992501025
    ],
    "best_fitness": [
        -0.41491598525236967
    ],
    "mutate_eta": 10,
    "mutate_prob": 0.8,
    "crossover_eta": 20,
    "crossover_prob": 1,
    "error_message": null,
    "timestamp": "2024-06-22T20:40:47.884988"
}