{
    "algorithm_desc": "pygad_algorithm",
    "config_name": "two_way_overtaking",
    "random_seed": 1,
    "evaluation_time": 27.857895,
    "number_of_generations": 100,
    "population_size": 150,
    "num_parents_mating": 10,
    "best_solution": [
        1660.0402799491308,
        1741.5237042322099,
        -0.045675515036254666,
        15.839266687058725,
        1690.9421214850638,
        3496.06763043472,
        0.169969982477717,
        9.27369427457311,
        1664.453155031241,
        9.265724683156728,
        0.0,
        16.76173466383191
    ],
    "best_fitness": [
        -0.030342135121664053
    ],
    "mutate_eta": 1,
    "mutate_prob": 0.2,
    "crossover_eta": 10,
    "crossover_prob": 0.2,
    "error_message": null,
    "timestamp": "2024-06-21T22:43:03.312332"
}