{
    "algorithm_desc": "pygad_algorithm",
    "config_name": "two_way_overtaking",
    "random_seed": 1,
    "evaluation_time": 7.90657,
    "number_of_generations": 400,
    "population_size": 10,
    "num_parents_mating": 4,
    "best_solution": [
        1590.6554741129594,
        2202.1737525662606,
        -8.26272028363187,
        -15.724354343137595,
        208.05143630189482,
        915.800088856711,
        1.2537557518647198,
        -2.49388670042476,
        2808.0968789932153,
        3399.465451218564,
        -19.6576496800127,
        -17.94825473622448
    ],
    "best_fitness": [
        -0.6224716033302212
    ],
    "mutate_eta": 10,
    "mutate_prob": 0.5,
    "crossover_eta": 10,
    "crossover_prob": 0.5,
    "error_message": null,
    "timestamp": "2024-06-23T14:03:45.583452"
}