{
    "algorithm_desc": "pygad_algorithm",
    "config_name": "two_way_overtaking",
    "random_seed": 1,
    "evaluation_time": 379.252216,
    "number_of_generations": 2000,
    "population_size": 100,
    "num_parents_mating": 10,
    "best_solution": [
        1716.9064113725822,
        2193.467091210224,
        -6.4173196999003945,
        5.398618827326995,
        292.74618889125196,
        3348.634658928637,
        -2.352598552070468,
        1.9078411954513186,
        3169.1077517801245,
        971.6588492182905,
        -18.462998676136397,
        14.493654206329524
    ],
    "best_fitness": [
        -4.126751706637188e-05
    ],
    "mutate_eta": 1,
    "mutate_prob": 0.2,
    "crossover_eta": 5,
    "crossover_prob": 0.8,
    "error_message": null,
    "timestamp": "2024-06-21T17:05:10.308105"
}