{
    "algorithm_desc": "pygad_algorithm",
    "config_name": "two_way_overtaking",
    "random_seed": 1,
    "evaluation_time": 38.020442,
    "number_of_generations": 100,
    "population_size": 200,
    "num_parents_mating": 8,
    "best_solution": [
        1794.243098043962,
        2749.8597046143514,
        -1.399644242146831,
        0.0,
        1.8316196876282942,
        2743.3784486007075,
        -0.09836925141521036,
        0.0,
        3496.3379645035693,
        2738.6506945722854,
        -20.429036312594153,
        1.2375089049916106
    ],
    "best_fitness": [
        -0.029458367418437208
    ],
    "mutate_eta": 15,
    "mutate_prob": 0.2,
    "crossover_eta": 20,
    "crossover_prob": 1,
    "error_message": null,
    "timestamp": "2024-06-23T08:00:51.259947"
}