{
    "algorithm_desc": "pygad_algorithm",
    "config_name": "two_way_overtaking",
    "random_seed": 1,
    "evaluation_time": 0.629847,
    "number_of_generations": 200,
    "population_size": 2,
    "num_parents_mating": 2,
    "best_solution": [
        1675.0307724952377,
        2868.6163150551656,
        18.348419841732046,
        -9.082198699196548,
        3211.2440176784908,
        1513.2445816752042,
        14.309813045781453,
        -1.8907260098693364,
        53.91231927172313,
        3055.738519564848,
        17.115728393979218,
        6.765977785484331
    ],
    "best_fitness": [
        -0.8719540539882353
    ],
    "mutate_eta": 10,
    "mutate_prob": 0.5,
    "crossover_eta": 5,
    "crossover_prob": 0.2,
    "error_message": null,
    "timestamp": "2024-06-21T07:28:16.651321"
}