{
    "algorithm_desc": "pygad_algorithm",
    "config_name": "two_way_overtaking",
    "random_seed": 1,
    "evaluation_time": 306.432058,
    "number_of_generations": 1000,
    "population_size": 150,
    "num_parents_mating": 10,
    "best_solution": [
        2199.550870849969,
        1943.8117637899225,
        5.687128164516231,
        9.980804729825806,
        2777.0801243828564,
        3435.9685286578115,
        2.7501090584061814,
        4.498353334970712,
        1214.6426905200144,
        428.6478056585152,
        11.18924505260108,
        16.07280890315272
    ],
    "best_fitness": [
        -0.15066296900594311
    ],
    "mutate_eta": 1,
    "mutate_prob": 0.5,
    "crossover_eta": 15,
    "crossover_prob": 0.8,
    "error_message": null,
    "timestamp": "2024-06-22T03:35:29.060706"
}