{
    "algorithm_desc": "pygad_algorithm",
    "config_name": "two_way_overtaking",
    "random_seed": 1,
    "evaluation_time": 39.126746,
    "number_of_generations": 2000,
    "population_size": 10,
    "num_parents_mating": 8,
    "best_solution": [
        1621.6380028687906,
        2345.505341712421,
        12.495012317851561,
        9.55535748189886,
        3395.6158039638935,
        2351.554837678318,
        -1.0912777232495223,
        6.872446363479071,
        251.39436381379454,
        974.5568195472822,
        17.819718322394948,
        13.59449110879558
    ],
    "best_fitness": [
        -0.5907164165288332
    ],
    "mutate_eta": 5,
    "mutate_prob": 0.5,
    "crossover_eta": 20,
    "crossover_prob": 1,
    "error_message": null,
    "timestamp": "2024-06-23T12:39:14.193494"
}