{
    "algorithm_desc": "pygad_algorithm",
    "config_name": "two_way_overtaking",
    "random_seed": 1,
    "evaluation_time": 95.402027,
    "number_of_generations": 1000,
    "population_size": 50,
    "num_parents_mating": 10,
    "best_solution": [
        1724.911987139549,
        1623.9516724002817,
        8.087395005114232,
        9.076895251864816,
        2926.6269499719333,
        2962.7572249956843,
        4.206002159080686,
        4.691335673979729,
        503.766966633707,
        262.1733788188078,
        14.25391577363635,
        15.185186642329356
    ],
    "best_fitness": [
        -0.002260451507553785
    ],
    "mutate_eta": 5,
    "mutate_prob": 0.2,
    "crossover_eta": 10,
    "crossover_prob": 1,
    "error_message": null,
    "timestamp": "2024-06-23T11:11:55.537818"
}