{
    "algorithm_desc": "pygad_algorithm",
    "config_name": "two_way_overtaking",
    "random_seed": 1,
    "evaluation_time": 18.35088,
    "number_of_generations": 200,
    "population_size": 50,
    "num_parents_mating": 4,
    "best_solution": [
        1616.0571698236213,
        1747.2106275872168,
        -13.895143791944044,
        -11.739478708201917,
        226.97043610104188,
        549.9719409228703,
        -10.43275288822371,
        -9.00278225,
        2873.997947581153,
        3074.785011477336,
        -20.534666292806794,
        -17.936599857306803
    ],
    "best_fitness": [
        -0.029214018967460457
    ],
    "mutate_eta": 15,
    "mutate_prob": 0.2,
    "crossover_eta": 1,
    "crossover_prob": 0.5,
    "error_message": null,
    "timestamp": "2024-06-21T00:27:36.353227"
}