{
    "algorithm_desc": "pygad_algorithm",
    "config_name": "two_way_overtaking",
    "random_seed": 1,
    "evaluation_time": 2.058298,
    "number_of_generations": 50,
    "population_size": 20,
    "num_parents_mating": 10,
    "best_solution": [
        549.9719409228703,
        847.2829321971924,
        19.099645666578297,
        -4.5459744489225145,
        2080.0179875533254,
        1122.9711556030259,
        6.307423407704388,
        0.0,
        665.992189376653,
        2505.3943350036297,
        16.245258699478043,
        -13.577955298189494
    ],
    "best_fitness": [
        -0.6894050374333055
    ],
    "mutate_eta": 5,
    "mutate_prob": 0.2,
    "crossover_eta": 10,
    "crossover_prob": 1,
    "error_message": null,
    "timestamp": "2024-06-22T07:19:00.316061"
}