{
    "algorithm_desc": "pygad_algorithm",
    "config_name": "two_way_overtaking",
    "random_seed": 1,
    "evaluation_time": 36.082686,
    "number_of_generations": 100,
    "population_size": 200,
    "num_parents_mating": 4,
    "best_solution": [
        2814.1525330632326,
        1787.158944086444,
        3.658385977163576,
        7.039718692614521,
        3473.674707472793,
        3475.4999105042784,
        0.0,
        9.586688454632508e-05,
        1928.0294195161666,
        107.83671128268712,
        9.782303128114389,
        17.242742286027017
    ],
    "best_fitness": [
        -0.10896934352185562
    ],
    "mutate_eta": 5,
    "mutate_prob": 0.2,
    "crossover_eta": 10,
    "crossover_prob": 0.2,
    "error_message": null,
    "timestamp": "2024-06-21T15:43:23.578496"
}