{
    "algorithm_desc": "pygad_algorithm",
    "config_name": "two_way_overtaking",
    "random_seed": 1,
    "evaluation_time": 20.976241,
    "number_of_generations": 200,
    "population_size": 50,
    "num_parents_mating": 8,
    "best_solution": [
        783.4935165233917,
        681.4624958911488,
        -19.162069051916642,
        11.812233891592207,
        3.4627636317039467,
        1499.8216475190063,
        -13.2070106900978,
        9.449733139701728,
        2357.6773755059558,
        1722.9632942522505,
        -20.44091611109116,
        -5.022675384216797
    ],
    "best_fitness": [
        -0.84339748693917
    ],
    "mutate_eta": 5,
    "mutate_prob": 0.8,
    "crossover_eta": 15,
    "crossover_prob": 1,
    "error_message": null,
    "timestamp": "2024-06-21T18:29:25.052669"
}