{
    "algorithm_desc": "pygad_algorithm",
    "config_name": "two_way_overtaking",
    "random_seed": 1,
    "evaluation_time": 88.663055,
    "number_of_generations": 400,
    "population_size": 100,
    "num_parents_mating": 8,
    "best_solution": [
        1364.3026128049482,
        1482.2474768588918,
        14.190226849520371,
        5.943655187092062,
        2969.882460181776,
        2004.0670260958516,
        7.442116933025833,
        -7.639131104284106,
        57.757907926416884,
        139.45482373376876,
        19.795607608948806,
        12.927220364139224
    ],
    "best_fitness": [
        -0.6310633232376267
    ],
    "mutate_eta": 1,
    "mutate_prob": 1,
    "crossover_eta": 15,
    "crossover_prob": 1,
    "error_message": null,
    "timestamp": "2024-06-22T04:40:53.834628"
}