{
    "algorithm_desc": "pygad_algorithm",
    "config_name": "two_way_overtaking",
    "random_seed": 1,
    "evaluation_time": 15.075358,
    "number_of_generations": 400,
    "population_size": 20,
    "num_parents_mating": 4,
    "best_solution": [
        1735.279522421793,
        1099.8962542096167,
        10.55190487398217,
        -0.3118167049359215,
        3445.1141888747748,
        1094.7198889835593,
        3.723233652144234,
        0.0,
        14.542557990444127,
        1040.4404477695905,
        20.318123289024065,
        -0.5477097673470794
    ],
    "best_fitness": [
        -0.059539755230776314
    ],
    "mutate_eta": 10,
    "mutate_prob": 0.2,
    "crossover_eta": 10,
    "crossover_prob": 0.8,
    "error_message": null,
    "timestamp": "2024-06-22T10:01:41.300250"
}