{
    "algorithm_desc": "pygad_algorithm",
    "config_name": "two_way_overtaking",
    "random_seed": 1,
    "evaluation_time": 19.104932,
    "number_of_generations": 50,
    "population_size": 200,
    "num_parents_mating": 8,
    "best_solution": [
        3093.791830541501,
        1860.918748261255,
        2.3486276633894683,
        -8.14613446577873,
        3297.9961435464847,
        65.32942120230317,
        0.0,
        -0.47193685332712576,
        2505.217246591018,
        3491.78133785253,
        6.8261157346221,
        -18.86712453375495
    ],
    "best_fitness": [
        -0.09493507711362005
    ],
    "mutate_eta": 1,
    "mutate_prob": 0.2,
    "crossover_eta": 20,
    "crossover_prob": 0.5,
    "error_message": null,
    "timestamp": "2024-06-22T17:23:27.836089"
}