{
    "algorithm_desc": "pygad_algorithm",
    "config_name": "two_way_overtaking",
    "random_seed": 1,
    "evaluation_time": 17.00328,
    "number_of_generations": 1000,
    "population_size": 10,
    "num_parents_mating": 2,
    "best_solution": [
        2769.8170289433656,
        1712.3344292520333,
        -5.132605601410555,
        -11.96478285908954,
        2020.183378702204,
        40.95339202821652,
        -3.9179321961938953,
        -8.780130893653563,
        3431.529294742672,
        3388.946473584272,
        -7.165889204753579,
        -17.941304492984816
    ],
    "best_fitness": [
        -0.010169547584639862
    ],
    "mutate_eta": 10,
    "mutate_prob": 0.2,
    "crossover_eta": 10,
    "crossover_prob": 0.5,
    "error_message": null,
    "timestamp": "2024-06-21T11:52:00.069551"
}