{
    "algorithm_desc": "pygad_algorithm",
    "config_name": "two_way_overtaking",
    "random_seed": 1,
    "evaluation_time": 3.485367,
    "number_of_generations": 400,
    "population_size": 5,
    "num_parents_mating": 2,
    "best_solution": [
        2016.005756299221,
        1909.423738440427,
        -14.94688600528768,
        -7.422403527852792,
        389.1193317193211,
        1058.2558187763595,
        -4.023543320835202,
        -2.0859459124258954,
        3473.0812199300053,
        3004.782887681649,
        -20.322200876660407,
        -10.373231061102361
    ],
    "best_fitness": [
        -0.06831834446483297
    ],
    "mutate_eta": 20,
    "mutate_prob": 0.2,
    "crossover_eta": 20,
    "crossover_prob": 1,
    "error_message": null,
    "timestamp": "2024-06-21T19:49:03.957563"
}