{
    "algorithm_desc": "pygad_algorithm",
    "config_name": "two_way_overtaking",
    "random_seed": 1,
    "evaluation_time": 98.077205,
    "number_of_generations": 1000,
    "population_size": 50,
    "num_parents_mating": 2,
    "best_solution": [
        2058.7170728377937,
        1654.393813246555,
        -5.923878453713767,
        -11.435538889151417,
        1114.7114281742922,
        44.557222249622995,
        -3.250104418722863,
        -7.178691852536213,
        2837.5280532420043,
        3465.6523911574873,
        -7.7023065971457925,
        -16.848289185028705
    ],
    "best_fitness": [
        -0.07129433112118475
    ],
    "mutate_eta": 20,
    "mutate_prob": 0.5,
    "crossover_eta": 10,
    "crossover_prob": 0.2,
    "error_message": null,
    "timestamp": "2024-06-20T19:42:58.011424"
}