{
    "algorithm_desc": "pygad_algorithm",
    "config_name": "two_way_overtaking",
    "random_seed": 1,
    "evaluation_time": 9.440606,
    "number_of_generations": 1000,
    "population_size": 5,
    "num_parents_mating": 2,
    "best_solution": [
        1711.8371047832281,
        1385.9140072546247,
        -18.167502657522707,
        15.938989142855654,
        36.017448444737646,
        1878.2152836013292,
        -2.832185640694938,
        0.4006007283632016,
        1932.7414889427305,
        1039.364119095979,
        -19.835252786649814,
        20.54808881452344
    ],
    "best_fitness": [
        -0.6353148739940316
    ],
    "mutate_eta": 1,
    "mutate_prob": 0.8,
    "crossover_eta": 1,
    "crossover_prob": 0.8,
    "error_message": null,
    "timestamp": "2024-06-23T05:25:56.147689"
}