{
    "algorithm_desc": "pygad_algorithm",
    "config_name": "two_way_overtaking",
    "random_seed": 1,
    "evaluation_time": 15.209334,
    "number_of_generations": 50,
    "population_size": 150,
    "num_parents_mating": 2,
    "best_solution": [
        1738.0138729621497,
        1147.8398449850386,
        10.357985715766063,
        9.117381592016738,
        3058.105428096831,
        2063.4139851516356,
        1.7754494743088287,
        1.0581271969365815,
        430.7251583339696,
        100.46147304159864,
        20.209542000511092,
        17.79011928890621
    ],
    "best_fitness": [
        -0.13432367709921966
    ],
    "mutate_eta": 1,
    "mutate_prob": 0.5,
    "crossover_eta": 20,
    "crossover_prob": 0.5,
    "error_message": null,
    "timestamp": "2024-06-23T13:39:26.269157"
}