{
    "algorithm_desc": "pygad_algorithm",
    "config_name": "two_way_overtaking",
    "random_seed": 1,
    "evaluation_time": 149.859012,
    "number_of_generations": 400,
    "population_size": 200,
    "num_parents_mating": 8,
    "best_solution": [
        1789.4583264673056,
        2742.19426327145,
        -1.3936040453533778,
        0.002535235092814503,
        1.717657241252113,
        2743.3784486007075,
        -0.009072585745581563,
        0.0,
        3499.0741010501583,
        2738.6506945722854,
        -20.50808622973655,
        1.1622946482533152
    ],
    "best_fitness": [
        -0.026337801730677214
    ],
    "mutate_eta": 5,
    "mutate_prob": 0.2,
    "crossover_eta": 15,
    "crossover_prob": 1,
    "error_message": null,
    "timestamp": "2024-06-22T21:38:44.699707"
}