{
    "algorithm_desc": "pygad_algorithm",
    "config_name": "two_way_overtaking",
    "random_seed": 1,
    "evaluation_time": 3.786839,
    "number_of_generations": 400,
    "population_size": 5,
    "num_parents_mating": 2,
    "best_solution": [
        1871.0541890872262,
        2752.9607141157408,
        5.558145588008873,
        -8.384806538885933,
        3431.304321378797,
        3014.1173191420485,
        2.432594295852816,
        13.355289840356747,
        669.8265922297788,
        3426.327645998656,
        16.465899499566532,
        -11.830316463785808
    ],
    "best_fitness": [
        -1.1032050987492517
    ],
    "mutate_eta": 10,
    "mutate_prob": 0.8,
    "crossover_eta": 5,
    "crossover_prob": 0.8,
    "error_message": null,
    "timestamp": "2024-06-23T07:05:22.507988"
}