{
    "algorithm_desc": "pygad_algorithm",
    "config_name": "two_way_overtaking",
    "random_seed": 1,
    "evaluation_time": 278.330387,
    "number_of_generations": 1000,
    "population_size": 150,
    "num_parents_mating": 10,
    "best_solution": [
        1660.0402799491308,
        1746.174800441735,
        -0.07467686859330769,
        15.80537985183652,
        1690.9421214850638,
        3498.9229565079304,
        0.169969982477717,
        9.61328422041575,
        1664.453155031241,
        0.7242311930986123,
        0.0,
        17.15994545036139
    ],
    "best_fitness": [
        -0.02639530810979275
    ],
    "mutate_eta": 10,
    "mutate_prob": 0.2,
    "crossover_eta": 10,
    "crossover_prob": 0.2,
    "error_message": null,
    "timestamp": "2024-06-21T23:13:20.944446"
}