{
    "algorithm_desc": "pygad_algorithm",
    "config_name": "two_way_overtaking",
    "random_seed": 1,
    "evaluation_time": 5.083185,
    "number_of_generations": 50,
    "population_size": 50,
    "num_parents_mating": 10,
    "best_solution": [
        1583.9230578142285,
        2390.784827038078,
        5.187411011693108,
        3.027448724643918,
        2961.0215187912736,
        3299.86783359547,
        0.871151166533263,
        0.40105082135709225,
        155.09079541586607,
        1159.6063638180954,
        18.900704748874226,
        12.743209803462214
    ],
    "best_fitness": [
        -0.13193355903426676
    ],
    "mutate_eta": 15,
    "mutate_prob": 0.2,
    "crossover_eta": 15,
    "crossover_prob": 0.8,
    "error_message": null,
    "timestamp": "2024-06-22T05:26:05.659262"
}