{
    "algorithm_desc": "pygad_algorithm",
    "config_name": "two_way_overtaking",
    "random_seed": 1,
    "evaluation_time": 1.966921,
    "number_of_generations": 50,
    "population_size": 20,
    "num_parents_mating": 4,
    "best_solution": [
        2120.7678981285726,
        2002.0641292500966,
        10.953996666793099,
        -0.3118167049359215,
        3427.458149575839,
        2038.5395166122792,
        4.537163441817267,
        0.0,
        216.85343660895623,
        1881.5856665911917,
        17.780576621614784,
        -0.5477097673470794
    ],
    "best_fitness": [
        -0.17233030618659126
    ],
    "mutate_eta": 5,
    "mutate_prob": 0.2,
    "crossover_eta": 10,
    "crossover_prob": 0.8,
    "error_message": null,
    "timestamp": "2024-06-21T19:55:23.209536"
}