{
    "algorithm_desc": "pygad_algorithm",
    "config_name": "two_way_overtaking",
    "random_seed": 1,
    "evaluation_time": 1.940642,
    "number_of_generations": 50,
    "population_size": 20,
    "num_parents_mating": 2,
    "best_solution": [
        1686.6214128510417,
        2199.8877636914813,
        -12.31371703901643,
        0.0,
        55.37434996294699,
        2199.8877636914813,
        -0.8570615009201497,
        0.0,
        3299.8316455372214,
        2594.381073661507,
        -19.032380988147352,
        -1.1933637016728618
    ],
    "best_fitness": [
        -0.13975038566238224
    ],
    "mutate_eta": 10,
    "mutate_prob": 0.2,
    "crossover_eta": 15,
    "crossover_prob": 0.5,
    "error_message": null,
    "timestamp": "2024-06-21T17:34:31.535180"
}