{
    "algorithm_desc": "pygad_algorithm",
    "config_name": "two_way_overtaking",
    "random_seed": 1,
    "evaluation_time": 20.426361,
    "number_of_generations": 1000,
    "population_size": 10,
    "num_parents_mating": 10,
    "best_solution": [
        1182.4628810166796,
        2480.9349630571314,
        -16.16505239123876,
        -20.363719094436377,
        1515.567450477308,
        281.0914495139344,
        -19.13410257092471,
        -10.401315412448774,
        2223.5556656244685,
        3115.295763524132,
        -18.62213745732957,
        -20.44360448504989
    ],
    "best_fitness": [
        -0.7918353628949444
    ],
    "mutate_eta": 5,
    "mutate_prob": 0.8,
    "crossover_eta": 5,
    "crossover_prob": 1,
    "error_message": null,
    "timestamp": "2024-06-23T18:17:08.631473"
}