{
    "algorithm_desc": "pygad_algorithm",
    "config_name": "two_way_overtaking",
    "random_seed": 1,
    "evaluation_time": 16.099337,
    "number_of_generations": 50,
    "population_size": 150,
    "num_parents_mating": 4,
    "best_solution": [
        2307.739601702368,
        1600.6015795946673,
        -14.555110656028909,
        -14.995884650471776,
        479.74132908083925,
        1018.2555936789449,
        -3.3557847101937384,
        3.4254442259947737,
        3282.5363765641246,
        3151.681190127161,
        -20.10011721363544,
        -16.803998794628814
    ],
    "best_fitness": [
        -0.6901327094456539
    ],
    "mutate_eta": 10,
    "mutate_prob": 0.8,
    "crossover_eta": 15,
    "crossover_prob": 0.8,
    "error_message": null,
    "timestamp": "2024-06-22T15:27:41.505788"
}