{
    "algorithm_desc": "pygad_algorithm",
    "config_name": "two_way_overtaking",
    "random_seed": 1,
    "evaluation_time": 144.947279,
    "number_of_generations": 400,
    "population_size": 200,
    "num_parents_mating": 2,
    "best_solution": [
        3247.7746890502667,
        1799.7086569038086,
        0.0,
        11.230560354641618,
        3248.1277116863803,
        3499.5975220137316,
        0.0,
        10.930907547371827,
        3233.948220830925,
        0.7723034725860556,
        -0.023521762301314197,
        11.721246650575878
    ],
    "best_fitness": [
        -0.027709768897264498
    ],
    "mutate_eta": 1,
    "mutate_prob": 0.2,
    "crossover_eta": 10,
    "crossover_prob": 0.5,
    "error_message": null,
    "timestamp": "2024-06-21T14:38:29.688935"
}