{
    "algorithm_desc": "pygad_algorithm",
    "config_name": "two_way_overtaking",
    "random_seed": 1,
    "evaluation_time": 373.272349,
    "number_of_generations": 1000,
    "population_size": 200,
    "num_parents_mating": 8,
    "best_solution": [
        2864.7505454307498,
        1778.737342616481,
        2.3467638644214794,
        -7.985592219476901,
        3236.762242756039,
        15.19662385550924,
        0.09691143258718071,
        -0.46246896476626276,
        2335.4412985587114,
        3499.281962065029,
        6.674313171712708,
        -19.689446104126983
    ],
    "best_fitness": [
        -0.010143398333582932
    ],
    "mutate_eta": 15,
    "mutate_prob": 0.2,
    "crossover_eta": 20,
    "crossover_prob": 0.5,
    "error_message": null,
    "timestamp": "2024-06-23T13:30:07.889064"
}