{
    "algorithm_desc": "pygad_algorithm",
    "config_name": "two_way_overtaking",
    "random_seed": 1,
    "evaluation_time": 207.747632,
    "number_of_generations": 2000,
    "population_size": 50,
    "num_parents_mating": 2,
    "best_solution": [
        585.016362897592,
        1546.9373462223248,
        -1.491191787712694,
        -11.27514744703483,
        696.8161808703964,
        566.6946850450596,
        0.01666312994726482,
        -5.561346715064333,
        1331.7845186392267,
        2809.7787999079806,
        -8.677808750650067,
        -16.745776808936835
    ],
    "best_fitness": [
        -0.5834221835846569
    ],
    "mutate_eta": 15,
    "mutate_prob": 1,
    "crossover_eta": 5,
    "crossover_prob": 0.5,
    "error_message": null,
    "timestamp": "2024-06-20T18:58:45.929761"
}