{
    "algorithm_desc": "pygad_algorithm",
    "config_name": "two_way_overtaking",
    "random_seed": 1,
    "evaluation_time": 8.187768,
    "number_of_generations": 400,
    "population_size": 10,
    "num_parents_mating": 10,
    "best_solution": [
        271.7961692000632,
        1115.953074331837,
        10.64861474216886,
        -10.982475313446379,
        1954.9682742335838,
        209.95469754094083,
        16.16421996302256,
        -2.832960513620179,
        542.125147252103,
        2918.284309981796,
        10.60186443054942,
        -11.027311411755399
    ],
    "best_fitness": [
        -0.9346866559565442
    ],
    "mutate_eta": 1,
    "mutate_prob": 0.8,
    "crossover_eta": 15,
    "crossover_prob": 1,
    "error_message": null,
    "timestamp": "2024-06-21T17:29:27.792207"
}