{
    "algorithm_desc": "pygad_algorithm",
    "config_name": "two_way_overtaking",
    "random_seed": 1,
    "evaluation_time": 18.316799,
    "number_of_generations": 1000,
    "population_size": 10,
    "num_parents_mating": 4,
    "best_solution": [
        1736.6747757255052,
        1291.4496282674925,
        9.10675183759269,
        -8.160488048903508,
        3019.099031494263,
        26.196145191511867,
        1.6295797885115313,
        -1.6351978922347818,
        211.55722632507394,
        2414.2253860041014,
        16.83486697644934,
        -14.491780320984244
    ],
    "best_fitness": [
        -0.033405163697789064
    ],
    "mutate_eta": 20,
    "mutate_prob": 0.2,
    "crossover_eta": 5,
    "crossover_prob": 0.8,
    "error_message": null,
    "timestamp": "2024-06-21T11:55:38.840721"
}