{
    "algorithm_desc": "pygad_algorithm",
    "config_name": "two_way_overtaking",
    "random_seed": 1,
    "evaluation_time": 424.973144,
    "number_of_generations": 1000,
    "population_size": 200,
    "num_parents_mating": 2,
    "best_solution": [
        1758.5500573568336,
        1106.9789612662876,
        5.7214842821328915,
        12.668196215189369,
        3369.7290927343847,
        2242.867316494187,
        3.998125458361926,
        3.1669660157889226,
        438.7656897674071,
        246.6901916331023,
        16.537442685365967,
        17.3146369485739
    ],
    "best_fitness": [
        -0.4515824270845593
    ],
    "mutate_eta": 20,
    "mutate_prob": 1,
    "crossover_eta": 20,
    "crossover_prob": 0.5,
    "error_message": null,
    "timestamp": "2024-06-21T15:26:31.964582"
}