{
    "algorithm_desc": "pygad_algorithm",
    "config_name": "two_way_overtaking",
    "random_seed": 1,
    "evaluation_time": 10.503554,
    "number_of_generations": 100,
    "population_size": 50,
    "num_parents_mating": 8,
    "best_solution": [
        1632.497601709549,
        1431.3894669046385,
        -1.7581411718116335,
        -11.721200986777315,
        1170.9729558938589,
        211.21233495410536,
        1.8829317803809182,
        -4.577643318590535,
        3030.072665228087,
        2319.3918252174117,
        -14.788277135774628,
        -19.138063589929665
    ],
    "best_fitness": [
        -0.5992462245202254
    ],
    "mutate_eta": 5,
    "mutate_prob": 0.5,
    "crossover_eta": 5,
    "crossover_prob": 0.8,
    "error_message": null,
    "timestamp": "2024-06-22T12:50:02.063619"
}