{
    "algorithm_desc": "pygad_algorithm",
    "config_name": "two_way_overtaking",
    "random_seed": 1,
    "evaluation_time": 641.790866,
    "number_of_generations": 2000,
    "population_size": 150,
    "num_parents_mating": 8,
    "best_solution": [
        1471.8086923342382,
        1752.8384339361508,
        -9.40348954443504,
        13.335489323499637,
        632.4960722195261,
        3441.5426892170663,
        -0.8151477069936632,
        8.131143800855863,
        2454.211477907093,
        507.18920118185247,
        -18.359216580567935,
        19.852432076966608
    ],
    "best_fitness": [
        -0.34278820232979706
    ],
    "mutate_eta": 1,
    "mutate_prob": 0.8,
    "crossover_eta": 5,
    "crossover_prob": 0.8,
    "error_message": null,
    "timestamp": "2024-06-22T09:26:47.915267"
}