{
    "algorithm_desc": "pygad_algorithm",
    "config_name": "two_way_overtaking",
    "random_seed": 1,
    "evaluation_time": 84.937919,
    "number_of_generations": 200,
    "population_size": 200,
    "num_parents_mating": 10,
    "best_solution": [
        1477.9750469400767,
        2849.7088530891815,
        -11.049132456737498,
        5.343810429701364,
        422.2776529149602,
        3137.2751454931,
        -1.136788561947153,
        1.0205874788500964,
        2926.579754259326,
        2343.5659195686803,
        -19.8696262041933,
        7.0819337566849505
    ],
    "best_fitness": [
        -0.4445782591208877
    ],
    "mutate_eta": 15,
    "mutate_prob": 0.8,
    "crossover_eta": 5,
    "crossover_prob": 0.2,
    "error_message": null,
    "timestamp": "2024-06-23T02:09:25.865168"
}