{
    "algorithm_desc": "pygad_algorithm",
    "config_name": "two_way_overtaking",
    "random_seed": 1,
    "evaluation_time": 4.002327,
    "number_of_generations": 100,
    "population_size": 20,
    "num_parents_mating": 2,
    "best_solution": [
        1229.7474722123832,
        1666.931207022117,
        0.7748059312157274,
        14.680296704827732,
        1431.2382547888683,
        3493.6396998347122,
        -0.7191120616790698,
        3.5500961419001342,
        1136.5365466225664,
        544.6986608982871,
        2.578157307562744,
        20.336627084478884
    ],
    "best_fitness": [
        -0.29931832076181253
    ],
    "mutate_eta": 15,
    "mutate_prob": 0.5,
    "crossover_eta": 15,
    "crossover_prob": 0.8,
    "error_message": null,
    "timestamp": "2024-06-20T20:35:47.642026"
}