{
    "algorithm_desc": "pygad_algorithm",
    "config_name": "two_way_overtaking",
    "random_seed": 1,
    "evaluation_time": 5.272112,
    "number_of_generations": 50,
    "population_size": 50,
    "num_parents_mating": 10,
    "best_solution": [
        2249.2141882447017,
        870.0313417584647,
        -15.799528108011469,
        -14.786698574429288,
        31.51426061932183,
        1171.2108528012686,
        -12.878752727862606,
        -5.563876577072186,
        2681.563778742107,
        2245.334110597579,
        -19.810564958250083,
        -20.07421784015699
    ],
    "best_fitness": [
        -0.8913572569526422
    ],
    "mutate_eta": 15,
    "mutate_prob": 0.5,
    "crossover_eta": 1,
    "crossover_prob": 0.2,
    "error_message": null,
    "timestamp": "2024-06-22T01:24:31.515748"
}