{
    "algorithm_desc": "pygad_algorithm",
    "config_name": "two_way_overtaking",
    "random_seed": 1,
    "evaluation_time": 1.121855,
    "number_of_generations": 50,
    "population_size": 10,
    "num_parents_mating": 10,
    "best_solution": [
        2849.2649701133278,
        1593.2544660717733,
        -14.628019657768997,
        1.4021073068757595,
        723.3225559611521,
        1334.4088237510696,
        -6.130497050041148,
        -0.0203451268803434,
        2529.608987578121,
        2710.0972104778143,
        9.089102667305031,
        -15.95861872419901
    ],
    "best_fitness": [
        -1.028409800416123
    ],
    "mutate_eta": 15,
    "mutate_prob": 0.8,
    "crossover_eta": 20,
    "crossover_prob": 0.2,
    "error_message": null,
    "timestamp": "2024-06-21T20:51:57.648659"
}