{
    "algorithm_desc": "pygad_algorithm",
    "config_name": "two_way_overtaking",
    "random_seed": 1,
    "evaluation_time": 20.727,
    "number_of_generations": 100,
    "population_size": 100,
    "num_parents_mating": 4,
    "best_solution": [
        477.43351874663847,
        1441.0824358437144,
        3.7089933800140997,
        -15.403902392049755,
        991.9269100234882,
        20.932812043976178,
        2.321341331932061,
        -6.9772449455401535,
        469.1526992941173,
        3459.7663845237043,
        3.1123365526324207,
        -19.758055418406958
    ],
    "best_fitness": [
        -0.2214160364970014
    ],
    "mutate_eta": 5,
    "mutate_prob": 0.5,
    "crossover_eta": 1,
    "crossover_prob": 0.8,
    "error_message": null,
    "timestamp": "2024-06-21T00:05:06.694793"
}