{
    "algorithm_desc": "pygad_algorithm",
    "config_name": "two_way_overtaking",
    "random_seed": 1,
    "evaluation_time": 0.245769,
    "number_of_generations": 50,
    "population_size": 2,
    "num_parents_mating": 2,
    "best_solution": [
        1604.831138117163,
        1019.7188181959958,
        -11.725647509651566,
        16.858844662476663,
        3353.49035969884,
        2376.7409279790036,
        20.48731776696596,
        2.049148812178146,
        2615.837210760765,
        130.99779143739354,
        -20.113540171523677,
        9.686116838243198
    ],
    "best_fitness": [
        -1.475131691643858
    ],
    "mutate_eta": 20,
    "mutate_prob": 0.5,
    "crossover_eta": 15,
    "crossover_prob": 0.5,
    "error_message": null,
    "timestamp": "2024-06-22T04:33:30.609811"
}