{
    "algorithm_desc": "pygad_algorithm",
    "config_name": "two_way_overtaking",
    "random_seed": 1,
    "evaluation_time": 16.069198,
    "number_of_generations": 400,
    "population_size": 20,
    "num_parents_mating": 8,
    "best_solution": [
        2590.928161906181,
        1972.7173880824344,
        -8.037581353274955,
        9.565463014282592,
        1917.893369357896,
        2493.3696710256354,
        -2.41692481438292,
        4.737983496425798,
        3093.128842405216,
        296.73359873384396,
        -10.700360381045623,
        20.21080365371727
    ],
    "best_fitness": [
        -0.5001996219057385
    ],
    "mutate_eta": 20,
    "mutate_prob": 0.5,
    "crossover_eta": 10,
    "crossover_prob": 0.5,
    "error_message": null,
    "timestamp": "2024-06-22T23:00:13.561673"
}