{
    "algorithm_desc": "pygad_algorithm",
    "config_name": "two_way_overtaking",
    "random_seed": 1,
    "evaluation_time": 20.522001,
    "number_of_generations": 100,
    "population_size": 100,
    "num_parents_mating": 10,
    "best_solution": [
        1053.2261497045145,
        203.30576834688762,
        -8.208060734872898,
        8.49190568770992,
        3.6660303462386357,
        1623.1544838586897,
        -4.168424074749328,
        1.8367324772633964,
        2659.681605636751,
        14.468861400875166,
        -18.137223844047977,
        17.485602268935132
    ],
    "best_fitness": [
        -0.5173484124965253
    ],
    "mutate_eta": 1,
    "mutate_prob": 0.5,
    "crossover_eta": 20,
    "crossover_prob": 0.5,
    "error_message": null,
    "timestamp": "2024-06-21T05:14:47.633393"
}