{
    "algorithm_desc": "pygad_algorithm",
    "config_name": "two_way_overtaking",
    "random_seed": 1,
    "evaluation_time": 2.792998,
    "number_of_generations": 100,
    "population_size": 10,
    "num_parents_mating": 8,
    "best_solution": [
        1677.4108180675457,
        1853.8329480950486,
        -19.17810267053185,
        4.515111262177438,
        48.12361482277916,
        1427.5723723198364,
        -1.6307734709103983,
        -2.4136558779938326,
        1535.0864994246128,
        496.74379105860015,
        -13.398180983869675,
        7.153933500144159
    ],
    "best_fitness": [
        -1.1860148034897942
    ],
    "mutate_eta": 10,
    "mutate_prob": 0.8,
    "crossover_eta": 10,
    "crossover_prob": 1,
    "error_message": null,
    "timestamp": "2024-06-20T14:08:20.924949"
}