{
    "algorithm_desc": "pygad_algorithm",
    "config_name": "two_way_overtaking",
    "random_seed": 1,
    "evaluation_time": 825.232044,
    "number_of_generations": 2000,
    "population_size": 200,
    "num_parents_mating": 10,
    "best_solution": [
        1462.1001782069509,
        1526.4438617020724,
        14.307156514669721,
        13.919263226919568,
        2681.2788049285,
        2980.3089594026846,
        9.61247261382227,
        7.179308172202376,
        167.58742501959046,
        382.5918393529153,
        19.78508455380787,
        18.837335433581096
    ],
    "best_fitness": [
        -0.10944750636778058
    ],
    "mutate_eta": 10,
    "mutate_prob": 0.5,
    "crossover_eta": 5,
    "crossover_prob": 1,
    "error_message": null,
    "timestamp": "2024-06-22T08:18:07.003584"
}