{
    "algorithm_desc": "pygad_algorithm",
    "config_name": "two_way_overtaking",
    "random_seed": 1,
    "evaluation_time": 216.917534,
    "number_of_generations": 1000,
    "population_size": 100,
    "num_parents_mating": 2,
    "best_solution": [
        1456.061557099161,
        459.52161112592444,
        -2.0479650644191842,
        18.25429377220705,
        1237.1261434174178,
        2084.714293342919,
        -2.841384681804527,
        11.295624563155979,
        3039.254342637187,
        224.60618875384353,
        -10.338853518538379,
        18.856434691149175
    ],
    "best_fitness": [
        -0.5340635374529557
    ],
    "mutate_eta": 5,
    "mutate_prob": 1,
    "crossover_eta": 15,
    "crossover_prob": 1,
    "error_message": null,
    "timestamp": "2024-06-21T00:31:08.512057"
}