{
    "algorithm_desc": "pygad_algorithm",
    "config_name": "two_way_overtaking",
    "random_seed": 1,
    "evaluation_time": 3.981961,
    "number_of_generations": 200,
    "population_size": 10,
    "num_parents_mating": 4,
    "best_solution": [
        2306.9508318839453,
        2201.2294142383894,
        6.719220028097979,
        -13.505634286887297,
        3074.8279828648247,
        424.70209509258075,
        2.529378731679394,
        -2.917994265265982,
        1485.9001420730604,
        3308.976240928729,
        18.23693136501778,
        -13.937452623834181
    ],
    "best_fitness": [
        -0.4556828289362471
    ],
    "mutate_eta": 20,
    "mutate_prob": 0.5,
    "crossover_eta": 5,
    "crossover_prob": 0.8,
    "error_message": null,
    "timestamp": "2024-06-22T20:13:17.485843"
}