{
    "algorithm_desc": "pygad_algorithm",
    "config_name": "two_way_overtaking",
    "random_seed": 1,
    "evaluation_time": 1.919384,
    "number_of_generations": 100,
    "population_size": 10,
    "num_parents_mating": 4,
    "best_solution": [
        2284.040537616988,
        1787.093996742169,
        -6.592428543943541,
        11.505268802786823,
        1512.819002266319,
        3299.8316455372214,
        -5.303011842658115,
        8.44050354873848,
        3321.631081215653,
        539.9244230664948,
        -9.453948216634613,
        19.846766429503525
    ],
    "best_fitness": [
        -0.21620699220522743
    ],
    "mutate_eta": 10,
    "mutate_prob": 0.2,
    "crossover_eta": 15,
    "crossover_prob": 0.5,
    "error_message": null,
    "timestamp": "2024-06-22T07:21:28.350876"
}