{
    "algorithm_desc": "pygad_algorithm",
    "config_name": "two_way_overtaking",
    "random_seed": 1,
    "evaluation_time": 2.90276,
    "number_of_generations": 100,
    "population_size": 10,
    "num_parents_mating": 4,
    "best_solution": [
        3010.7194031626063,
        2243.255585347565,
        -12.519582113070573,
        -5.649808592471254,
        1743.187093927598,
        698.5127875305084,
        -11.70617737790713,
        -2.766662145719568,
        2953.857262971296,
        3001.490689320849,
        -17.18298682195308,
        -18.636183214914055
    ],
    "best_fitness": [
        -0.9744553071816147
    ],
    "mutate_eta": 15,
    "mutate_prob": 0.8,
    "crossover_eta": 1,
    "crossover_prob": 0.5,
    "error_message": null,
    "timestamp": "2024-06-20T15:19:23.553268"
}