{
    "algorithm_desc": "pygad_algorithm",
    "config_name": "two_way_overtaking",
    "random_seed": 1,
    "evaluation_time": 20.002567,
    "number_of_generations": 200,
    "population_size": 50,
    "num_parents_mating": 8,
    "best_solution": [
        1901.097387062357,
        1232.8174938052075,
        -6.991867071190574,
        14.440319842178098,
        719.6800261223802,
        2725.4946544121963,
        -5.710139527726843,
        2.1721944309834207,
        3258.750686022009,
        389.0579378684951,
        -13.02731406119843,
        16.636457191314392
    ],
    "best_fitness": [
        -0.502123394476172
    ],
    "mutate_eta": 15,
    "mutate_prob": 0.5,
    "crossover_eta": 10,
    "crossover_prob": 0.2,
    "error_message": null,
    "timestamp": "2024-06-23T06:17:02.996559"
}