{
    "algorithm_desc": "pygad_algorithm",
    "config_name": "two_way_overtaking",
    "random_seed": 1,
    "evaluation_time": 176.690223,
    "number_of_generations": 2000,
    "population_size": 50,
    "num_parents_mating": 4,
    "best_solution": [
        1134.8390438303888,
        1488.5263715550047,
        -2.592387842639994,
        4.80630388369557,
        421.52219186089684,
        3142.551674550092,
        -0.19038518245334046,
        0.5098011935231668,
        2153.0988434483147,
        3.3759140931456932,
        -7.518778601044611,
        12.924782406707735
    ],
    "best_fitness": [
        -0.05017197235155424
    ],
    "mutate_eta": 20,
    "mutate_prob": 0.2,
    "crossover_eta": 5,
    "crossover_prob": 0.2,
    "error_message": null,
    "timestamp": "2024-06-21T17:00:51.442496"
}