{
    "algorithm_desc": "pygad_algorithm",
    "config_name": "two_way_overtaking",
    "random_seed": 1,
    "evaluation_time": 39.02104,
    "number_of_generations": 2000,
    "population_size": 10,
    "num_parents_mating": 10,
    "best_solution": [
        1345.5363716286581,
        3374.25919741777,
        -4.7466245425595694,
        -3.1235684525581746,
        218.78747619428017,
        1995.002674259181,
        -2.385670039868053,
        -1.6880746726874705,
        3046.245630411078,
        3317.4742236299553,
        -16.52177169417259,
        -2.101888509707475
    ],
    "best_fitness": [
        -0.3286668911303897
    ],
    "mutate_eta": 15,
    "mutate_prob": 0.5,
    "crossover_eta": 5,
    "crossover_prob": 0.8,
    "error_message": null,
    "timestamp": "2024-06-22T02:02:40.070027"
}