{
    "algorithm_desc": "pygad_algorithm",
    "config_name": "two_way_overtaking",
    "random_seed": 1,
    "evaluation_time": 1.113452,
    "number_of_generations": 50,
    "population_size": 10,
    "num_parents_mating": 10,
    "best_solution": [
        1705.0874005201883,
        2517.0734495731217,
        12.342256581895441,
        10.260510378633597,
        3377.0075671983345,
        2180.254215464128,
        -6.467325414059291,
        16.630362968970537,
        46.85223730538579,
        1783.649000487243,
        7.523684781441421,
        -3.2908410681095503
    ],
    "best_fitness": [
        -1.4083911962005793
    ],
    "mutate_eta": 1,
    "mutate_prob": 0.5,
    "crossover_eta": 5,
    "crossover_prob": 0.2,
    "error_message": null,
    "timestamp": "2024-06-21T06:59:51.424012"
}