{
    "algorithm_desc": "pygad_algorithm",
    "config_name": "two_way_overtaking",
    "random_seed": 1,
    "evaluation_time": 18.416261,
    "number_of_generations": 100,
    "population_size": 100,
    "num_parents_mating": 2,
    "best_solution": [
        3299.8316455372214,
        1691.8824948218664,
        0.0,
        5.751553716207983,
        3299.8316455372214,
        3491.197474549153,
        0.0,
        5.620212995672411,
        3414.498802278895,
        9.265724683156728,
        -1.8093339882564514,
        19.896920418117915
    ],
    "best_fitness": [
        -0.045942412102371266
    ],
    "mutate_eta": 10,
    "mutate_prob": 0.2,
    "crossover_eta": 10,
    "crossover_prob": 0.8,
    "error_message": null,
    "timestamp": "2024-06-21T19:37:34.319807"
}