{
    "algorithm_desc": "pygad_algorithm",
    "config_name": "two_way_overtaking",
    "random_seed": 1,
    "evaluation_time": 16.236898,
    "number_of_generations": 2000,
    "population_size": 5,
    "num_parents_mating": 2,
    "best_solution": [
        1563.40594424053,
        3343.340782620904,
        -7.812429707879025,
        -11.614587064895389,
        534.3497682338518,
        1792.8571616255822,
        -5.507252931849278,
        -8.307956167882551,
        3458.882310656836,
        3362.814318958643,
        -11.817148760138119,
        -11.46777495848067
    ],
    "best_fitness": [
        -0.2588703342770482
    ],
    "mutate_eta": 15,
    "mutate_prob": 0.2,
    "crossover_eta": 15,
    "crossover_prob": 0.5,
    "error_message": null,
    "timestamp": "2024-06-21T15:59:42.216885"
}