{
    "algorithm_desc": "pygad_algorithm",
    "config_name": "two_way_overtaking",
    "random_seed": 1,
    "evaluation_time": 20.819215,
    "number_of_generations": 50,
    "population_size": 200,
    "num_parents_mating": 2,
    "best_solution": [
        1567.102136943523,
        2560.7752873182444,
        7.40238884169106,
        11.810763667621238,
        3308.6570740618313,
        3066.4896474479197,
        7.887873647763129,
        3.1990200722978877,
        707.0432496477338,
        1219.9734825360906,
        19.99284534622676,
        11.007372677724184
    ],
    "best_fitness": [
        -0.6986445356932802
    ],
    "mutate_eta": 10,
    "mutate_prob": 0.8,
    "crossover_eta": 15,
    "crossover_prob": 0.2,
    "error_message": null,
    "timestamp": "2024-06-21T05:11:59.155689"
}