{
    "algorithm_desc": "pygad_algorithm",
    "config_name": "two_way_overtaking",
    "random_seed": 1,
    "evaluation_time": 40.790971,
    "number_of_generations": 400,
    "population_size": 50,
    "num_parents_mating": 4,
    "best_solution": [
        2338.2340003494414,
        1713.2892295746894,
        10.347996565486486,
        -14.839142592314982,
        3122.7803488935588,
        187.83306370670832,
        4.790424344446663,
        -6.469677839771341,
        1296.401727737276,
        3263.98055971152,
        12.601978854786587,
        -18.232045633770507
    ],
    "best_fitness": [
        -0.09106530602095642
    ],
    "mutate_eta": 1,
    "mutate_prob": 0.5,
    "crossover_eta": 20,
    "crossover_prob": 0.8,
    "error_message": null,
    "timestamp": "2024-06-22T07:23:17.619335"
}