{
    "algorithm_desc": "pygad_algorithm",
    "config_name": "two_way_overtaking",
    "random_seed": 1,
    "evaluation_time": 1.083218,
    "number_of_generations": 50,
    "population_size": 10,
    "num_parents_mating": 4,
    "best_solution": [
        2826.9177835569844,
        921.8911548914209,
        -3.679266960376669,
        -3.892787984454845,
        831.5802399141344,
        1066.5747270085365,
        -15.320655099447263,
        14.82458960298137,
        3127.45780925147,
        2384.881967567224,
        -9.593716154977841,
        -16.773739964312615
    ],
    "best_fitness": [
        -1.0968099792305614
    ],
    "mutate_eta": 1,
    "mutate_prob": 0.5,
    "crossover_eta": 10,
    "crossover_prob": 0.5,
    "error_message": null,
    "timestamp": "2024-06-20T22:20:18.556466"
}