{
    "algorithm_desc": "pygad_algorithm",
    "config_name": "two_way_overtaking",
    "random_seed": 1,
    "evaluation_time": 27.134075,
    "number_of_generations": 100,
    "population_size": 150,
    "num_parents_mating": 2,
    "best_solution": [
        2202.6454542129177,
        1801.6208707966273,
        0.0,
        2.495392679857943,
        2204.514973949227,
        3470.107232781165,
        0.0,
        2.390783522592713,
        2214.91649016348,
        9.265724683156728,
        0.8120163649739922,
        19.14765852402877
    ],
    "best_fitness": [
        -0.037536692544387365
    ],
    "mutate_eta": 20,
    "mutate_prob": 0.2,
    "crossover_eta": 10,
    "crossover_prob": 0.5,
    "error_message": null,
    "timestamp": "2024-06-22T19:06:09.710322"
}