{
    "algorithm_desc": "pygad_algorithm",
    "config_name": "two_way_overtaking",
    "random_seed": 1,
    "evaluation_time": 2.193703,
    "number_of_generations": 50,
    "population_size": 20,
    "num_parents_mating": 10,
    "best_solution": [
        2373.5224473611624,
        2761.1526898494867,
        -15.243383216540606,
        -15.301524058676002,
        693.1397599517538,
        488.97538810529886,
        -9.5966162687156,
        -11.45525455971681,
        823.7142883051099,
        3279.052468558027,
        9.317785546260808,
        -16.657965926231093
    ],
    "best_fitness": [
        -1.0256397798477863
    ],
    "mutate_eta": 15,
    "mutate_prob": 0.5,
    "crossover_eta": 10,
    "crossover_prob": 0.5,
    "error_message": null,
    "timestamp": "2024-06-22T13:14:04.800663"
}