{
    "algorithm_desc": "pygad_algorithm",
    "config_name": "two_way_overtaking",
    "random_seed": 1,
    "evaluation_time": 1.075943,
    "number_of_generations": 50,
    "population_size": 10,
    "num_parents_mating": 10,
    "best_solution": [
        2308.836152184515,
        2827.2260181027677,
        -2.025620629895858,
        -9.17765397186697,
        2187.8905779823963,
        1328.5199807905146,
        0.32602212414747456,
        -1.9001549815320615,
        3299.8316455372214,
        3407.205890638187,
        -9.00278225,
        -8.218833167322117
    ],
    "best_fitness": [
        -0.7192164925736709
    ],
    "mutate_eta": 1,
    "mutate_prob": 0.2,
    "crossover_eta": 20,
    "crossover_prob": 0.2,
    "error_message": null,
    "timestamp": "2024-06-22T04:44:24.911299"
}