{
    "algorithm_desc": "pygad_algorithm",
    "config_name": "two_way_overtaking",
    "random_seed": 1,
    "evaluation_time": 9.291163,
    "number_of_generations": 1000,
    "population_size": 5,
    "num_parents_mating": 4,
    "best_solution": [
        1182.8835361141869,
        591.6808505629918,
        -16.828675573478723,
        12.62896814318659,
        561.2824638217927,
        2408.377591631605,
        -4.15988823892495,
        -0.09818780509761993,
        3031.4673219692586,
        83.31000633457886,
        -20.402823366199435,
        12.340628033906917
    ],
    "best_fitness": [
        -0.6242742928795051
    ],
    "mutate_eta": 10,
    "mutate_prob": 0.5,
    "crossover_eta": 15,
    "crossover_prob": 0.8,
    "error_message": null,
    "timestamp": "2024-06-22T02:18:52.543276"
}