{
    "algorithm_desc": "pygad_algorithm",
    "config_name": "two_way_overtaking",
    "random_seed": 1,
    "evaluation_time": 1.121031,
    "number_of_generations": 50,
    "population_size": 10,
    "num_parents_mating": 8,
    "best_solution": [
        1799.557785686941,
        729.9306346357695,
        19.725320453636208,
        19.772074478509253,
        2152.818658568762,
        973.8302000128326,
        10.487508765649348,
        5.863811432266839,
        289.31554804043157,
        207.75686050047997,
        19.80208721569786,
        9.19268168165074
    ],
    "best_fitness": [
        -1.138268402597898
    ],
    "mutate_eta": 20,
    "mutate_prob": 0.5,
    "crossover_eta": 1,
    "crossover_prob": 0.8,
    "error_message": null,
    "timestamp": "2024-06-22T14:42:58.899863"
}