{
    "algorithm_desc": "pygad_algorithm",
    "config_name": "two_way_overtaking",
    "random_seed": 1,
    "evaluation_time": 1.075186,
    "number_of_generations": 50,
    "population_size": 10,
    "num_parents_mating": 10,
    "best_solution": [
        780.5499313686793,
        2517.0734495731217,
        -19.730430811633187,
        -8.172831438311738,
        147.08477190624407,
        681.6691373501735,
        -14.704639538759691,
        -5.252150294664164,
        3123.8338482359864,
        1087.831127033906,
        -13.81356911934818,
        14.278459151920238
    ],
    "best_fitness": [
        -1.2329979477979278
    ],
    "mutate_eta": 5,
    "mutate_prob": 0.5,
    "crossover_eta": 20,
    "crossover_prob": 1,
    "error_message": null,
    "timestamp": "2024-06-20T22:21:01.703757"
}