{
    "algorithm_desc": "pygad_algorithm",
    "config_name": "two_way_overtaking",
    "random_seed": 1,
    "evaluation_time": 43.127372,
    "number_of_generations": 100,
    "population_size": 200,
    "num_parents_mating": 10,
    "best_solution": [
        2778.10650166685,
        940.1096961734338,
        6.6573752681077245,
        4.513018647219308,
        3301.1245843282986,
        1508.7417001972306,
        1.0923883516725184,
        0.9718372728377282,
        1060.6321782380749,
        855.6695694238163,
        18.404772277002408,
        -9.975300457430695
    ],
    "best_fitness": [
        -0.732389590179904
    ],
    "mutate_eta": 20,
    "mutate_prob": 0.8,
    "crossover_eta": 15,
    "crossover_prob": 1,
    "error_message": null,
    "timestamp": "2024-06-23T11:13:31.098967"
}