{
    "algorithm_desc": "pygad_algorithm",
    "config_name": "two_way_overtaking",
    "random_seed": 1,
    "evaluation_time": 107.091523,
    "number_of_generations": 1000,
    "population_size": 50,
    "num_parents_mating": 4,
    "best_solution": [
        1627.848685010158,
        1820.493195816947,
        -5.433896323602681,
        -10.916198271300475,
        2525.546558686302,
        131.620473967075,
        -3.5687593486613487,
        -5.052788303692063,
        1916.6696418620763,
        3435.701883942681,
        -7.603840998794281,
        -19.545825627240156
    ],
    "best_fitness": [
        -0.6073263598223473
    ],
    "mutate_eta": 1,
    "mutate_prob": 1,
    "crossover_eta": 5,
    "crossover_prob": 1,
    "error_message": null,
    "timestamp": "2024-06-21T10:35:25.530517"
}