{
    "algorithm_desc": "pygad_algorithm",
    "config_name": "two_way_overtaking",
    "random_seed": 1,
    "evaluation_time": 61.937736,
    "number_of_generations": 200,
    "population_size": 150,
    "num_parents_mating": 2,
    "best_solution": [
        2276.1736411691822,
        2080.1752945611142,
        4.3778118461712126,
        8.38747889668149,
        3221.797588311729,
        3207.08832816555,
        3.3706242583106594,
        7.177220985305826,
        1503.3286155880057,
        574.959273101939,
        9.048264519228823,
        17.835619581578463
    ],
    "best_fitness": [
        -0.1902765981993088
    ],
    "mutate_eta": 1,
    "mutate_prob": 0.5,
    "crossover_eta": 5,
    "crossover_prob": 0.8,
    "error_message": null,
    "timestamp": "2024-06-23T16:55:18.291845"
}