{
    "algorithm_desc": "pygad_algorithm",
    "config_name": "two_way_overtaking",
    "random_seed": 1,
    "evaluation_time": 6.919616,
    "number_of_generations": 400,
    "population_size": 10,
    "num_parents_mating": 2,
    "best_solution": [
        2739.8008661041495,
        1712.3344292520333,
        -5.132605601410555,
        -11.563106597741164,
        2074.0440225235757,
        40.95339202821652,
        -3.8615616983859162,
        -8.780130893653563,
        3431.529294742672,
        3388.946473584272,
        -7.1098630279550346,
        -17.941304492984816
    ],
    "best_fitness": [
        -0.024152743811673108
    ],
    "mutate_eta": 1,
    "mutate_prob": 0.2,
    "crossover_eta": 15,
    "crossover_prob": 0.5,
    "error_message": null,
    "timestamp": "2024-06-22T05:19:34.471624"
}