{
    "algorithm_desc": "pygad_algorithm",
    "config_name": "two_way_overtaking",
    "random_seed": 1,
    "evaluation_time": 3.85816,
    "number_of_generations": 100,
    "population_size": 20,
    "num_parents_mating": 4,
    "best_solution": [
        1342.124861193434,
        1766.450933168973,
        -9.794469805666335,
        -12.656383764028678,
        305.0925839358512,
        211.32005097440353,
        -6.340397309343363,
        -7.544747931214733,
        2472.755605833228,
        3205.7052650348496,
        -14.613849258030001,
        -18.384307882754417
    ],
    "best_fitness": [
        -0.03479558647441112
    ],
    "mutate_eta": 10,
    "mutate_prob": 0.2,
    "crossover_eta": 15,
    "crossover_prob": 1,
    "error_message": null,
    "timestamp": "2024-06-23T16:38:19.009484"
}