{
    "algorithm_desc": "pygad_algorithm",
    "config_name": "two_way_overtaking",
    "random_seed": 1,
    "evaluation_time": 21.598094,
    "number_of_generations": 50,
    "population_size": 200,
    "num_parents_mating": 4,
    "best_solution": [
        1992.7598934624589,
        1406.7775616262336,
        -17.788518208648224,
        10.562254214640543,
        723.7244094582512,
        2326.6652957121664,
        -0.8081790577212402,
        2.7146461472052152,
        2662.6895929229727,
        866.1935744581157,
        -19.05450704762617,
        15.17448847747923
    ],
    "best_fitness": [
        -0.6832234579304485
    ],
    "mutate_eta": 20,
    "mutate_prob": 1,
    "crossover_eta": 5,
    "crossover_prob": 0.2,
    "error_message": null,
    "timestamp": "2024-06-22T20:52:19.766568"
}