{
    "algorithm_desc": "pygad_algorithm",
    "config_name": "two_way_overtaking",
    "random_seed": 1,
    "evaluation_time": 13.752394,
    "number_of_generations": 50,
    "population_size": 150,
    "num_parents_mating": 2,
    "best_solution": [
        2202.6454542129177,
        1805.8283248893304,
        0.0,
        2.487042922319212,
        2199.8877636914813,
        3441.6143150706316,
        0.0,
        0.02917691928083954,
        2214.91649016348,
        35.37681410028332,
        -1.055924010289143,
        19.066041957640763
    ],
    "best_fitness": [
        -0.051693801551041044
    ],
    "mutate_eta": 5,
    "mutate_prob": 0.2,
    "crossover_eta": 15,
    "crossover_prob": 0.5,
    "error_message": null,
    "timestamp": "2024-06-21T07:43:35.079561"
}