{
    "algorithm_desc": "pygad_algorithm",
    "config_name": "two_way_overtaking",
    "random_seed": 1,
    "evaluation_time": 615.520473,
    "number_of_generations": 2000,
    "population_size": 150,
    "num_parents_mating": 8,
    "best_solution": [
        2008.505595379373,
        1622.6760145298904,
        -6.019516205009831,
        4.740314310326415,
        402.7391594400073,
        2524.155821231162,
        -0.45981473749024815,
        0.2063570391689602,
        2976.8476026579524,
        37.642199214224846,
        -11.270520268310616,
        12.702853706753167
    ],
    "best_fitness": [
        -0.14587148361063282
    ],
    "mutate_eta": 15,
    "mutate_prob": 0.5,
    "crossover_eta": 1,
    "crossover_prob": 1,
    "error_message": null,
    "timestamp": "2024-06-20T15:56:10.612810"
}