{
    "algorithm_desc": "pygad_algorithm",
    "config_name": "two_way_overtaking",
    "random_seed": 1,
    "evaluation_time": 19.093926,
    "number_of_generations": 100,
    "population_size": 100,
    "num_parents_mating": 10,
    "best_solution": [
        1724.911987139549,
        2475.817380603526,
        1.170783458996464,
        0.0,
        3483.9918749282056,
        2484.8083101921256,
        0.36827194801855256,
        0.0,
        2.5009751565922,
        2450.2268359231152,
        20.045035803565483,
        -1.1290839526425884
    ],
    "best_fitness": [
        -0.039018069102548875
    ],
    "mutate_eta": 10,
    "mutate_prob": 0.2,
    "crossover_eta": 15,
    "crossover_prob": 0.2,
    "error_message": null,
    "timestamp": "2024-06-22T17:10:35.222892"
}