{
    "algorithm_desc": "pygad_algorithm",
    "config_name": "two_way_overtaking",
    "random_seed": 1,
    "evaluation_time": 19.469244,
    "number_of_generations": 1000,
    "population_size": 10,
    "num_parents_mating": 4,
    "best_solution": [
        2306.9508318839453,
        2201.2294142383894,
        8.270948791039405,
        -9.159436558628453,
        3284.3605129337775,
        1296.9664801487365,
        2.529378731679394,
        -3.5418938150290664,
        887.0968529138963,
        3308.976240928729,
        18.23693136501778,
        -12.629594580659624
    ],
    "best_fitness": [
        -0.28535659849195666
    ],
    "mutate_eta": 20,
    "mutate_prob": 0.5,
    "crossover_eta": 20,
    "crossover_prob": 0.8,
    "error_message": null,
    "timestamp": "2024-06-22T20:44:48.006410"
}