{
    "algorithm_desc": "pygad_algorithm",
    "config_name": "two_way_overtaking",
    "random_seed": 1,
    "evaluation_time": 2.912665,
    "number_of_generations": 1000,
    "population_size": 2,
    "num_parents_mating": 2,
    "best_solution": [
        2022.8637880174658,
        1678.5857452464898,
        -10.392120637959845,
        -2.1945794476150517,
        484.3760890767467,
        2940.961720343108,
        -4.58570664709533,
        0.9384450619701319,
        3396.3012259850625,
        2883.237690858277,
        -20.395072662278732,
        -16.807134319717115
    ],
    "best_fitness": [
        -0.6305530014294489
    ],
    "mutate_eta": 1,
    "mutate_prob": 0.8,
    "crossover_eta": 20,
    "crossover_prob": 1,
    "error_message": null,
    "timestamp": "2024-06-21T15:59:58.551093"
}