{
    "algorithm_desc": "pygad_algorithm",
    "config_name": "two_way_overtaking",
    "random_seed": 1,
    "evaluation_time": 205.544141,
    "number_of_generations": 1000,
    "population_size": 100,
    "num_parents_mating": 8,
    "best_solution": [
        1410.769191177754,
        1612.8263415524507,
        9.262373580671152,
        6.988210436585728,
        2885.609142111524,
        2858.078629755274,
        3.7015763933845385,
        3.5319164429557617,
        168.8869557180668,
        213.26429437459848,
        17.16117197109876,
        16.998938866773997
    ],
    "best_fitness": [
        -0.09937303785944113
    ],
    "mutate_eta": 20,
    "mutate_prob": 0.5,
    "crossover_eta": 5,
    "crossover_prob": 0.8,
    "error_message": null,
    "timestamp": "2024-06-22T01:11:19.021853"
}