{
    "algorithm_desc": "pygad_algorithm",
    "config_name": "two_way_overtaking",
    "random_seed": 1,
    "evaluation_time": 36.578139,
    "number_of_generations": 400,
    "population_size": 50,
    "num_parents_mating": 8,
    "best_solution": [
        1217.0385148170858,
        1734.2464770012643,
        1.4378750571398022,
        -8.160488048903508,
        1512.1095819421878,
        3.843643966108423,
        0.6259538504857751,
        -4.650959431538558,
        839.534609150851,
        3493.0227480942463,
        2.3049326758971134,
        -11.321932510893129
    ],
    "best_fitness": [
        -0.02987133197811008
    ],
    "mutate_eta": 10,
    "mutate_prob": 0.2,
    "crossover_eta": 15,
    "crossover_prob": 0.2,
    "error_message": null,
    "timestamp": "2024-06-20T23:08:41.220904"
}