{
    "algorithm_desc": "pygad_algorithm",
    "config_name": "two_way_overtaking",
    "random_seed": 1,
    "evaluation_time": 119.545658,
    "number_of_generations": 400,
    "population_size": 150,
    "num_parents_mating": 4,
    "best_solution": [
        2450.2718319201867,
        2307.8410612197404,
        14.79957380410734,
        17.464406119953225,
        3396.0534904990946,
        3438.6662454813436,
        11.728958931486964,
        13.71467535539275,
        1208.615540468487,
        1046.2639756623416,
        16.348183569905068,
        19.724686814783098
    ],
    "best_fitness": [
        -0.14300244106646473
    ],
    "mutate_eta": 10,
    "mutate_prob": 0.5,
    "crossover_eta": 1,
    "crossover_prob": 0.2,
    "error_message": null,
    "timestamp": "2024-06-23T11:24:01.067048"
}