{
    "algorithm_desc": "pygad_algorithm",
    "config_name": "two_way_overtaking",
    "random_seed": 1,
    "evaluation_time": 8.244907,
    "number_of_generations": 400,
    "population_size": 10,
    "num_parents_mating": 8,
    "best_solution": [
        762.3108509612011,
        919.4045842238804,
        18.399795382579832,
        -2.866573459784064,
        3089.0863761820533,
        1141.0087897383441,
        9.601371711817968,
        -4.451840041170588,
        370.8939525702816,
        2923.2841384703265,
        17.743515447336996,
        -13.591108246731732
    ],
    "best_fitness": [
        -0.6786939647938771
    ],
    "mutate_eta": 10,
    "mutate_prob": 1,
    "crossover_eta": 1,
    "crossover_prob": 0.5,
    "error_message": null,
    "timestamp": "2024-06-23T07:06:49.218462"
}