{
    "algorithm_desc": "pygad_algorithm",
    "config_name": "two_way_overtaking",
    "random_seed": 1,
    "evaluation_time": 29.672432,
    "number_of_generations": 100,
    "population_size": 150,
    "num_parents_mating": 2,
    "best_solution": [
        498.0261675849878,
        1722.5633937630548,
        -0.9546667657056567,
        4.288500348096605,
        175.47946770513178,
        3370.8527709495424,
        -0.08229907790777702,
        0.37844834438154606,
        1014.126885680843,
        14.819575943142427,
        -1.5369106353596393,
        15.256722919133075
    ],
    "best_fitness": [
        -0.10419305842585301
    ],
    "mutate_eta": 1,
    "mutate_prob": 0.5,
    "crossover_eta": 5,
    "crossover_prob": 0.2,
    "error_message": null,
    "timestamp": "2024-06-20T22:19:48.539108"
}