{
    "algorithm_desc": "pygad_algorithm",
    "config_name": "two_way_overtaking",
    "random_seed": 1,
    "evaluation_time": 4.169569,
    "number_of_generations": 100,
    "population_size": 20,
    "num_parents_mating": 10,
    "best_solution": [
        3472.699235930857,
        3099.9002871084967,
        -15.485297691809787,
        12.43092866301349,
        1274.8441834517841,
        3392.158515115528,
        -2.4944097881621374,
        2.0985530781121575,
        2524.926055890543,
        1312.2952621309669,
        -14.97860711238528,
        18.115742117994678
    ],
    "best_fitness": [
        -0.8854603103189599
    ],
    "mutate_eta": 10,
    "mutate_prob": 0.8,
    "crossover_eta": 15,
    "crossover_prob": 0.2,
    "error_message": null,
    "timestamp": "2024-06-21T13:21:30.744445"
}