{
    "algorithm_desc": "pygad_algorithm",
    "config_name": "two_way_overtaking",
    "random_seed": 1,
    "evaluation_time": 115.612651,
    "number_of_generations": 2000,
    "population_size": 20,
    "num_parents_mating": 2,
    "best_solution": [
        2234.5319712822898,
        2350.181841984827,
        4.897085086153485,
        -13.280712495741053,
        2300.56308293212,
        1000.7584388751643,
        3.049573252640041,
        -5.753651441563511,
        1921.1855246532107,
        3473.128855803628,
        6.303294104815638,
        -15.064595149380422
    ],
    "best_fitness": [
        -0.5250946288984167
    ],
    "mutate_eta": 15,
    "mutate_prob": 0.8,
    "crossover_eta": 1,
    "crossover_prob": 0.5,
    "error_message": null,
    "timestamp": "2024-06-20T13:49:26.474639"
}