{
    "algorithm_desc": "pygad_algorithm",
    "config_name": "two_way_overtaking",
    "random_seed": 1,
    "evaluation_time": 14.967354,
    "number_of_generations": 50,
    "population_size": 150,
    "num_parents_mating": 2,
    "best_solution": [
        1085.787363722911,
        1282.5154341082932,
        -6.991867071190574,
        9.49459341785861,
        291.4161225523745,
        3006.725157216885,
        -0.08229907790777702,
        0.37844834438154606,
        2323.5744223341826,
        389.0579378684951,
        -13.02731406119843,
        16.636457191314392
    ],
    "best_fitness": [
        -0.29276111537861316
    ],
    "mutate_eta": 20,
    "mutate_prob": 0.5,
    "crossover_eta": 20,
    "crossover_prob": 0.2,
    "error_message": null,
    "timestamp": "2024-06-22T23:28:41.792398"
}