{
    "algorithm_desc": "pygad_algorithm",
    "config_name": "two_way_overtaking",
    "random_seed": 1,
    "evaluation_time": 4.088143,
    "number_of_generations": 200,
    "population_size": 10,
    "num_parents_mating": 4,
    "best_solution": [
        2550.9821634802593,
        956.5916563998851,
        -8.654854116381621,
        -11.514223578039104,
        621.6503489119316,
        381.36235758682545,
        -3.643827387018373,
        -9.488754528767158,
        2168.7325114987025,
        2786.360389067407,
        8.204175544945166,
        -11.840572176442377
    ],
    "best_fitness": [
        -0.8567205365045106
    ],
    "mutate_eta": 5,
    "mutate_prob": 0.8,
    "crossover_eta": 10,
    "crossover_prob": 1,
    "error_message": null,
    "timestamp": "2024-06-23T01:01:47.977899"
}