{
    "algorithm_desc": "pygad_algorithm",
    "config_name": "two_way_overtaking",
    "random_seed": 1,
    "evaluation_time": 197.899529,
    "number_of_generations": 2000,
    "population_size": 50,
    "num_parents_mating": 2,
    "best_solution": [
        2003.588060146582,
        1601.7844091321017,
        11.20998554082935,
        -14.339007255592573,
        3122.7803488935588,
        22.101104465072574,
        4.790424344446663,
        -6.469677839771341,
        830.8920489704718,
        2978.600495026032,
        15.407341949110773,
        -18.93415964388505
    ],
    "best_fitness": [
        -0.03365218812520626
    ],
    "mutate_eta": 5,
    "mutate_prob": 0.5,
    "crossover_eta": 20,
    "crossover_prob": 0.5,
    "error_message": null,
    "timestamp": "2024-06-21T12:24:49.249868"
}