{
    "algorithm_desc": "pygad_algorithm",
    "config_name": "two_way_overtaking",
    "random_seed": 1,
    "evaluation_time": 148.956237,
    "number_of_generations": 400,
    "population_size": 200,
    "num_parents_mating": 8,
    "best_solution": [
        2870.970943613654,
        1782.6908968554733,
        2.3486276633894683,
        -7.994914260232074,
        3246.5983191421114,
        15.19662385550924,
        0.09691143258718071,
        -0.4635892320090278,
        2324.6310553906587,
        3497.780054662183,
        6.79784187474506,
        -19.67862468875266
    ],
    "best_fitness": [
        -0.012744419567259298
    ],
    "mutate_eta": 20,
    "mutate_prob": 0.2,
    "crossover_eta": 1,
    "crossover_prob": 0.5,
    "error_message": null,
    "timestamp": "2024-06-23T02:49:09.859598"
}