{
    "algorithm_desc": "pygad_algorithm",
    "config_name": "two_way_overtaking",
    "random_seed": 1,
    "evaluation_time": 2.169199,
    "number_of_generations": 50,
    "population_size": 20,
    "num_parents_mating": 10,
    "best_solution": [
        1682.3870397055268,
        929.2920611533505,
        -18.95886138389775,
        -0.851057716418012,
        740.7489456964414,
        1209.387349595291,
        -12.531024829044588,
        -2.4839514624082746,
        2843.230512824838,
        2759.4231911872625,
        -16.80973601018463,
        -6.963179836153298
    ],
    "best_fitness": [
        -0.8937922127476075
    ],
    "mutate_eta": 5,
    "mutate_prob": 0.8,
    "crossover_eta": 15,
    "crossover_prob": 0.8,
    "error_message": null,
    "timestamp": "2024-06-21T18:03:45.540820"
}