{
    "algorithm_desc": "pygad_algorithm",
    "config_name": "two_way_overtaking",
    "random_seed": 1,
    "evaluation_time": 281.045881,
    "number_of_generations": 1000,
    "population_size": 150,
    "num_parents_mating": 10,
    "best_solution": [
        1928.0875188626794,
        1754.1759874833767,
        2.909714855793254,
        11.75433571807227,
        2368.2409633685743,
        3498.9229565079304,
        2.6727130182940613,
        10.58626744540118,
        1495.4937446976298,
        4.628888866853864,
        3.9417242383090745,
        17.204532994525835
    ],
    "best_fitness": [
        -0.0003221274970927168
    ],
    "mutate_eta": 10,
    "mutate_prob": 0.2,
    "crossover_eta": 15,
    "crossover_prob": 1,
    "error_message": null,
    "timestamp": "2024-06-22T08:31:52.646787"
}