{
    "algorithm_desc": "pygad_algorithm",
    "config_name": "two_way_overtaking",
    "random_seed": 1,
    "evaluation_time": 109.696231,
    "number_of_generations": 400,
    "population_size": 150,
    "num_parents_mating": 4,
    "best_solution": [
        2858.024650230767,
        1754.2522788008719,
        0.05607976415351246,
        2.3502027951749795,
        2801.408703003515,
        3499.461066309794,
        -0.007289360473993867,
        0.2218883751739007,
        2764.0239655443515,
        5.9977146143472275,
        2.0934509255932348,
        20.55719455433441
    ],
    "best_fitness": [
        -0.03494998508912548
    ],
    "mutate_eta": 10,
    "mutate_prob": 0.2,
    "crossover_eta": 10,
    "crossover_prob": 0.5,
    "error_message": null,
    "timestamp": "2024-06-23T11:15:11.946081"
}