{
    "algorithm_desc": "pygad_algorithm",
    "config_name": "two_way_overtaking",
    "random_seed": 1,
    "evaluation_time": 37.252268,
    "number_of_generations": 400,
    "population_size": 50,
    "num_parents_mating": 2,
    "best_solution": [
        2473.2743532769223,
        1714.0082921363942,
        -3.5521074658619334,
        -11.207088228548177,
        1917.8979994380024,
        1.4262073358874972,
        -2.8264980511408524,
        -8.744010177514996,
        3061.252019653569,
        3493.4550984664884,
        -6.932778139783236,
        -19.881190593320675
    ],
    "best_fitness": [
        -0.0034438929951962796
    ],
    "mutate_eta": 20,
    "mutate_prob": 0.2,
    "crossover_eta": 1,
    "crossover_prob": 1,
    "error_message": null,
    "timestamp": "2024-06-21T10:30:35.659007"
}