{
    "algorithm_desc": "pygad_algorithm",
    "config_name": "two_way_overtaking",
    "random_seed": 1,
    "evaluation_time": 407.951455,
    "number_of_generations": 2000,
    "population_size": 100,
    "num_parents_mating": 4,
    "best_solution": [
        2878.545609904548,
        1863.3945803430097,
        3.3851677633199238,
        -10.233010105687944,
        3450.8570526057524,
        322.08048860355757,
        2.321341331932061,
        -7.013977566356077,
        2195.0750534286526,
        3475.575933214116,
        6.324626921831541,
        -19.758055418406958
    ],
    "best_fitness": [
        -0.09223237959978316
    ],
    "mutate_eta": 1,
    "mutate_prob": 0.5,
    "crossover_eta": 10,
    "crossover_prob": 0.8,
    "error_message": null,
    "timestamp": "2024-06-23T08:38:17.882682"
}