{
    "algorithm_desc": "pygad_algorithm",
    "config_name": "two_way_overtaking",
    "random_seed": 1,
    "evaluation_time": 14.215875,
    "number_of_generations": 50,
    "population_size": 150,
    "num_parents_mating": 10,
    "best_solution": [
        1660.0402799491308,
        1741.5237042322099,
        0.021166382495561464,
        15.839266687058725,
        1690.9421214850638,
        3496.06763043472,
        0.0,
        12.791262680853912,
        1595.6258081242468,
        9.265724683156728,
        0.0,
        16.76173466383191
    ],
    "best_fitness": [
        -0.04242952877527959
    ],
    "mutate_eta": 1,
    "mutate_prob": 0.2,
    "crossover_eta": 5,
    "crossover_prob": 0.2,
    "error_message": null,
    "timestamp": "2024-06-21T12:28:48.727751"
}