{
    "algorithm_desc": "pygad_algorithm",
    "config_name": "two_way_overtaking",
    "random_seed": 1,
    "evaluation_time": 321.220314,
    "number_of_generations": 1000,
    "population_size": 150,
    "num_parents_mating": 8,
    "best_solution": [
        1738.523382292263,
        1551.2158795938278,
        -5.603734202032657,
        7.727888144884318,
        382.70995978117884,
        2579.272883055066,
        -2.134116487080295,
        6.573658860814799,
        3367.5755681587466,
        653.39512127556,
        -11.65473928294633,
        18.201639087985875
    ],
    "best_fitness": [
        -0.4857326782033881
    ],
    "mutate_eta": 10,
    "mutate_prob": 0.8,
    "crossover_eta": 20,
    "crossover_prob": 1,
    "error_message": null,
    "timestamp": "2024-06-22T00:58:51.338984"
}