{
    "algorithm_desc": "pygad_algorithm",
    "config_name": "two_way_overtaking",
    "random_seed": 1,
    "evaluation_time": 0.610801,
    "number_of_generations": 200,
    "population_size": 2,
    "num_parents_mating": 2,
    "best_solution": [
        307.7853931971116,
        3044.9166309506263,
        -4.3037709238508235,
        -16.948333494844654,
        634.903411730704,
        1141.3532905028142,
        0.1592905814752541,
        -0.9132596889033806,
        2392.9861753757327,
        2888.3853346352157,
        -7.068218978736411,
        -15.622620562015323
    ],
    "best_fitness": [
        -0.6650216136141117
    ],
    "mutate_eta": 10,
    "mutate_prob": 0.2,
    "crossover_eta": 15,
    "crossover_prob": 0.8,
    "error_message": null,
    "timestamp": "2024-06-23T06:42:10.204125"
}