{
    "algorithm_desc": "pygad_algorithm",
    "config_name": "two_way_overtaking",
    "random_seed": 1,
    "evaluation_time": 39.304992,
    "number_of_generations": 200,
    "population_size": 100,
    "num_parents_mating": 8,
    "best_solution": [
        1948.6547296180586,
        2269.1832729432685,
        -9.648442955026924,
        6.3406649628715535,
        423.0042611339343,
        3279.593383646734,
        -7.111026970600161,
        4.723415179832351,
        3494.727659963979,
        1211.9638936235067,
        -17.78432775623861,
        12.577149802857512
    ],
    "best_fitness": [
        -0.005047536557929916
    ],
    "mutate_eta": 15,
    "mutate_prob": 0.2,
    "crossover_eta": 15,
    "crossover_prob": 0.5,
    "error_message": null,
    "timestamp": "2024-06-20T15:03:54.645332"
}