{
    "algorithm_desc": "pygad_algorithm",
    "config_name": "two_way_overtaking",
    "random_seed": 1,
    "evaluation_time": 9.756618,
    "number_of_generations": 50,
    "population_size": 100,
    "num_parents_mating": 4,
    "best_solution": [
        3299.8316455372214,
        1809.64822235058,
        0.0,
        11.95419164263923,
        3299.8316455372214,
        3456.2943390639643,
        0.0,
        10.346880031032672,
        3221.47267617302,
        35.37681410028332,
        0.0,
        16.333115439176837
    ],
    "best_fitness": [
        -0.06074001791184265
    ],
    "mutate_eta": 10,
    "mutate_prob": 0.2,
    "crossover_eta": 15,
    "crossover_prob": 0.8,
    "error_message": null,
    "timestamp": "2024-06-21T20:51:58.854650"
}