{
    "algorithm_desc": "pygad_algorithm",
    "config_name": "two_way_overtaking",
    "random_seed": 1,
    "evaluation_time": 37.595337,
    "number_of_generations": 2000,
    "population_size": 10,
    "num_parents_mating": 2,
    "best_solution": [
        2037.4759474085445,
        1912.5170295719763,
        7.1439135219264465,
        -16.578228333795884,
        2601.8579113273718,
        72.6535392249732,
        6.6920318990864445,
        -12.734669311998829,
        1015.7335302365487,
        3316.2437900259347,
        9.154555913902307,
        -19.290382093858508
    ],
    "best_fitness": [
        -0.16821025678952697
    ],
    "mutate_eta": 15,
    "mutate_prob": 0.5,
    "crossover_eta": 1,
    "crossover_prob": 0.2,
    "error_message": null,
    "timestamp": "2024-06-21T13:44:26.148840"
}