{
    "algorithm_desc": "pygad_algorithm",
    "config_name": "two_way_overtaking",
    "random_seed": 1,
    "evaluation_time": 211.595755,
    "number_of_generations": 1000,
    "population_size": 100,
    "num_parents_mating": 10,
    "best_solution": [
        1449.083855002563,
        2094.9795452591948,
        18.489606068815682,
        17.848750602917164,
        2477.9417766804586,
        3481.32422748661,
        5.165039032142921,
        4.659490200527312,
        883.8839491722507,
        514.1597281964986,
        18.339019267448315,
        19.132394760876487
    ],
    "best_fitness": [
        -0.3408093533317584
    ],
    "mutate_eta": 5,
    "mutate_prob": 0.8,
    "crossover_eta": 20,
    "crossover_prob": 0.8,
    "error_message": null,
    "timestamp": "2024-06-21T22:36:06.336795"
}