{
    "algorithm_desc": "pygad_algorithm",
    "config_name": "two_way_overtaking",
    "random_seed": 1,
    "evaluation_time": 72.507004,
    "number_of_generations": 2000,
    "population_size": 20,
    "num_parents_mating": 4,
    "best_solution": [
        1735.279522421793,
        1702.951143534084,
        8.933409747847687,
        0.7715011586098619,
        3487.9213796991867,
        1730.174480660869,
        0.5587793139005086,
        0.0,
        2.9181462866949004,
        1458.4316005045678,
        20.52284204804939,
        3.1061723932032734
    ],
    "best_fitness": [
        -0.04697551406684351
    ],
    "mutate_eta": 10,
    "mutate_prob": 0.2,
    "crossover_eta": 20,
    "crossover_prob": 0.5,
    "error_message": null,
    "timestamp": "2024-06-21T11:11:25.030187"
}