{
    "algorithm_desc": "pygad_algorithm",
    "config_name": "two_way_overtaking",
    "random_seed": 1,
    "evaluation_time": 2.04116,
    "number_of_generations": 100,
    "population_size": 10,
    "num_parents_mating": 8,
    "best_solution": [
        2067.8800038003246,
        729.9306346357695,
        5.40203271249521,
        14.591548862465444,
        2152.818658568762,
        2035.1436596063677,
        7.722419277301018,
        5.863811432266839,
        1045.1728344211597,
        9.42724952191848,
        20.27002989332211,
        4.171649711735462
    ],
    "best_fitness": [
        -1.0251693953724825
    ],
    "mutate_eta": 1,
    "mutate_prob": 0.5,
    "crossover_eta": 5,
    "crossover_prob": 0.8,
    "error_message": null,
    "timestamp": "2024-06-21T01:17:29.629702"
}