{
    "algorithm_desc": "pygad_algorithm",
    "config_name": "two_way_overtaking",
    "random_seed": 1,
    "evaluation_time": 16.329266,
    "number_of_generations": 50,
    "population_size": 150,
    "num_parents_mating": 10,
    "best_solution": [
        1385.4960561672276,
        990.0668487330381,
        12.996686892969308,
        3.5722150701120547,
        3071.623436118956,
        1542.9486261404572,
        12.316894017168558,
        1.2284232757576845,
        647.2496284877935,
        2603.2886726825254,
        16.033405237616734,
        -17.43399218373412
    ],
    "best_fitness": [
        -0.7540708048771957
    ],
    "mutate_eta": 5,
    "mutate_prob": 0.8,
    "crossover_eta": 20,
    "crossover_prob": 0.8,
    "error_message": null,
    "timestamp": "2024-06-21T23:01:41.863448"
}