{
    "algorithm_desc": "pygad_algorithm",
    "config_name": "two_way_overtaking",
    "random_seed": 1,
    "evaluation_time": 7.808799,
    "number_of_generations": 400,
    "population_size": 10,
    "num_parents_mating": 2,
    "best_solution": [
        1326.519358016134,
        1519.670133371257,
        -2.2594371656332193,
        11.928061901545831,
        2070.3161511986705,
        2895.777043399016,
        -7.455531062331323,
        7.547024372975219,
        1488.52671001276,
        481.5314849678707,
        -5.161266004106842,
        14.81669951544476
    ],
    "best_fitness": [
        -0.832805152014604
    ],
    "mutate_eta": 10,
    "mutate_prob": 0.8,
    "crossover_eta": 5,
    "crossover_prob": 0.2,
    "error_message": null,
    "timestamp": "2024-06-20T16:51:10.008685"
}