{
    "algorithm_desc": "pygad_algorithm",
    "config_name": "two_way_overtaking",
    "random_seed": 1,
    "evaluation_time": 4.861006,
    "number_of_generations": 50,
    "population_size": 50,
    "num_parents_mating": 4,
    "best_solution": [
        1605.2909179324374,
        1747.2106275872168,
        -14.00311060201113,
        -11.840525954842038,
        247.47111909628606,
        549.9719409228703,
        -11.499875689776111,
        -9.00278225,
        2842.7594695645216,
        3148.9686019607225,
        -20.534666292806794,
        -20.47071090021015
    ],
    "best_fitness": [
        -0.07320879626926607
    ],
    "mutate_eta": 5,
    "mutate_prob": 0.2,
    "crossover_eta": 5,
    "crossover_prob": 0.5,
    "error_message": null,
    "timestamp": "2024-06-23T09:38:30.900694"
}