{
    "algorithm_desc": "pygad_algorithm",
    "config_name": "two_way_overtaking",
    "random_seed": 1,
    "evaluation_time": 41.838168,
    "number_of_generations": 1000,
    "population_size": 20,
    "num_parents_mating": 2,
    "best_solution": [
        2132.8461041564115,
        2036.3775079780846,
        -6.731791638058869,
        16.354070952759443,
        1700.2235026573453,
        3175.8402380902007,
        -2.2908459359942945,
        3.2985910959416067,
        2055.6733582162133,
        660.5758550550167,
        -9.538373101003458,
        19.134019147173944
    ],
    "best_fitness": [
        -0.6411139094952466
    ],
    "mutate_eta": 10,
    "mutate_prob": 1,
    "crossover_eta": 10,
    "crossover_prob": 0.8,
    "error_message": null,
    "timestamp": "2024-06-23T15:47:41.964502"
}