{
    "algorithm_desc": "pygad_algorithm",
    "config_name": "two_way_overtaking",
    "random_seed": 1,
    "evaluation_time": 18.810098,
    "number_of_generations": 50,
    "population_size": 200,
    "num_parents_mating": 2,
    "best_solution": [
        3308.422136599116,
        1842.6287690881554,
        0.0,
        19.991460480101907,
        3241.790933147466,
        3477.1116208494745,
        -0.49926725620556667,
        10.241590527277989,
        3216.482273658897,
        9.265724683156728,
        0.0,
        20.433584230623318
    ],
    "best_fitness": [
        -0.06498699759849028
    ],
    "mutate_eta": 1,
    "mutate_prob": 0.2,
    "crossover_eta": 1,
    "crossover_prob": 0.8,
    "error_message": null,
    "timestamp": "2024-06-22T05:44:04.635797"
}