{
    "algorithm_desc": "pygad_algorithm",
    "config_name": "two_way_overtaking",
    "random_seed": 1,
    "evaluation_time": 40.903842,
    "number_of_generations": 400,
    "population_size": 50,
    "num_parents_mating": 10,
    "best_solution": [
        2264.323092018219,
        2218.7159306973113,
        -19.783453148401904,
        5.633506282200681,
        863.3868036164835,
        2775.292376224818,
        -3.9471361904426843,
        0.5709071403524462,
        2020.553061766598,
        440.08071156384415,
        -17.016167697918764,
        15.998550010001559
    ],
    "best_fitness": [
        -0.5469876367860756
    ],
    "mutate_eta": 20,
    "mutate_prob": 0.5,
    "crossover_eta": 1,
    "crossover_prob": 1,
    "error_message": null,
    "timestamp": "2024-06-22T04:56:27.307129"
}