{
    "algorithm_desc": "pygad_algorithm",
    "config_name": "two_way_overtaking",
    "random_seed": 1,
    "evaluation_time": 41.635311,
    "number_of_generations": 100,
    "population_size": 200,
    "num_parents_mating": 2,
    "best_solution": [
        951.8854292385527,
        1261.0366349201192,
        16.043258528243157,
        2.6572777145160664,
        3084.4258775104868,
        1535.8395274224856,
        7.887873647763129,
        -0.6309920694488582,
        151.4063804099975,
        2891.0949217475427,
        15.061769263763608,
        -13.742535077004444
    ],
    "best_fitness": [
        -0.6336873060279989
    ],
    "mutate_eta": 5,
    "mutate_prob": 0.8,
    "crossover_eta": 20,
    "crossover_prob": 0.2,
    "error_message": null,
    "timestamp": "2024-06-20T20:35:05.557229"
}