{
    "algorithm_desc": "pygad_algorithm",
    "config_name": "two_way_overtaking",
    "random_seed": 1,
    "evaluation_time": 20.580871,
    "number_of_generations": 50,
    "population_size": 200,
    "num_parents_mating": 8,
    "best_solution": [
        2182.095055178519,
        2009.2080110565362,
        -6.028294571829546,
        13.438836470598666,
        1546.9908684893003,
        3299.8316455372214,
        -3.3504637055023494,
        9.742768530293098,
        3072.095327428616,
        986.0570094985259,
        -11.211592794805835,
        19.899984191310658
    ],
    "best_fitness": [
        -0.34878569347863253
    ],
    "mutate_eta": 1,
    "mutate_prob": 0.5,
    "crossover_eta": 1,
    "crossover_prob": 0.2,
    "error_message": null,
    "timestamp": "2024-06-22T02:19:01.926017"
}