{
    "algorithm_desc": "pygad_algorithm",
    "config_name": "two_way_overtaking",
    "random_seed": 1,
    "evaluation_time": 851.286891,
    "number_of_generations": 2000,
    "population_size": 200,
    "num_parents_mating": 2,
    "best_solution": [
        1152.860775737851,
        722.2446006001692,
        6.218165490528371,
        10.518340664358163,
        1892.2781435827665,
        2432.642722610123,
        2.1195867994017057,
        5.127117355311277,
        86.15100443757213,
        157.97735556323778,
        18.641372034062428,
        18.873863165399072
    ],
    "best_fitness": [
        -0.35493980942684494
    ],
    "mutate_eta": 20,
    "mutate_prob": 0.8,
    "crossover_eta": 15,
    "crossover_prob": 1,
    "error_message": null,
    "timestamp": "2024-06-21T21:54:25.196472"
}