{
    "algorithm_desc": "pygad_algorithm",
    "config_name": "two_way_overtaking",
    "random_seed": 1,
    "evaluation_time": 77.352688,
    "number_of_generations": 2000,
    "population_size": 20,
    "num_parents_mating": 2,
    "best_solution": [
        1073.787544919426,
        1696.8209073388098,
        -8.293774227908372,
        -11.420217340828863,
        22.894638178810656,
        55.288001096367,
        -4.277071163098988,
        -5.250043703630524,
        2030.1885920951306,
        3268.4409056612244,
        -12.636295617219766,
        -18.224359953842296
    ],
    "best_fitness": [
        -0.07201303710427989
    ],
    "mutate_eta": 15,
    "mutate_prob": 0.5,
    "crossover_eta": 20,
    "crossover_prob": 0.2,
    "error_message": null,
    "timestamp": "2024-06-23T18:15:51.132178"
}