{
    "algorithm_desc": "pygad_algorithm",
    "config_name": "two_way_overtaking",
    "random_seed": 1,
    "evaluation_time": 200.136292,
    "number_of_generations": 2000,
    "population_size": 50,
    "num_parents_mating": 8,
    "best_solution": [
        1901.097387062357,
        1232.8174938052075,
        -9.520537932674788,
        6.410015864201085,
        345.6251656799686,
        2336.7413207359805,
        -3.476834509617106,
        2.1721944309834207,
        3258.750686022009,
        131.43258704646072,
        -14.777704068260228,
        16.636457191314392
    ],
    "best_fitness": [
        -0.14165022841023364
    ],
    "mutate_eta": 10,
    "mutate_prob": 0.5,
    "crossover_eta": 20,
    "crossover_prob": 0.2,
    "error_message": null,
    "timestamp": "2024-06-23T09:39:17.314163"
}