{
    "algorithm_desc": "pygad_algorithm",
    "config_name": "two_way_overtaking",
    "random_seed": 1,
    "evaluation_time": 2.176872,
    "number_of_generations": 50,
    "population_size": 20,
    "num_parents_mating": 2,
    "best_solution": [
        2143.256298610403,
        1857.2894782903288,
        0.7748059312157274,
        14.680296704827732,
        1868.6389108252429,
        3493.6396998347122,
        -1.2312134632714375,
        7.550603642126617,
        2880.6971233946606,
        544.6986608982871,
        2.578157307562744,
        18.770452565862072
    ],
    "best_fitness": [
        -0.580760273330451
    ],
    "mutate_eta": 15,
    "mutate_prob": 0.5,
    "crossover_eta": 15,
    "crossover_prob": 0.8,
    "error_message": null,
    "timestamp": "2024-06-22T21:07:49.069816"
}