{
    "algorithm_desc": "pygad_algorithm",
    "config_name": "two_way_overtaking",
    "random_seed": 1,
    "evaluation_time": 207.073379,
    "number_of_generations": 1000,
    "population_size": 100,
    "num_parents_mating": 2,
    "best_solution": [
        2146.102467267895,
        1876.0806831130765,
        0.0,
        -9.52327503927285,
        1961.2091188354952,
        55.460595479699336,
        0.39564066078109406,
        -7.669688067045511,
        2127.499684902609,
        3297.605316577008,
        0.10463308109545366,
        -14.833437239392971
    ],
    "best_fitness": [
        -0.17388403876255845
    ],
    "mutate_eta": 20,
    "mutate_prob": 0.5,
    "crossover_eta": 1,
    "crossover_prob": 1,
    "error_message": null,
    "timestamp": "2024-06-23T13:45:36.262848"
}