{
    "algorithm_desc": "pygad_algorithm",
    "config_name": "two_way_overtaking",
    "random_seed": 1,
    "evaluation_time": 10.432575,
    "number_of_generations": 50,
    "population_size": 100,
    "num_parents_mating": 10,
    "best_solution": [
        2436.40310661231,
        982.5328675103374,
        -17.024801001514447,
        1.8639114362351101,
        514.8087866707016,
        381.1837752977218,
        -12.260015071287267,
        3.074680046443124,
        3371.350336979248,
        2726.700214813865,
        -18.708339623980336,
        -20.571949440082015
    ],
    "best_fitness": [
        -0.6043432101033425
    ],
    "mutate_eta": 1,
    "mutate_prob": 0.5,
    "crossover_eta": 20,
    "crossover_prob": 0.2,
    "error_message": null,
    "timestamp": "2024-06-21T19:39:09.299118"
}