{
    "algorithm_desc": "pygad_algorithm",
    "config_name": "two_way_overtaking",
    "random_seed": 1,
    "evaluation_time": 0.986515,
    "number_of_generations": 100,
    "population_size": 5,
    "num_parents_mating": 2,
    "best_solution": [
        2106.3152604599854,
        2292.3640049219193,
        -9.00278225,
        -17.11716565998499,
        933.2354575307232,
        339.50397635117565,
        0.7282086244325647,
        -7.635717021647915,
        2749.8597046143514,
        2494.912264587258,
        -17.718112587302528,
        -18.105369859550112
    ],
    "best_fitness": [
        -0.8432673176061591
    ],
    "mutate_eta": 20,
    "mutate_prob": 0.2,
    "crossover_eta": 5,
    "crossover_prob": 0.8,
    "error_message": null,
    "timestamp": "2024-06-23T07:39:36.876249"
}