{
    "algorithm_desc": "pygad_algorithm",
    "config_name": "two_way_overtaking",
    "random_seed": 1,
    "evaluation_time": 1.113902,
    "number_of_generations": 50,
    "population_size": 10,
    "num_parents_mating": 10,
    "best_solution": [
        1064.8930790400045,
        1839.146997628824,
        -12.71841840389852,
        -11.766308228843512,
        1787.7559640951763,
        48.482260737815864,
        -16.044906009168656,
        -2.2435094419065464,
        1607.9962850865104,
        3488.452349737535,
        13.280203954621534,
        -17.142921136057268
    ],
    "best_fitness": [
        -1.1654517659903196
    ],
    "mutate_eta": 15,
    "mutate_prob": 0.8,
    "crossover_eta": 10,
    "crossover_prob": 0.8,
    "error_message": null,
    "timestamp": "2024-06-22T20:39:32.863972"
}