{
    "algorithm_desc": "pygad_algorithm",
    "config_name": "two_way_overtaking",
    "random_seed": 1,
    "evaluation_time": 557.053263,
    "number_of_generations": 2000,
    "population_size": 150,
    "num_parents_mating": 8,
    "best_solution": [
        2295.058688784695,
        1772.4608232771782,
        -0.24751344442651657,
        -6.669389692217502,
        2295.8945777215754,
        0.5800492408091218,
        0.0,
        -1.0617181447388866,
        2358.9694300173046,
        3499.250457597443,
        -1.5121313838733883,
        -19.956323549539874
    ],
    "best_fitness": [
        -0.025575910218635277
    ],
    "mutate_eta": 20,
    "mutate_prob": 0.2,
    "crossover_eta": 5,
    "crossover_prob": 0.5,
    "error_message": null,
    "timestamp": "2024-06-21T02:35:39.712687"
}