{
    "algorithm_desc": "pygad_algorithm",
    "config_name": "two_way_overtaking",
    "random_seed": 1,
    "evaluation_time": 323.384742,
    "number_of_generations": 1000,
    "population_size": 150,
    "num_parents_mating": 10,
    "best_solution": [
        1532.0660841729486,
        1621.7408628429303,
        -9.9855198274817,
        -8.991551958088877,
        200.97961831984452,
        324.38942171422576,
        -7.041879605124876,
        -8.489476084381113,
        2481.8883159543807,
        3445.6725437862287,
        -13.103766508028171,
        -18.092919964994106
    ],
    "best_fitness": [
        -0.3225331361271375
    ],
    "mutate_eta": 10,
    "mutate_prob": 0.8,
    "crossover_eta": 5,
    "crossover_prob": 0.8,
    "error_message": null,
    "timestamp": "2024-06-20T14:09:06.128428"
}