{
    "algorithm_desc": "pygad_algorithm",
    "config_name": "two_way_overtaking",
    "random_seed": 1,
    "evaluation_time": 4.728973,
    "number_of_generations": 200,
    "population_size": 10,
    "num_parents_mating": 2,
    "best_solution": [
        1986.9215568653028,
        1408.348858489341,
        7.646671585477705,
        13.516730721229067,
        1642.8718896960825,
        3387.962984180389,
        4.77450208093779,
        8.509158374399256,
        1487.7925873892952,
        11.716476197370929,
        15.665780372393826,
        19.30972193904696
    ],
    "best_fitness": [
        -0.6328492072074686
    ],
    "mutate_eta": 1,
    "mutate_prob": 0.5,
    "crossover_eta": 5,
    "crossover_prob": 0.8,
    "error_message": null,
    "timestamp": "2024-06-20T16:08:03.179716"
}