{
    "algorithm_desc": "pygad_algorithm",
    "config_name": "two_way_overtaking",
    "random_seed": 1,
    "evaluation_time": 1.932693,
    "number_of_generations": 50,
    "population_size": 20,
    "num_parents_mating": 2,
    "best_solution": [
        1542.7887568758583,
        2168.407870647244,
        -6.450417761314018,
        0.0,
        55.37434996294699,
        2199.8877636914813,
        -0.6278783310876257,
        0.0,
        3299.8316455372214,
        2245.294573376033,
        -19.032380988147352,
        -1.1933637016728618
    ],
    "best_fitness": [
        -0.10888891929128887
    ],
    "mutate_eta": 15,
    "mutate_prob": 0.2,
    "crossover_eta": 10,
    "crossover_prob": 0.8,
    "error_message": null,
    "timestamp": "2024-06-22T20:55:33.787030"
}