{
    "algorithm_desc": "pygad_algorithm",
    "config_name": "two_way_overtaking",
    "random_seed": 1,
    "evaluation_time": 16.6215,
    "number_of_generations": 50,
    "population_size": 150,
    "num_parents_mating": 8,
    "best_solution": [
        495.4654511638444,
        2881.609616795161,
        4.9123691343779186,
        -4.622882363655338,
        1369.325922779306,
        1717.7635194321622,
        6.63697170113614,
        -1.8805941161352813,
        30.272672746108565,
        3316.5427816896054,
        11.322309762641773,
        -13.675421308103964
    ],
    "best_fitness": [
        -0.899248451787454
    ],
    "mutate_eta": 20,
    "mutate_prob": 1,
    "crossover_eta": 5,
    "crossover_prob": 1,
    "error_message": null,
    "timestamp": "2024-06-21T06:52:00.841759"
}