{
    "algorithm_desc": "pygad_algorithm",
    "config_name": "two_way_overtaking",
    "random_seed": 1,
    "evaluation_time": 10.329319,
    "number_of_generations": 100,
    "population_size": 50,
    "num_parents_mating": 10,
    "best_solution": [
        2695.5279985036404,
        2241.370909401073,
        -1.6444149081878692,
        2.817274530882923,
        712.8329634578429,
        3464.198333601204,
        -0.5309185287031468,
        1.0224007100541215,
        3270.9309069614137,
        540.0132350435997,
        -12.256678575369042,
        10.162247823654035
    ],
    "best_fitness": [
        -0.5585675300021173
    ],
    "mutate_eta": 20,
    "mutate_prob": 0.5,
    "crossover_eta": 10,
    "crossover_prob": 0.2,
    "error_message": null,
    "timestamp": "2024-06-23T12:59:15.711511"
}