{
    "algorithm_desc": "pygad_algorithm",
    "config_name": "two_way_overtaking",
    "random_seed": 1,
    "evaluation_time": 3.815834,
    "number_of_generations": 200,
    "population_size": 10,
    "num_parents_mating": 2,
    "best_solution": [
        1776.38098720738,
        2489.7016405652803,
        -8.44344620426866,
        -13.244395207592039,
        938.1637907352042,
        1758.7649533636304,
        -1.413110584920286,
        -1.7069123171149023,
        2323.661147786104,
        3451.796376344814,
        -9.350971303218426,
        -16.643107884793288
    ],
    "best_fitness": [
        -0.5174562019445424
    ],
    "mutate_eta": 15,
    "mutate_prob": 0.5,
    "crossover_eta": 15,
    "crossover_prob": 0.5,
    "error_message": null,
    "timestamp": "2024-06-22T21:52:19.843405"
}