{
    "algorithm_desc": "pygad_algorithm",
    "config_name": "two_way_overtaking",
    "random_seed": 1,
    "evaluation_time": 4.126342,
    "number_of_generations": 100,
    "population_size": 20,
    "num_parents_mating": 4,
    "best_solution": [
        1592.5627829289983,
        3004.361328717373,
        20.225112423772153,
        18.18054075069177,
        3427.458149575839,
        3327.2914750440164,
        19.091521906456975,
        8.146146204251494,
        546.6433510322233,
        2263.656406944046,
        20.196109967958982,
        19.74519970328565
    ],
    "best_fitness": [
        -0.7921348961850903
    ],
    "mutate_eta": 1,
    "mutate_prob": 0.8,
    "crossover_eta": 10,
    "crossover_prob": 0.2,
    "error_message": null,
    "timestamp": "2024-06-20T21:39:08.692128"
}