{
    "algorithm_desc": "pygad_algorithm",
    "config_name": "two_way_overtaking",
    "random_seed": 1,
    "evaluation_time": 37.534842,
    "number_of_generations": 100,
    "population_size": 200,
    "num_parents_mating": 10,
    "best_solution": [
        1193.1698303058013,
        1751.5898650165059,
        -7.869485578425968,
        13.651971293098832,
        331.10730999449436,
        3387.461730117478,
        -2.36374614324534,
        4.490811033898357,
        2116.5652545266066,
        141.59124064926726,
        -12.19485401607365,
        20.256775890972143
    ],
    "best_fitness": [
        -0.0024221595581237158
    ],
    "mutate_eta": 15,
    "mutate_prob": 0.2,
    "crossover_eta": 15,
    "crossover_prob": 0.2,
    "error_message": null,
    "timestamp": "2024-06-21T08:18:41.060546"
}