{
    "algorithm_desc": "pygad_algorithm",
    "config_name": "two_way_overtaking",
    "random_seed": 1,
    "evaluation_time": 43.64511,
    "number_of_generations": 200,
    "population_size": 100,
    "num_parents_mating": 10,
    "best_solution": [
        2671.6649222505284,
        1333.358238549176,
        -15.128326356379812,
        4.123974054513468,
        869.0940833432899,
        1505.1661656052263,
        -5.0501937003754716,
        2.111747360017354,
        3298.2149116292485,
        1068.0474649895027,
        -16.790983539590837,
        12.983888219257054
    ],
    "best_fitness": [
        -0.6508069134728813
    ],
    "mutate_eta": 1,
    "mutate_prob": 0.8,
    "crossover_eta": 10,
    "crossover_prob": 0.8,
    "error_message": null,
    "timestamp": "2024-06-21T00:54:09.970649"
}