{
    "algorithm_desc": "pygad_algorithm",
    "config_name": "two_way_overtaking",
    "random_seed": 1,
    "evaluation_time": 4.132742,
    "number_of_generations": 100,
    "population_size": 20,
    "num_parents_mating": 2,
    "best_solution": [
        3111.4083570259895,
        1875.875523181236,
        -4.734619393860328,
        16.824414826889218,
        2281.6460775084624,
        3283.323025452065,
        -4.023645092214256,
        -1.3792651783980965,
        1501.1398252197175,
        936.6520363888707,
        8.743008950285994,
        20.559191923234067
    ],
    "best_fitness": [
        -0.9378270145732698
    ],
    "mutate_eta": 15,
    "mutate_prob": 0.8,
    "crossover_eta": 1,
    "crossover_prob": 0.2,
    "error_message": null,
    "timestamp": "2024-06-21T01:17:24.891935"
}