{
    "algorithm_desc": "pygad_algorithm",
    "config_name": "two_way_overtaking",
    "random_seed": 1,
    "evaluation_time": 37.498558,
    "number_of_generations": 100,
    "population_size": 200,
    "num_parents_mating": 8,
    "best_solution": [
        1796.9965945813997,
        2780.7227800630612,
        4.038600133570306,
        0.0,
        3486.526847490627,
        2776.5507938693995,
        2.0484083607461194,
        0.0,
        8.170883974031318,
        2774.808250739128,
        9.905779157781641,
        0.3464795593107546
    ],
    "best_fitness": [
        -0.03247486769499412
    ],
    "mutate_eta": 15,
    "mutate_prob": 0.2,
    "crossover_eta": 5,
    "crossover_prob": 0.2,
    "error_message": null,
    "timestamp": "2024-06-23T12:46:08.281143"
}