{
    "algorithm_desc": "pygad_algorithm",
    "config_name": "two_way_overtaking",
    "random_seed": 1,
    "evaluation_time": 274.434507,
    "number_of_generations": 1000,
    "population_size": 150,
    "num_parents_mating": 2,
    "best_solution": [
        2037.3371099947492,
        1756.7422404170695,
        0.8067086837171509,
        5.7080385200096515,
        2169.502345709697,
        3498.654300780546,
        0.0,
        0.013134108779105702,
        1703.3935597141835,
        3.0643056740304875,
        4.420468408267386,
        20.198013521698364
    ],
    "best_fitness": [
        -0.049618724002155834
    ],
    "mutate_eta": 5,
    "mutate_prob": 0.2,
    "crossover_eta": 5,
    "crossover_prob": 0.8,
    "error_message": null,
    "timestamp": "2024-06-21T10:23:04.944505"
}