{
    "algorithm_desc": "pygad_algorithm",
    "config_name": "two_way_overtaking",
    "random_seed": 1,
    "evaluation_time": 30.99997,
    "number_of_generations": 100,
    "population_size": 150,
    "num_parents_mating": 8,
    "best_solution": [
        1748.3127381844513,
        1767.0516894876948,
        5.824555683920135,
        5.767450508810374,
        2589.159929355849,
        3402.392400673002,
        2.1599403524127503,
        1.815535182989887,
        567.4687826829428,
        385.8455932242919,
        12.914889298147372,
        10.739969003720034
    ],
    "best_fitness": [
        -0.22456070546766205
    ],
    "mutate_eta": 20,
    "mutate_prob": 0.5,
    "crossover_eta": 15,
    "crossover_prob": 0.5,
    "error_message": null,
    "timestamp": "2024-06-23T05:26:05.702882"
}