{
    "algorithm_desc": "pygad_algorithm",
    "config_name": "two_way_overtaking",
    "random_seed": 1,
    "evaluation_time": 368.547206,
    "number_of_generations": 1000,
    "population_size": 200,
    "num_parents_mating": 4,
    "best_solution": [
        3299.8316455372214,
        1758.2549865430826,
        0.0,
        11.384799486898938,
        3299.8316455372214,
        3499.5975220137316,
        0.0,
        6.572593656476549,
        3299.8316455372214,
        3.059902959241523,
        0.49309399694887546,
        20.02778427174323
    ],
    "best_fitness": [
        -0.02626440077077178
    ],
    "mutate_eta": 10,
    "mutate_prob": 0.2,
    "crossover_eta": 5,
    "crossover_prob": 0.5,
    "error_message": null,
    "timestamp": "2024-06-23T03:33:27.008183"
}