{
    "algorithm_desc": "pygad_algorithm",
    "config_name": "two_way_overtaking",
    "random_seed": 1,
    "evaluation_time": 6.863668,
    "number_of_generations": 400,
    "population_size": 10,
    "num_parents_mating": 2,
    "best_solution": [
        2557.240298868798,
        1831.8803970727238,
        -8.137291542002474,
        -17.066941588694224,
        1754.5980269223346,
        137.6490124782358,
        -3.966459539734309,
        -7.536812252623097,
        3313.4988283214993,
        3388.946473584272,
        -8.4856578019023,
        -17.7213078032145
    ],
    "best_fitness": [
        -0.034749217928102746
    ],
    "mutate_eta": 5,
    "mutate_prob": 0.2,
    "crossover_eta": 1,
    "crossover_prob": 0.2,
    "error_message": null,
    "timestamp": "2024-06-21T19:37:27.350824"
}