{
    "algorithm_desc": "pygad_algorithm",
    "config_name": "two_way_overtaking",
    "random_seed": 1,
    "evaluation_time": 205.07647,
    "number_of_generations": 1000,
    "population_size": 100,
    "num_parents_mating": 8,
    "best_solution": [
        1339.8726233129555,
        919.6841471293311,
        17.149635443337687,
        8.75122373195984,
        3119.6618290705655,
        1317.1573151919213,
        11.251241436516974,
        6.325594174940047,
        16.698413133167776,
        191.2296552916106,
        19.123840291628802,
        9.58783209772896
    ],
    "best_fitness": [
        -0.19362976283418845
    ],
    "mutate_eta": 10,
    "mutate_prob": 0.5,
    "crossover_eta": 20,
    "crossover_prob": 0.5,
    "error_message": null,
    "timestamp": "2024-06-22T07:11:24.636509"
}