{
    "algorithm_desc": "pygad_algorithm",
    "config_name": "two_way_overtaking",
    "random_seed": 1,
    "evaluation_time": 40.903318,
    "number_of_generations": 200,
    "population_size": 100,
    "num_parents_mating": 8,
    "best_solution": [
        1675.224016686943,
        1587.9590922442508,
        -13.432115648750804,
        -13.168360312786133,
        94.72519119133999,
        580.05176424625,
        -7.3072125781153865,
        -6.87039537189936,
        2173.714212405363,
        3075.336494762571,
        -15.918602218850777,
        -18.815709444926412
    ],
    "best_fitness": [
        -0.27750828661247834
    ],
    "mutate_eta": 5,
    "mutate_prob": 0.5,
    "crossover_eta": 15,
    "crossover_prob": 1,
    "error_message": null,
    "timestamp": "2024-06-22T04:28:10.260363"
}