{
    "algorithm_desc": "pygad_algorithm",
    "config_name": "two_way_overtaking",
    "random_seed": 1,
    "evaluation_time": 73.149732,
    "number_of_generations": 400,
    "population_size": 100,
    "num_parents_mating": 2,
    "best_solution": [
        3299.8316455372214,
        1711.8854857661556,
        -0.32792369445077796,
        5.364010093394853,
        3299.8316455372214,
        3491.197474549153,
        0.0,
        0.729056320362151,
        3404.873084890797,
        8.445455639303601,
        -1.8093339882564514,
        17.683145112863777
    ],
    "best_fitness": [
        -0.032802146954475524
    ],
    "mutate_eta": 1,
    "mutate_prob": 0.2,
    "crossover_eta": 20,
    "crossover_prob": 0.8,
    "error_message": null,
    "timestamp": "2024-06-20T14:55:56.570769"
}