{
    "algorithm_desc": "pygad_algorithm",
    "config_name": "two_way_overtaking",
    "random_seed": 1,
    "evaluation_time": 37.325653,
    "number_of_generations": 200,
    "population_size": 100,
    "num_parents_mating": 2,
    "best_solution": [
        1551.0299429300692,
        2102.51811397861,
        -8.497250015284047,
        -17.961240833332894,
        805.8487287278468,
        469.45093597959703,
        -6.495689181734772,
        -14.18194967699444,
        2697.041333893049,
        3493.4550984664884,
        -10.477027061425282,
        -20.00651188670925
    ],
    "best_fitness": [
        -0.07027845231037602
    ],
    "mutate_eta": 5,
    "mutate_prob": 0.2,
    "crossover_eta": 10,
    "crossover_prob": 1,
    "error_message": null,
    "timestamp": "2024-06-22T02:58:42.763673"
}