{
    "algorithm_desc": "pygad_algorithm",
    "config_name": "two_way_overtaking",
    "random_seed": 1,
    "evaluation_time": 9.074954,
    "number_of_generations": 100,
    "population_size": 50,
    "num_parents_mating": 4,
    "best_solution": [
        859.2116954439655,
        1180.4787679724043,
        -0.9888227017009363,
        12.090958979145299,
        850.1591769038833,
        2998.3449548236113,
        0.0,
        0.274228111117921,
        2342.423585016573,
        142.49992899673651,
        -3.4715466925444716,
        13.523366015323127
    ],
    "best_fitness": [
        -0.24621996122163597
    ],
    "mutate_eta": 20,
    "mutate_prob": 0.2,
    "crossover_eta": 10,
    "crossover_prob": 0.2,
    "error_message": null,
    "timestamp": "2024-06-20T23:56:03.342339"
}