{
    "algorithm_desc": "pygad_algorithm",
    "config_name": "two_way_overtaking",
    "random_seed": 1,
    "evaluation_time": 542.522774,
    "number_of_generations": 2000,
    "population_size": 150,
    "num_parents_mating": 8,
    "best_solution": [
        1457.3917309769408,
        1592.1652190354087,
        6.862547601081978,
        11.292731455817158,
        2313.8401943306694,
        3179.8369914100826,
        0.2620529887259302,
        0.48579795948949567,
        518.7597761538252,
        48.14893094593031,
        13.131848536391665,
        20.425381911246284
    ],
    "best_fitness": [
        -4.152124762089893e-05
    ],
    "mutate_eta": 15,
    "mutate_prob": 0.2,
    "crossover_eta": 5,
    "crossover_prob": 0.2,
    "error_message": null,
    "timestamp": "2024-06-22T16:35:48.683197"
}