{
    "algorithm_desc": "pygad_algorithm",
    "config_name": "two_way_overtaking",
    "random_seed": 1,
    "evaluation_time": 328.365766,
    "number_of_generations": 1000,
    "population_size": 150,
    "num_parents_mating": 10,
    "best_solution": [
        1641.1293006998585,
        2450.885845212546,
        12.303511525886734,
        16.546105603365525,
        3314.7241889772104,
        2301.2858471786135,
        7.525023403840063,
        -0.4644399942185302,
        169.10820514755736,
        895.4172924780522,
        15.596439636474841,
        19.306708088508294
    ],
    "best_fitness": [
        -0.5082026227634762
    ],
    "mutate_eta": 20,
    "mutate_prob": 1,
    "crossover_eta": 5,
    "crossover_prob": 1,
    "error_message": null,
    "timestamp": "2024-06-21T17:36:17.910685"
}