{
    "algorithm_desc": "pygad_algorithm",
    "config_name": "two_way_overtaking",
    "random_seed": 1,
    "evaluation_time": 4.309701,
    "number_of_generations": 100,
    "population_size": 20,
    "num_parents_mating": 8,
    "best_solution": [
        2220.296719395662,
        1903.0463675589258,
        19.15268581399672,
        -13.912789134335197,
        3346.8355526045557,
        412.22307508384966,
        15.80578525980222,
        -7.305942318698861,
        1637.155389213788,
        3359.0026620974304,
        7.95059096531439,
        -7.234588482963595
    ],
    "best_fitness": [
        -1.0861478485024538
    ],
    "mutate_eta": 20,
    "mutate_prob": 0.8,
    "crossover_eta": 10,
    "crossover_prob": 1,
    "error_message": null,
    "timestamp": "2024-06-21T05:41:46.727343"
}