{
    "algorithm_desc": "pygad_algorithm",
    "config_name": "two_way_overtaking",
    "random_seed": 1,
    "evaluation_time": 298.182886,
    "number_of_generations": 1000,
    "population_size": 150,
    "num_parents_mating": 4,
    "best_solution": [
        2450.2718319201867,
        1952.7685579446734,
        14.79957380410734,
        17.464406119953225,
        3396.0534904990946,
        3438.6662454813436,
        11.703172582113226,
        13.71467535539275,
        1453.4663797268997,
        422.1297220057704,
        16.348183569905068,
        19.724686814783098
    ],
    "best_fitness": [
        -0.09972616260994727
    ],
    "mutate_eta": 20,
    "mutate_prob": 0.5,
    "crossover_eta": 5,
    "crossover_prob": 0.2,
    "error_message": null,
    "timestamp": "2024-06-22T22:05:51.753168"
}