{
    "algorithm_desc": "pygad_algorithm",
    "config_name": "two_way_overtaking",
    "random_seed": 1,
    "evaluation_time": 5.555031,
    "number_of_generations": 2000,
    "population_size": 2,
    "num_parents_mating": 2,
    "best_solution": [
        2489.403685076714,
        1873.4136888510511,
        11.6960993282662,
        -3.307896734236685,
        2705.810686648373,
        366.5564452227953,
        10.702020946184824,
        0.24560498451587875,
        1097.7883352154345,
        1329.3115036904396,
        16.992306879038175,
        -3.0873901878019936
    ],
    "best_fitness": [
        -0.8274880078418333
    ],
    "mutate_eta": 1,
    "mutate_prob": 0.8,
    "crossover_eta": 15,
    "crossover_prob": 0.2,
    "error_message": null,
    "timestamp": "2024-06-22T12:15:47.809690"
}