{
    "algorithm_desc": "pygad_algorithm",
    "config_name": "two_way_overtaking",
    "random_seed": 1,
    "evaluation_time": 64.484723,
    "number_of_generations": 200,
    "population_size": 150,
    "num_parents_mating": 8,
    "best_solution": [
        1418.578424757694,
        1932.1527184618797,
        13.912267242546896,
        -11.620631017979084,
        2589.139058614825,
        844.8376939121736,
        8.580235700332516,
        -6.486818461957974,
        27.356715323809453,
        489.6796882969754,
        19.98722082085351,
        20.521474384864057
    ],
    "best_fitness": [
        -0.6548288500180329
    ],
    "mutate_eta": 5,
    "mutate_prob": 0.8,
    "crossover_eta": 15,
    "crossover_prob": 0.8,
    "error_message": null,
    "timestamp": "2024-06-22T15:11:54.293257"
}