{
    "algorithm_desc": "pygad_algorithm",
    "config_name": "two_way_overtaking",
    "random_seed": 1,
    "evaluation_time": 5.513925,
    "number_of_generations": 2000,
    "population_size": 2,
    "num_parents_mating": 2,
    "best_solution": [
        1604.831138117163,
        1860.0552977420252,
        -10.681016508446664,
        8.327395910846974,
        793.5788070917534,
        3489.198204787574,
        -6.382775395856944,
        2.349564083639031,
        2276.831313582841,
        48.34536304510356,
        -11.695533485729992,
        13.97131269233632
    ],
    "best_fitness": [
        -0.4058763125237358
    ],
    "mutate_eta": 1,
    "mutate_prob": 0.5,
    "crossover_eta": 10,
    "crossover_prob": 1,
    "error_message": null,
    "timestamp": "2024-06-23T02:06:22.005885"
}