{
    "algorithm_desc": "pygad_algorithm",
    "config_name": "two_way_overtaking",
    "random_seed": 1,
    "evaluation_time": 413.071319,
    "number_of_generations": 2000,
    "population_size": 100,
    "num_parents_mating": 10,
    "best_solution": [
        2013.601837889005,
        2031.8533416799391,
        16.584805568641492,
        13.162649321019856,
        3104.622178079107,
        3446.7376963374986,
        5.701126820101482,
        6.593341117280474,
        486.65582759671776,
        1046.0356039136573,
        19.477407903708816,
        17.935153455514545
    ],
    "best_fitness": [
        -0.22122540129465507
    ],
    "mutate_eta": 20,
    "mutate_prob": 0.5,
    "crossover_eta": 15,
    "crossover_prob": 0.8,
    "error_message": null,
    "timestamp": "2024-06-23T19:22:55.773404"
}