{
    "algorithm_desc": "pygad_algorithm",
    "config_name": "two_way_overtaking",
    "random_seed": 1,
    "evaluation_time": 101.330763,
    "number_of_generations": 1000,
    "population_size": 50,
    "num_parents_mating": 10,
    "best_solution": [
        1966.0075225498395,
        1006.5473995413512,
        -6.648731167603666,
        9.131137237724538,
        1438.2127734495639,
        2976.068260468014,
        -4.642838189156146,
        7.586976127063856,
        3365.759953195573,
        23.018632291424478,
        -15.15415338498638,
        14.940902434508615
    ],
    "best_fitness": [
        -0.37987894948007705
    ],
    "mutate_eta": 20,
    "mutate_prob": 0.5,
    "crossover_eta": 15,
    "crossover_prob": 0.8,
    "error_message": null,
    "timestamp": "2024-06-21T01:31:35.383140"
}