{
    "algorithm_desc": "pygad_algorithm",
    "config_name": "two_way_overtaking",
    "random_seed": 1,
    "evaluation_time": 1.147586,
    "number_of_generations": 400,
    "population_size": 2,
    "num_parents_mating": 2,
    "best_solution": [
        1042.3212609048942,
        1527.0206118869805,
        5.446112213907476,
        -12.63370911289979,
        1742.9252143565093,
        22.725404038855423,
        0.1592905814752541,
        -0.9132596889033806,
        2066.8037824733274,
        2976.5056442624405,
        2.8048571609351605,
        -15.060128846991113
    ],
    "best_fitness": [
        -0.4193499158641507
    ],
    "mutate_eta": 15,
    "mutate_prob": 0.2,
    "crossover_eta": 20,
    "crossover_prob": 1,
    "error_message": null,
    "timestamp": "2024-06-21T04:26:05.832041"
}