{
    "algorithm_desc": "pygad_algorithm",
    "config_name": "two_way_overtaking",
    "random_seed": 1,
    "evaluation_time": 20.430673,
    "number_of_generations": 1000,
    "population_size": 10,
    "num_parents_mating": 4,
    "best_solution": [
        1010.9018043565804,
        1658.580809655059,
        -3.8850728340952365,
        -9.199565527698471,
        947.1164205123224,
        509.2648278481179,
        -4.259300817980609,
        -4.471221726934157,
        2656.1197929011187,
        2112.2795805357405,
        -19.17435881026947,
        -19.012672743825195
    ],
    "best_fitness": [
        -0.6962353688105464
    ],
    "mutate_eta": 15,
    "mutate_prob": 1,
    "crossover_eta": 20,
    "crossover_prob": 1,
    "error_message": null,
    "timestamp": "2024-06-23T04:22:56.411830"
}