{
    "algorithm_desc": "pygad_algorithm",
    "config_name": "two_way_overtaking",
    "random_seed": 1,
    "evaluation_time": 30.951559,
    "number_of_generations": 100,
    "population_size": 150,
    "num_parents_mating": 2,
    "best_solution": [
        1561.9606255922768,
        301.9434230946414,
        11.70428606242131,
        -7.2135547939135485,
        3479.4909150506387,
        490.01698568736606,
        5.602018041137011,
        -2.832170967197797,
        617.6929730713755,
        1052.1283525518863,
        13.574886368714758,
        -7.70706298776593
    ],
    "best_fitness": [
        -0.5954801463626954
    ],
    "mutate_eta": 5,
    "mutate_prob": 0.8,
    "crossover_eta": 15,
    "crossover_prob": 0.2,
    "error_message": null,
    "timestamp": "2024-06-21T14:37:58.400643"
}