{
    "algorithm_desc": "pygad_algorithm",
    "config_name": "two_way_overtaking",
    "random_seed": 1,
    "evaluation_time": 19.402841,
    "number_of_generations": 1000,
    "population_size": 10,
    "num_parents_mating": 2,
    "best_solution": [
        2959.5585378286296,
        1719.6605831524712,
        -8.714656767769387,
        11.928061901545831,
        2070.3161511986705,
        2895.777043399016,
        -6.6041189243898675,
        8.472820141466148,
        2337.000306366995,
        481.5314849678707,
        -10.981862543191752,
        14.81669951544476
    ],
    "best_fitness": [
        -0.795072487320286
    ],
    "mutate_eta": 20,
    "mutate_prob": 0.8,
    "crossover_eta": 5,
    "crossover_prob": 0.2,
    "error_message": null,
    "timestamp": "2024-06-23T02:06:02.503398"
}