{
    "algorithm_desc": "pygad_algorithm",
    "config_name": "two_way_overtaking",
    "random_seed": 1,
    "evaluation_time": 190.559913,
    "number_of_generations": 2000,
    "population_size": 50,
    "num_parents_mating": 8,
    "best_solution": [
        2056.383168149126,
        1771.0461432792358,
        1.5679845361116804,
        -15.450327972619863,
        2114.9130956184504,
        1.9988718123095661,
        0.0,
        -0.09248047321692354,
        1873.7832337946543,
        3499.220542398363,
        2.0274755138724707,
        -18.22699230235472
    ],
    "best_fitness": [
        -0.035811735054199795
    ],
    "mutate_eta": 20,
    "mutate_prob": 0.2,
    "crossover_eta": 5,
    "crossover_prob": 0.8,
    "error_message": null,
    "timestamp": "2024-06-22T16:14:11.526251"
}