{
    "algorithm_desc": "pygad_algorithm",
    "config_name": "two_way_overtaking",
    "random_seed": 1,
    "evaluation_time": 15.321847,
    "number_of_generations": 50,
    "population_size": 150,
    "num_parents_mating": 10,
    "best_solution": [
        1897.162695400956,
        1608.6537408379722,
        4.135667306735183,
        8.270550378011599,
        2305.971572660499,
        3384.533260458744,
        3.6655826504069076,
        7.436695669705422,
        1497.5120495641056,
        119.24861315615048,
        11.577886405303097,
        19.776076523828408
    ],
    "best_fitness": [
        -0.294584589903733
    ],
    "mutate_eta": 10,
    "mutate_prob": 0.5,
    "crossover_eta": 15,
    "crossover_prob": 0.2,
    "error_message": null,
    "timestamp": "2024-06-21T17:03:48.301930"
}