{
    "algorithm_desc": "pygad_algorithm",
    "config_name": "two_way_overtaking",
    "random_seed": 1,
    "evaluation_time": 40.654301,
    "number_of_generations": 2000,
    "population_size": 10,
    "num_parents_mating": 4,
    "best_solution": [
        583.8794108562939,
        3043.815967400126,
        -6.455915133396978,
        -17.408163498978578,
        213.9375482116813,
        1456.5454956177593,
        -2.5575254465074018,
        -5.139657405543538,
        2638.081271537119,
        2208.1730628151877,
        -18.48956983019032,
        0.7465551019797871
    ],
    "best_fitness": [
        -0.7782150677587986
    ],
    "mutate_eta": 5,
    "mutate_prob": 0.8,
    "crossover_eta": 5,
    "crossover_prob": 0.8,
    "error_message": null,
    "timestamp": "2024-06-23T13:38:41.577735"
}