{
    "algorithm_desc": "pygad_algorithm",
    "config_name": "two_way_overtaking",
    "random_seed": 1,
    "evaluation_time": 20.854303,
    "number_of_generations": 200,
    "population_size": 50,
    "num_parents_mating": 4,
    "best_solution": [
        2848.2049497812873,
        1605.1198326866431,
        -0.5972169382656318,
        8.797873111478971,
        2349.508305255626,
        2776.9359269836646,
        -1.685386472661584,
        4.7099397179709825,
        2890.984712929271,
        958.543091287846,
        -11.46284137492688,
        17.78533890267689
    ],
    "best_fitness": [
        -0.7948139995906712
    ],
    "mutate_eta": 1,
    "mutate_prob": 0.8,
    "crossover_eta": 1,
    "crossover_prob": 1,
    "error_message": null,
    "timestamp": "2024-06-22T19:35:52.546795"
}