{
    "algorithm_desc": "pygad_algorithm",
    "config_name": "two_way_overtaking",
    "random_seed": 1,
    "evaluation_time": 35.967417,
    "number_of_generations": 200,
    "population_size": 100,
    "num_parents_mating": 4,
    "best_solution": [
        3299.8316455372214,
        1736.7473238197792,
        0.0,
        15.483255081499998,
        3299.8316455372214,
        3491.2674901699943,
        0.0,
        11.655376196562287,
        3299.8316455372214,
        34.67846156181981,
        0.27934600886646876,
        20.238681464495933
    ],
    "best_fitness": [
        -0.03651339688295189
    ],
    "mutate_eta": 5,
    "mutate_prob": 0.2,
    "crossover_eta": 1,
    "crossover_prob": 0.2,
    "error_message": null,
    "timestamp": "2024-06-22T20:56:17.775673"
}