{
    "algorithm_desc": "pygad_algorithm",
    "config_name": "two_way_overtaking",
    "random_seed": 1,
    "evaluation_time": 16.869921,
    "number_of_generations": 2000,
    "population_size": 5,
    "num_parents_mating": 2,
    "best_solution": [
        1906.721594007274,
        1909.423738440427,
        -13.767803627105334,
        -7.422403527852792,
        318.5040457806711,
        1064.8346883299637,
        -4.023543320835202,
        -2.0859459124258954,
        3473.0812199300053,
        2747.109907531492,
        -20.247114721748943,
        -10.373231061102361
    ],
    "best_fitness": [
        -0.01404774631347766
    ],
    "mutate_eta": 20,
    "mutate_prob": 0.2,
    "crossover_eta": 5,
    "crossover_prob": 1,
    "error_message": null,
    "timestamp": "2024-06-22T01:25:01.458771"
}