{
    "algorithm_desc": "pygad_algorithm",
    "config_name": "two_way_overtaking",
    "random_seed": 1,
    "evaluation_time": 164.950081,
    "number_of_generations": 400,
    "population_size": 200,
    "num_parents_mating": 10,
    "best_solution": [
        1748.713001199001,
        1981.369507211738,
        -6.587044001044511,
        11.100965953770096,
        965.0037867830732,
        2913.257238299824,
        -1.8065617710308999,
        1.9341612927219671,
        2520.791590333447,
        630.1814082267989,
        -9.142979906929703,
        16.203487628016546
    ],
    "best_fitness": [
        -0.27030396419956915
    ],
    "mutate_eta": 10,
    "mutate_prob": 0.5,
    "crossover_eta": 15,
    "crossover_prob": 0.8,
    "error_message": null,
    "timestamp": "2024-06-21T02:03:57.660707"
}