{
    "algorithm_desc": "pygad_algorithm",
    "config_name": "two_way_overtaking",
    "random_seed": 1,
    "evaluation_time": 18.970566,
    "number_of_generations": 100,
    "population_size": 100,
    "num_parents_mating": 8,
    "best_solution": [
        2059.0348533928304,
        2295.7904409315,
        -6.520687811449914,
        4.416681759294981,
        448.1562396033136,
        3159.535101046374,
        -1.2378536763702641,
        0.5145918866174739,
        3487.5993272425744,
        1211.9638936235067,
        -18.88722799870666,
        13.438743114847668
    ],
    "best_fitness": [
        -0.07040843614858074
    ],
    "mutate_eta": 15,
    "mutate_prob": 0.2,
    "crossover_eta": 1,
    "crossover_prob": 0.5,
    "error_message": null,
    "timestamp": "2024-06-23T04:57:02.744973"
}