{
    "algorithm_desc": "pygad_algorithm",
    "config_name": "two_way_overtaking",
    "random_seed": 1,
    "evaluation_time": 1.043717,
    "number_of_generations": 50,
    "population_size": 10,
    "num_parents_mating": 4,
    "best_solution": [
        329.6675941810636,
        2196.727057831533,
        -7.7859424445505905,
        -15.060128846991113,
        227.91537104666293,
        1366.0520853511116,
        -5.278591015543261,
        -7.425918995639957,
        3119.272106444521,
        2384.881967567224,
        -9.593716154977841,
        -16.773739964312615
    ],
    "best_fitness": [
        -1.0959289183535608
    ],
    "mutate_eta": 1,
    "mutate_prob": 0.5,
    "crossover_eta": 10,
    "crossover_prob": 0.2,
    "error_message": null,
    "timestamp": "2024-06-21T22:54:21.973830"
}