{
    "algorithm_desc": "pygad_algorithm",
    "config_name": "two_way_overtaking",
    "random_seed": 1,
    "evaluation_time": 0.384686,
    "number_of_generations": 100,
    "population_size": 2,
    "num_parents_mating": 2,
    "best_solution": [
        500.5203989033478,
        3154.579527222458,
        1.7104001763120849,
        19.538213412994523,
        2228.1154000066404,
        3478.6955861366764,
        1.8960704812863582,
        1.0875745312196585,
        473.99766075259464,
        1244.9680984435838,
        -19.498747761022994,
        -13.976631999245438
    ],
    "best_fitness": [
        -1.6244908260983444
    ],
    "mutate_eta": 1,
    "mutate_prob": 1,
    "crossover_eta": 5,
    "crossover_prob": 0.2,
    "error_message": null,
    "timestamp": "2024-06-22T22:04:04.417782"
}