{
    "algorithm_desc": "pygad_algorithm",
    "config_name": "two_way_overtaking",
    "random_seed": 1,
    "evaluation_time": 14.364753,
    "number_of_generations": 400,
    "population_size": 20,
    "num_parents_mating": 4,
    "best_solution": [
        1425.7519691779512,
        1662.9122774253449,
        -7.458078695710363,
        -12.656383764028678,
        498.45916257724457,
        81.09055761380868,
        -2.2419795337565525,
        -3.7219085449377403,
        2475.003822757724,
        3139.344618939849,
        -11.142080479728454,
        -18.32386353173212
    ],
    "best_fitness": [
        -0.02766536051400927
    ],
    "mutate_eta": 5,
    "mutate_prob": 0.2,
    "crossover_eta": 15,
    "crossover_prob": 0.2,
    "error_message": null,
    "timestamp": "2024-06-23T18:34:43.288314"
}