{
    "algorithm_desc": "pygad_algorithm",
    "config_name": "two_way_overtaking",
    "random_seed": 1,
    "evaluation_time": 54.505032,
    "number_of_generations": 200,
    "population_size": 150,
    "num_parents_mating": 2,
    "best_solution": [
        2202.6454542129177,
        1801.6208707966273,
        0.0,
        2.495392679857943,
        2201.456654231921,
        3485.7784391847918,
        0.0,
        0.9239644580312074,
        2209.743431238656,
        9.265724683156728,
        -1.0440553024435708,
        20.069047794612878
    ],
    "best_fitness": [
        -0.032738804698554176
    ],
    "mutate_eta": 1,
    "mutate_prob": 0.2,
    "crossover_eta": 1,
    "crossover_prob": 0.5,
    "error_message": null,
    "timestamp": "2024-06-21T12:23:54.426695"
}