{
    "algorithm_desc": "pygad_algorithm",
    "config_name": "two_way_overtaking",
    "random_seed": 1,
    "evaluation_time": 8.629875,
    "number_of_generations": 200,
    "population_size": 20,
    "num_parents_mating": 8,
    "best_solution": [
        1205.6135337779806,
        1652.1866415858192,
        -3.1944394550226285,
        -18.16274403019226,
        261.85250941721205,
        114.92703425460543,
        -8.987405452694334,
        -11.335889946241295,
        3490.7047353152166,
        1671.856250041735,
        -8.4485020813619,
        -15.068545251354555
    ],
    "best_fitness": [
        -0.9631574201047148
    ],
    "mutate_eta": 10,
    "mutate_prob": 0.8,
    "crossover_eta": 1,
    "crossover_prob": 0.8,
    "error_message": null,
    "timestamp": "2024-06-23T15:53:24.292590"
}