{
    "algorithm_desc": "pygad_algorithm",
    "config_name": "two_way_overtaking",
    "random_seed": 1,
    "evaluation_time": 40.56814,
    "number_of_generations": 400,
    "population_size": 50,
    "num_parents_mating": 4,
    "best_solution": [
        2109.839919568334,
        88.51752345680319,
        -15.780572807149564,
        1.7061257807387555,
        35.57661113211208,
        325.19927282524543,
        -8.129267651858653,
        3.77976412834974,
        3046.4689647874975,
        1250.281650301907,
        -14.518289269893506,
        -18.588198712213273
    ],
    "best_fitness": [
        -0.7324774337097038
    ],
    "mutate_eta": 1,
    "mutate_prob": 0.8,
    "crossover_eta": 20,
    "crossover_prob": 0.2,
    "error_message": null,
    "timestamp": "2024-06-21T19:38:18.854496"
}