{
    "algorithm_desc": "pygad_algorithm",
    "config_name": "two_way_overtaking",
    "random_seed": 1,
    "evaluation_time": 0.656839,
    "number_of_generations": 200,
    "population_size": 2,
    "num_parents_mating": 2,
    "best_solution": [
        1604.831138117163,
        1161.1583107183646,
        -17.197104281430683,
        12.517521403252537,
        954.6888283267584,
        3172.1727435311755,
        9.970330653418443,
        -4.038712355847462,
        2677.344330171401,
        174.83710631130506,
        -20.113540171523677,
        13.893655938516211
    ],
    "best_fitness": [
        -1.0727642953429786
    ],
    "mutate_eta": 5,
    "mutate_prob": 0.5,
    "crossover_eta": 10,
    "crossover_prob": 1,
    "error_message": null,
    "timestamp": "2024-06-22T02:33:06.416748"
}