{
    "algorithm_desc": "pygad_algorithm",
    "config_name": "two_way_overtaking",
    "random_seed": 1,
    "evaluation_time": 402.507155,
    "number_of_generations": 2000,
    "population_size": 100,
    "num_parents_mating": 4,
    "best_solution": [
        1183.6589362839866,
        1627.8649445413464,
        -1.9266777414655962,
        17.039778736046834,
        967.5237321381377,
        3437.0130128604765,
        -0.5299406097143233,
        3.202741225966083,
        1234.4607882426162,
        80.46941179729849,
        -1.832286877862206,
        19.901595136633674
    ],
    "best_fitness": [
        -0.10296555926437616
    ],
    "mutate_eta": 15,
    "mutate_prob": 0.5,
    "crossover_eta": 20,
    "crossover_prob": 0.5,
    "error_message": null,
    "timestamp": "2024-06-21T08:54:18.902748"
}