{
    "algorithm_desc": "pygad_algorithm",
    "config_name": "two_way_overtaking",
    "random_seed": 1,
    "evaluation_time": 95.547913,
    "number_of_generations": 1000,
    "population_size": 50,
    "num_parents_mating": 8,
    "best_solution": [
        1752.3143356931641,
        1803.6902519374296,
        9.260411394774117,
        5.420439986430907,
        3368.5264108334163,
        2775.6292055677322,
        5.518271992364898,
        3.3113124184343405,
        172.75407403184383,
        886.5352843107967,
        14.462407251136902,
        8.045106924494565
    ],
    "best_fitness": [
        -0.0020781412129520635
    ],
    "mutate_eta": 1,
    "mutate_prob": 0.2,
    "crossover_eta": 10,
    "crossover_prob": 0.5,
    "error_message": null,
    "timestamp": "2024-06-21T09:16:46.062724"
}