{
    "algorithm_desc": "pygad_algorithm",
    "config_name": "two_way_overtaking",
    "random_seed": 1,
    "evaluation_time": 2.996952,
    "number_of_generations": 50,
    "population_size": 20,
    "num_parents_mating": 4,
    "best_solution": [
        1839.4198498027647,
        1132.068883662322,
        -13.244395207592039,
        0.0,
        179.9488074013566,
        1629.8246184861803,
        -9.00278225,
        0.42276922478935575,
        3334.908933022506,
        1486.579355690472,
        -16.643107884793288,
        -2.34083520380878
    ],
    "best_fitness": [
        -0.36506788873965607
    ],
    "mutate_eta": 10,
    "mutate_prob": 0.5,
    "crossover_eta": 20,
    "crossover_prob": 0.8,
    "error_message": null,
    "timestamp": "2024-06-20T15:13:25.492555"
}