{
    "algorithm_desc": "pygad_algorithm",
    "config_name": "two_way_overtaking",
    "random_seed": 1,
    "evaluation_time": 315.566894,
    "number_of_generations": 1000,
    "population_size": 150,
    "num_parents_mating": 10,
    "best_solution": [
        2819.8566996320665,
        1057.5515494468996,
        2.5253870964995713,
        2.6993516617262685,
        3065.535397435619,
        3171.797123680729,
        0.341482034823283,
        2.278691306895805,
        1622.5016243213079,
        66.61223819457545,
        16.620085207373783,
        20.376253623088353
    ],
    "best_fitness": [
        -0.5268255479414321
    ],
    "mutate_eta": 20,
    "mutate_prob": 0.8,
    "crossover_eta": 5,
    "crossover_prob": 0.2,
    "error_message": null,
    "timestamp": "2024-06-21T02:15:58.796196"
}