{
    "algorithm_desc": "pygad_algorithm",
    "config_name": "two_way_overtaking",
    "random_seed": 1,
    "evaluation_time": 9.980304,
    "number_of_generations": 50,
    "population_size": 100,
    "num_parents_mating": 2,
    "best_solution": [
        2841.2506075209035,
        2092.121036903124,
        0.0,
        -9.52327503927285,
        2582.3060631226986,
        162.08308666835512,
        0.39564066078109406,
        -6.9772449455401535,
        1612.384247146242,
        3459.7663845237043,
        4.080673618980224,
        -15.528468246697049
    ],
    "best_fitness": [
        -0.26973814021819853
    ],
    "mutate_eta": 1,
    "mutate_prob": 0.5,
    "crossover_eta": 10,
    "crossover_prob": 0.2,
    "error_message": null,
    "timestamp": "2024-06-23T03:54:54.230633"
}