{
    "algorithm_desc": "pygad_algorithm",
    "config_name": "two_way_overtaking",
    "random_seed": 1,
    "evaluation_time": 660.154463,
    "number_of_generations": 2000,
    "population_size": 150,
    "num_parents_mating": 4,
    "best_solution": [
        1328.7521948865383,
        1663.1942766274817,
        -8.338515178140401,
        -11.820660559455954,
        115.19449340869303,
        563.3251657667805,
        -6.392498742596443,
        -10.551028353410256,
        2010.6336449182195,
        2501.295907799,
        -12.491186595872728,
        -17.51936161972778
    ],
    "best_fitness": [
        -0.35795274841097857
    ],
    "mutate_eta": 5,
    "mutate_prob": 1,
    "crossover_eta": 5,
    "crossover_prob": 1,
    "error_message": null,
    "timestamp": "2024-06-22T09:50:40.796026"
}