{
    "algorithm_desc": "pygad_algorithm",
    "config_name": "two_way_overtaking",
    "random_seed": 1,
    "evaluation_time": 313.984957,
    "number_of_generations": 1000,
    "population_size": 150,
    "num_parents_mating": 4,
    "best_solution": [
        2196.118895895711,
        1885.426621516615,
        8.870442111344797,
        -9.611630421406437,
        3025.556891361032,
        162.8031213078655,
        9.157819596526874,
        -8.001467120386469,
        1280.2079163251997,
        3419.935709103049,
        11.416458420259787,
        -17.72759333793274
    ],
    "best_fitness": [
        -0.35185021641324177
    ],
    "mutate_eta": 10,
    "mutate_prob": 0.8,
    "crossover_eta": 15,
    "crossover_prob": 0.5,
    "error_message": null,
    "timestamp": "2024-06-22T22:39:16.158832"
}