{
    "algorithm_desc": "pygad_algorithm",
    "config_name": "two_way_overtaking",
    "random_seed": 1,
    "evaluation_time": 81.72272,
    "number_of_generations": 400,
    "population_size": 100,
    "num_parents_mating": 10,
    "best_solution": [
        1723.6463543627426,
        2310.308983919466,
        16.73732393294852,
        13.162649321019856,
        3039.484555074965,
        3019.020548881621,
        14.367526611944243,
        2.3284405912293984,
        450.3933739696505,
        1044.1506341652043,
        19.477407903708816,
        15.826496158412503
    ],
    "best_fitness": [
        -0.41173012994715386
    ],
    "mutate_eta": 5,
    "mutate_prob": 0.5,
    "crossover_eta": 15,
    "crossover_prob": 0.8,
    "error_message": null,
    "timestamp": "2024-06-21T03:03:47.498438"
}