{
    "algorithm_desc": "pygad_algorithm",
    "config_name": "two_way_overtaking",
    "random_seed": 1,
    "evaluation_time": 316.659803,
    "number_of_generations": 1000,
    "population_size": 150,
    "num_parents_mating": 8,
    "best_solution": [
        2348.7532359630372,
        1781.1957997842285,
        -6.661656796195404,
        -15.666478221656131,
        1530.937332932225,
        616.0740047965575,
        0.1727084709086384,
        -6.750226137526363,
        3252.7196277129037,
        3325.0393501044805,
        -10.426016545901273,
        -19.347621051529497
    ],
    "best_fitness": [
        -0.3498315034756532
    ],
    "mutate_eta": 10,
    "mutate_prob": 0.8,
    "crossover_eta": 20,
    "crossover_prob": 0.2,
    "error_message": null,
    "timestamp": "2024-06-23T16:00:50.158143"
}