{
    "algorithm_desc": "pygad_algorithm",
    "config_name": "two_way_overtaking",
    "random_seed": 1,
    "evaluation_time": 111.283262,
    "number_of_generations": 400,
    "population_size": 150,
    "num_parents_mating": 4,
    "best_solution": [
        1574.3608765347656,
        1775.758032013977,
        -0.06167595601855069,
        1.4914820491342944,
        1554.29189258768,
        3499.461066309794,
        -0.007289360473993867,
        0.6886434531777255,
        1647.9083463335091,
        5.9977146143472275,
        0.0,
        5.618288413133868
    ],
    "best_fitness": [
        -0.02704414209279368
    ],
    "mutate_eta": 5,
    "mutate_prob": 0.2,
    "crossover_eta": 20,
    "crossover_prob": 0.8,
    "error_message": null,
    "timestamp": "2024-06-23T10:52:55.823584"
}