{
    "algorithm_desc": "pygad_algorithm",
    "config_name": "two_way_overtaking",
    "random_seed": 1,
    "evaluation_time": 15.246153,
    "number_of_generations": 50,
    "population_size": 150,
    "num_parents_mating": 4,
    "best_solution": [
        1424.126007655588,
        2274.034565319942,
        20.03610504676128,
        13.892345791313865,
        3240.156264294357,
        3240.1422915393255,
        12.79448658217899,
        5.994817117044018,
        591.5001958306119,
        1148.938355076082,
        18.769024031350042,
        18.43307707701743
    ],
    "best_fitness": [
        -0.5326885208805993
    ],
    "mutate_eta": 10,
    "mutate_prob": 0.5,
    "crossover_eta": 1,
    "crossover_prob": 0.2,
    "error_message": null,
    "timestamp": "2024-06-23T13:41:02.342197"
}