{
    "algorithm_desc": "pygad_algorithm",
    "config_name": "two_way_overtaking",
    "random_seed": 1,
    "evaluation_time": 409.864438,
    "number_of_generations": 1000,
    "population_size": 200,
    "num_parents_mating": 4,
    "best_solution": [
        1515.5908537354699,
        1833.54747871188,
        5.422677467550827,
        8.910713538233018,
        2436.324535749556,
        3494.736272561821,
        3.5570582095882983,
        6.006204685807035,
        527.3027265224194,
        75.27363492851141,
        13.249969316498252,
        19.865290289706195
    ],
    "best_fitness": [
        -0.06286180702688458
    ],
    "mutate_eta": 10,
    "mutate_prob": 0.5,
    "crossover_eta": 15,
    "crossover_prob": 1,
    "error_message": null,
    "timestamp": "2024-06-23T00:31:29.745013"
}