{
    "algorithm_desc": "pygad_algorithm",
    "config_name": "two_way_overtaking",
    "random_seed": 1,
    "evaluation_time": 10.363122,
    "number_of_generations": 50,
    "population_size": 100,
    "num_parents_mating": 8,
    "best_solution": [
        1886.6719440188397,
        3037.995838234466,
        17.149635443337687,
        8.75122373195984,
        3119.6618290705655,
        3411.8707878834657,
        4.443223156990928,
        1.9625437754746393,
        672.16864228169,
        2128.5036857421005,
        19.123840291628802,
        12.097968695014956
    ],
    "best_fitness": [
        -0.39286846536738546
    ],
    "mutate_eta": 1,
    "mutate_prob": 0.5,
    "crossover_eta": 1,
    "crossover_prob": 0.5,
    "error_message": null,
    "timestamp": "2024-06-22T19:07:42.367338"
}