{
    "algorithm_desc": "pygad_algorithm",
    "config_name": "two_way_overtaking",
    "random_seed": 1,
    "evaluation_time": 3.875454,
    "number_of_generations": 100,
    "population_size": 20,
    "num_parents_mating": 10,
    "best_solution": [
        1032.1056683884167,
        2199.8877636914813,
        9.992802505871005,
        7.6890195134212505,
        2647.56193895524,
        3414.4649015099576,
        5.5121234507936165,
        4.133904677223995,
        262.37761878325307,
        396.1776819199257,
        13.84991983220283,
        19.23053467137914
    ],
    "best_fitness": [
        -0.18482327526661263
    ],
    "mutate_eta": 15,
    "mutate_prob": 0.2,
    "crossover_eta": 5,
    "crossover_prob": 0.5,
    "error_message": null,
    "timestamp": "2024-06-21T16:20:28.596464"
}