{
    "algorithm_desc": "pygad_algorithm",
    "config_name": "two_way_overtaking",
    "random_seed": 1,
    "evaluation_time": 37.38846,
    "number_of_generations": 200,
    "population_size": 100,
    "num_parents_mating": 4,
    "best_solution": [
        3299.8316455372214,
        1693.6867780266743,
        0.0,
        9.498859547735282,
        3299.8316455372214,
        3491.2674901699943,
        0.0,
        3.558358036186945,
        3299.8316455372214,
        34.67846156181981,
        -0.6547050472870097,
        20.173467223008174
    ],
    "best_fitness": [
        -0.03688994466190049
    ],
    "mutate_eta": 10,
    "mutate_prob": 0.2,
    "crossover_eta": 5,
    "crossover_prob": 1,
    "error_message": null,
    "timestamp": "2024-06-22T12:49:24.406324"
}