{
    "algorithm_desc": "pygad_algorithm",
    "config_name": "two_way_overtaking",
    "random_seed": 1,
    "evaluation_time": 189.246233,
    "number_of_generations": 1000,
    "population_size": 100,
    "num_parents_mating": 10,
    "best_solution": [
        1810.6145023352044,
        2132.5428263450854,
        -8.50913767622237,
        6.698694308194991,
        408.48353734130103,
        3332.785745949783,
        -1.6266033064061851,
        1.3977838020733806,
        3303.1991017671435,
        957.6037144121673,
        -20.42674782557044,
        15.099512160475896
    ],
    "best_fitness": [
        -0.0005244610413514231
    ],
    "mutate_eta": 10,
    "mutate_prob": 0.2,
    "crossover_eta": 20,
    "crossover_prob": 1,
    "error_message": null,
    "timestamp": "2024-06-22T22:22:54.213952"
}