{
    "algorithm_desc": "pygad_algorithm",
    "config_name": "two_way_overtaking",
    "random_seed": 1,
    "evaluation_time": 746.607133,
    "number_of_generations": 2000,
    "population_size": 200,
    "num_parents_mating": 4,
    "best_solution": [
        3342.540505824167,
        1700.6050766802696,
        0.05923804794618803,
        2.354953241508589,
        3342.134251244116,
        3499.9031585242383,
        0.0,
        0.8981773539893503,
        3299.8316455372214,
        1.7757873531786261,
        -0.35273751532328745,
        14.559995029791928
    ],
    "best_fitness": [
        -0.025880706673092113
    ],
    "mutate_eta": 1,
    "mutate_prob": 0.2,
    "crossover_eta": 5,
    "crossover_prob": 1,
    "error_message": null,
    "timestamp": "2024-06-22T01:40:54.814725"
}