{
    "algorithm_desc": "pygad_algorithm",
    "config_name": "two_way_overtaking",
    "random_seed": 1,
    "evaluation_time": 38.660354,
    "number_of_generations": 2000,
    "population_size": 10,
    "num_parents_mating": 2,
    "best_solution": [
        2067.3532380938173,
        912.3956235690024,
        -3.0453759732554033,
        8.142408074441597,
        1398.490033150218,
        2895.777043399016,
        -1.2526235517937003,
        4.343943742543342,
        114.75737436898254,
        1083.3599588832076,
        20.13294441955263,
        -5.61437969895786
    ],
    "best_fitness": [
        -0.7763393778266185
    ],
    "mutate_eta": 1,
    "mutate_prob": 0.8,
    "crossover_eta": 5,
    "crossover_prob": 0.2,
    "error_message": null,
    "timestamp": "2024-06-21T18:37:38.095134"
}