{
    "algorithm_desc": "pygad_algorithm",
    "config_name": "two_way_overtaking",
    "random_seed": 1,
    "evaluation_time": 39.703856,
    "number_of_generations": 1000,
    "population_size": 20,
    "num_parents_mating": 4,
    "best_solution": [
        1758.549077120047,
        1736.087202633737,
        -11.996399791790303,
        12.940003033697351,
        611.5607915854407,
        3167.075037101513,
        -11.243297878967091,
        11.008761329003729,
        3309.1911300374777,
        468.11057427528067,
        -14.984159936112732,
        16.814240272135486
    ],
    "best_fitness": [
        -0.19703875404168494
    ],
    "mutate_eta": 10,
    "mutate_prob": 0.5,
    "crossover_eta": 10,
    "crossover_prob": 0.5,
    "error_message": null,
    "timestamp": "2024-06-23T19:45:15.094764"
}