{
    "algorithm_desc": "pygad_algorithm",
    "config_name": "two_way_overtaking",
    "random_seed": 1,
    "evaluation_time": 163.508932,
    "number_of_generations": 400,
    "population_size": 200,
    "num_parents_mating": 2,
    "best_solution": [
        2525.395768042739,
        1793.7406813638006,
        2.3517078402264744,
        -4.461925834799338,
        3245.9409603814406,
        137.27715636284043,
        0.10578964237883781,
        -0.3758966490158713,
        1436.3646489382495,
        3284.255220324564,
        7.414214299990057,
        -10.269233818589003
    ],
    "best_fitness": [
        -0.08683933994420798
    ],
    "mutate_eta": 5,
    "mutate_prob": 0.5,
    "crossover_eta": 15,
    "crossover_prob": 0.8,
    "error_message": null,
    "timestamp": "2024-06-22T10:41:33.630341"
}