{
    "algorithm_desc": "pygad_algorithm",
    "config_name": "two_way_overtaking",
    "random_seed": 1,
    "evaluation_time": 197.643463,
    "number_of_generations": 2000,
    "population_size": 50,
    "num_parents_mating": 2,
    "best_solution": [
        2058.7170728377937,
        1654.393813246555,
        -4.97035797556102,
        -11.435538889151417,
        1394.5288761136492,
        44.557222249622995,
        -3.250104418722863,
        -7.178691852536213,
        2835.11246309365,
        3443.3875928573184,
        -7.7023065971457925,
        -16.848289185028705
    ],
    "best_fitness": [
        -0.03769601456837373
    ],
    "mutate_eta": 10,
    "mutate_prob": 0.5,
    "crossover_eta": 15,
    "crossover_prob": 0.2,
    "error_message": null,
    "timestamp": "2024-06-23T19:07:30.549532"
}