{
    "algorithm_desc": "pygad_algorithm",
    "config_name": "two_way_overtaking",
    "random_seed": 1,
    "evaluation_time": 64.929716,
    "number_of_generations": 200,
    "population_size": 150,
    "num_parents_mating": 10,
    "best_solution": [
        1580.6495288129881,
        1752.6979641580826,
        5.843308748208539,
        19.91819669269652,
        3282.9150307654945,
        2321.7187720610655,
        7.820193154179368,
        -2.752413463640078,
        495.8987122537115,
        220.14833300437593,
        7.057239646731151,
        20.478239854058145
    ],
    "best_fitness": [
        -0.723272848902458
    ],
    "mutate_eta": 15,
    "mutate_prob": 0.8,
    "crossover_eta": 5,
    "crossover_prob": 1,
    "error_message": null,
    "timestamp": "2024-06-21T14:43:46.505669"
}