{
    "algorithm_desc": "pygad_algorithm",
    "config_name": "two_way_overtaking",
    "random_seed": 1,
    "evaluation_time": 411.851732,
    "number_of_generations": 1000,
    "population_size": 200,
    "num_parents_mating": 8,
    "best_solution": [
        1525.1125293166926,
        1681.5047457168112,
        -9.65530172178492,
        -10.184641174094297,
        256.22893723138606,
        338.5855824121272,
        -6.5655136873017295,
        -6.616242633222518,
        3016.1406819836952,
        3415.4576452233805,
        -19.499561480221033,
        -18.009889490650707
    ],
    "best_fitness": [
        -0.15494651339813234
    ],
    "mutate_eta": 1,
    "mutate_prob": 0.5,
    "crossover_eta": 5,
    "crossover_prob": 0.8,
    "error_message": null,
    "timestamp": "2024-06-22T03:48:14.452746"
}