{
    "algorithm_desc": "pygad_algorithm",
    "config_name": "two_way_overtaking",
    "random_seed": 1,
    "evaluation_time": 1.314213,
    "number_of_generations": 100,
    "population_size": 5,
    "num_parents_mating": 4,
    "best_solution": [
        803.5567360717135,
        901.103993326861,
        6.242643696289491,
        -8.816226766773992,
        1905.294162894139,
        33.97658801185799,
        3.1052637076630027,
        -7.910419496782666,
        530.2992164824309,
        3399.49159106403,
        -0.8601553070751748,
        -13.7882592905923
    ],
    "best_fitness": [
        -0.8856618336482149
    ],
    "mutate_eta": 15,
    "mutate_prob": 0.8,
    "crossover_eta": 1,
    "crossover_prob": 0.2,
    "error_message": null,
    "timestamp": "2024-06-20T14:55:52.121562"
}