{
    "algorithm_desc": "pygad_algorithm",
    "config_name": "two_way_overtaking",
    "random_seed": 1,
    "evaluation_time": 0.525427,
    "number_of_generations": 50,
    "population_size": 5,
    "num_parents_mating": 4,
    "best_solution": [
        1581.036060569257,
        2154.1697489013022,
        -8.224043304194481,
        5.382073534329422,
        352.2811164122739,
        1779.6870470036558,
        -0.753300015204438,
        -5.618201869928152,
        2749.8597046143514,
        810.9580867002721,
        -12.03283429608282,
        14.15095090475014
    ],
    "best_fitness": [
        -0.9016893859579362
    ],
    "mutate_eta": 1,
    "mutate_prob": 0.2,
    "crossover_eta": 20,
    "crossover_prob": 0.8,
    "error_message": null,
    "timestamp": "2024-06-22T07:10:40.279724"
}