{
    "algorithm_desc": "pygad_algorithm",
    "config_name": "two_way_overtaking",
    "random_seed": 1,
    "evaluation_time": 83.390105,
    "number_of_generations": 200,
    "population_size": 200,
    "num_parents_mating": 2,
    "best_solution": [
        1394.2975793100115,
        1766.7326139679215,
        4.870893336112001,
        4.350500635519715,
        2917.946752699225,
        3019.229140554524,
        2.574892610566412,
        2.461214638584874,
        119.45120309203611,
        389.7984433522198,
        10.209078594487458,
        9.642394914264127
    ],
    "best_fitness": [
        -0.06914269194552146
    ],
    "mutate_eta": 5,
    "mutate_prob": 0.5,
    "crossover_eta": 20,
    "crossover_prob": 1,
    "error_message": null,
    "timestamp": "2024-06-22T10:06:05.447540"
}