{
    "algorithm_desc": "pygad_algorithm",
    "config_name": "two_way_overtaking",
    "random_seed": 1,
    "evaluation_time": 150.487093,
    "number_of_generations": 400,
    "population_size": 200,
    "num_parents_mating": 10,
    "best_solution": [
        2334.15151070501,
        2663.117608887312,
        -7.775670257215946,
        4.154988744458809,
        559.6222899831586,
        2985.9069960023794,
        -0.02770362858854014,
        0.0,
        3498.1580540356103,
        1292.3157638097841,
        -13.992901174019078,
        12.366970804244701
    ],
    "best_fitness": [
        -0.2046763429265595
    ],
    "mutate_eta": 1,
    "mutate_prob": 0.2,
    "crossover_eta": 10,
    "crossover_prob": 1,
    "error_message": null,
    "timestamp": "2024-06-21T13:52:47.867342"
}