{
    "algorithm_desc": "pygad_algorithm",
    "config_name": "two_way_overtaking",
    "random_seed": 1,
    "evaluation_time": 122.065103,
    "number_of_generations": 400,
    "population_size": 150,
    "num_parents_mating": 2,
    "best_solution": [
        1413.683273516647,
        1504.3763542705005,
        9.226146156831884,
        10.776638947531534,
        2646.3106085966265,
        2980.9424171918513,
        0.7526138829356874,
        1.165034787253795,
        134.83690228145528,
        186.17816396613924,
        14.16218992693571,
        16.0792903401573
    ],
    "best_fitness": [
        -0.0663089518148903
    ],
    "mutate_eta": 20,
    "mutate_prob": 0.5,
    "crossover_eta": 20,
    "crossover_prob": 1,
    "error_message": null,
    "timestamp": "2024-06-22T03:18:10.798027"
}