{
    "algorithm_desc": "pygad_algorithm",
    "config_name": "two_way_overtaking",
    "random_seed": 1,
    "evaluation_time": 3.957662,
    "number_of_generations": 100,
    "population_size": 20,
    "num_parents_mating": 8,
    "best_solution": [
        1713.4379178326494,
        680.8074485086064,
        6.958777714009841,
        -3.407182984848788,
        3353.5263687029405,
        92.89412905745125,
        0.5528574763446521,
        0.0,
        114.11737193523302,
        2000.1534960240833,
        12.44609916074863,
        -16.984043604521677
    ],
    "best_fitness": [
        -0.3401314841048735
    ],
    "mutate_eta": 15,
    "mutate_prob": 0.2,
    "crossover_eta": 20,
    "crossover_prob": 0.5,
    "error_message": null,
    "timestamp": "2024-06-21T00:52:52.170474"
}