{
    "algorithm_desc": "pygad_algorithm",
    "config_name": "two_way_overtaking",
    "random_seed": 1,
    "evaluation_time": 18.917913,
    "number_of_generations": 50,
    "population_size": 200,
    "num_parents_mating": 10,
    "best_solution": [
        2530.188353606364,
        2867.640848895361,
        -9.00278225,
        2.359450155961163,
        701.9422692917545,
        2886.299552893331,
        -0.3782135938568132,
        0.0,
        3385.175572572139,
        1182.1871199058169,
        -12.140667051958149,
        9.00278225
    ],
    "best_fitness": [
        -0.280888335295605
    ],
    "mutate_eta": 20,
    "mutate_prob": 0.2,
    "crossover_eta": 20,
    "crossover_prob": 1,
    "error_message": null,
    "timestamp": "2024-06-20T22:58:39.297665"
}