{
    "algorithm_desc": "pygad_algorithm",
    "config_name": "two_way_overtaking",
    "random_seed": 1,
    "evaluation_time": 21.487057,
    "number_of_generations": 100,
    "population_size": 100,
    "num_parents_mating": 10,
    "best_solution": [
        1772.1466959214804,
        2976.8758690869668,
        -18.9341023986087,
        -4.107083288422906,
        456.1852484033003,
        2016.5562761416434,
        -2.2739098282927195,
        0.40715030425213783,
        3305.8320683196343,
        1635.7949069103295,
        -19.8742698167423,
        -1.6964110291184582
    ],
    "best_fitness": [
        -0.7228940966327285
    ],
    "mutate_eta": 20,
    "mutate_prob": 0.8,
    "crossover_eta": 1,
    "crossover_prob": 0.8,
    "error_message": null,
    "timestamp": "2024-06-22T03:16:32.452503"
}