{
    "algorithm_desc": "pygad_algorithm",
    "config_name": "two_way_overtaking",
    "random_seed": 1,
    "evaluation_time": 613.674239,
    "number_of_generations": 2000,
    "population_size": 150,
    "num_parents_mating": 10,
    "best_solution": [
        1879.3984673363693,
        2003.0613661899051,
        13.24615859180934,
        12.324353079176547,
        3236.3847936569787,
        3351.6406831489894,
        2.6114083503671672,
        2.084833263779128,
        586.7039885766615,
        782.2143834568066,
        14.992790381751654,
        13.763446420601369
    ],
    "best_fitness": [
        -0.04362627077494734
    ],
    "mutate_eta": 10,
    "mutate_prob": 0.5,
    "crossover_eta": 1,
    "crossover_prob": 1,
    "error_message": null,
    "timestamp": "2024-06-22T02:22:24.973039"
}