{
    "algorithm_desc": "pygad_algorithm",
    "config_name": "two_way_overtaking",
    "random_seed": 1,
    "evaluation_time": 82.529054,
    "number_of_generations": 2000,
    "population_size": 20,
    "num_parents_mating": 4,
    "best_solution": [
        814.4120483813452,
        1321.594270892457,
        2.0283120847114553,
        -3.4321051954338806,
        1921.8090406614472,
        211.59173892553713,
        1.0927340937752419,
        -2.4547247114657225,
        1541.7746544149732,
        2728.464013457197,
        -17.106294185573145,
        -15.700474544927575
    ],
    "best_fitness": [
        -0.5939635313532028
    ],
    "mutate_eta": 1,
    "mutate_prob": 0.8,
    "crossover_eta": 5,
    "crossover_prob": 0.8,
    "error_message": null,
    "timestamp": "2024-06-23T07:03:59.855876"
}