{
    "algorithm_desc": "pygad_algorithm",
    "config_name": "two_way_overtaking",
    "random_seed": 1,
    "evaluation_time": 1.103392,
    "number_of_generations": 50,
    "population_size": 10,
    "num_parents_mating": 2,
    "best_solution": [
        1858.5886121026954,
        1923.3552877608113,
        -5.446761097192324,
        5.91619799549504,
        575.5682799042866,
        2535.040077582072,
        17.501394532257088,
        20.159068601866075,
        3074.6889515624607,
        913.2160157717736,
        -19.010034952868303,
        19.50880339923212
    ],
    "best_fitness": [
        -0.9662454309735875
    ],
    "mutate_eta": 1,
    "mutate_prob": 1,
    "crossover_eta": 1,
    "crossover_prob": 0.8,
    "error_message": null,
    "timestamp": "2024-06-23T18:09:51.251595"
}