{
    "algorithm_desc": "pygad_algorithm",
    "config_name": "two_way_overtaking",
    "random_seed": 1,
    "evaluation_time": 123.220854,
    "number_of_generations": 400,
    "population_size": 150,
    "num_parents_mating": 10,
    "best_solution": [
        1534.2345422854864,
        1943.8117637899225,
        11.03804095605419,
        15.447025129009859,
        3166.981423860299,
        2918.036720113634,
        5.730647495148254,
        4.803826102952641,
        360.9757653803833,
        582.559889396186,
        14.03654152598984,
        18.44749513721029
    ],
    "best_fitness": [
        -0.2000096040509089
    ],
    "mutate_eta": 20,
    "mutate_prob": 0.5,
    "crossover_eta": 5,
    "crossover_prob": 0.8,
    "error_message": null,
    "timestamp": "2024-06-21T02:00:24.296954"
}