{
    "algorithm_desc": "pygad_algorithm",
    "config_name": "two_way_overtaking",
    "random_seed": 1,
    "evaluation_time": 2.079165,
    "number_of_generations": 100,
    "population_size": 10,
    "num_parents_mating": 4,
    "best_solution": [
        2655.6829570020823,
        372.83630296707577,
        17.96922507550078,
        8.280814354247571,
        3344.905352616572,
        1709.864596941492,
        5.682930382458739,
        13.840713935908077,
        1331.3299862689305,
        1954.8079282288124,
        19.483108402960326,
        -12.327134009208416
    ],
    "best_fitness": [
        -1.04465453681165
    ],
    "mutate_eta": 1,
    "mutate_prob": 0.5,
    "crossover_eta": 15,
    "crossover_prob": 1,
    "error_message": null,
    "timestamp": "2024-06-22T20:49:27.306186"
}