{
    "algorithm_desc": "pygad_algorithm",
    "config_name": "two_way_overtaking",
    "random_seed": 1,
    "evaluation_time": 15.343937,
    "number_of_generations": 400,
    "population_size": 20,
    "num_parents_mating": 10,
    "best_solution": [
        374.80550238613705,
        1365.9300076722625,
        17.65032378127951,
        -4.501543342513923,
        2080.0179875533254,
        1122.9711556030259,
        2.32143822578621,
        0.0,
        138.9021320976444,
        3218.93360749859,
        19.310334950610198,
        -20.136919081108154
    ],
    "best_fitness": [
        -0.40688590420227033
    ],
    "mutate_eta": 15,
    "mutate_prob": 0.2,
    "crossover_eta": 20,
    "crossover_prob": 1,
    "error_message": null,
    "timestamp": "2024-06-22T01:40:39.353198"
}