{
    "algorithm_desc": "pygad_algorithm",
    "config_name": "two_way_overtaking",
    "random_seed": 1,
    "evaluation_time": 198.666225,
    "number_of_generations": 1000,
    "population_size": 100,
    "num_parents_mating": 4,
    "best_solution": [
        1814.5283145238952,
        1601.35917563528,
        9.930979275795718,
        -8.303471475069328,
        2988.153519052626,
        445.1318925664528,
        1.85538589797725,
        -1.819811166753638,
        598.4425933420425,
        2793.804838569069,
        19.464658147138884,
        -16.674470247800677
    ],
    "best_fitness": [
        -0.09472128436563075
    ],
    "mutate_eta": 10,
    "mutate_prob": 0.5,
    "crossover_eta": 20,
    "crossover_prob": 0.2,
    "error_message": null,
    "timestamp": "2024-06-22T01:35:13.139149"
}