{
    "algorithm_desc": "pygad_algorithm",
    "config_name": "two_way_overtaking",
    "random_seed": 1,
    "evaluation_time": 97.577671,
    "number_of_generations": 1000,
    "population_size": 50,
    "num_parents_mating": 10,
    "best_solution": [
        3018.131915133846,
        1698.7633348137185,
        -1.633380069608915,
        -15.007219538309837,
        2889.730138132974,
        1.1335459883914378,
        -1.4038712488311695,
        -12.80147206482616,
        3190.216893701642,
        3479.635855791839,
        -2.3384863271335306,
        -19.419646363720833
    ],
    "best_fitness": [
        -0.040374271131851484
    ],
    "mutate_eta": 5,
    "mutate_prob": 0.2,
    "crossover_eta": 15,
    "crossover_prob": 0.5,
    "error_message": null,
    "timestamp": "2024-06-23T12:18:08.159209"
}