{
    "algorithm_desc": "pygad_algorithm",
    "config_name": "two_way_overtaking",
    "random_seed": 1,
    "evaluation_time": 9.664776,
    "number_of_generations": 50,
    "population_size": 100,
    "num_parents_mating": 10,
    "best_solution": [
        1724.911987139549,
        2749.8597046143514,
        1.170783458996464,
        0.0,
        3430.941262125261,
        2744.957469493246,
        0.8719673243461052,
        0.0,
        2.5009751565922,
        2341.896677224764,
        16.85605779963314,
        4.762767250204433
    ],
    "best_fitness": [
        -0.09174642862900621
    ],
    "mutate_eta": 5,
    "mutate_prob": 0.2,
    "crossover_eta": 15,
    "crossover_prob": 0.2,
    "error_message": null,
    "timestamp": "2024-06-21T22:50:15.195341"
}