{
    "algorithm_desc": "pygad_algorithm",
    "config_name": "two_way_overtaking",
    "random_seed": 1,
    "evaluation_time": 37.646664,
    "number_of_generations": 100,
    "population_size": 200,
    "num_parents_mating": 10,
    "best_solution": [
        2439.6735033575505,
        2711.0846212926945,
        -9.00278225,
        2.359450155961163,
        559.6222899831586,
        2886.299552893331,
        -0.21875260759835413,
        0.0,
        3480.337193961595,
        1182.1871199058169,
        -13.820234986191752,
        8.581201240548712
    ],
    "best_fitness": [
        -0.23986422593141102
    ],
    "mutate_eta": 5,
    "mutate_prob": 0.2,
    "crossover_eta": 10,
    "crossover_prob": 1,
    "error_message": null,
    "timestamp": "2024-06-21T03:26:29.306948"
}