{
    "algorithm_desc": "pygad_algorithm",
    "config_name": "two_way_overtaking",
    "random_seed": 1,
    "evaluation_time": 848.056109,
    "number_of_generations": 2000,
    "population_size": 200,
    "num_parents_mating": 8,
    "best_solution": [
        1019.8755523482736,
        1821.8351073486024,
        -15.291734331424399,
        -10.578648694713136,
        36.275434390021786,
        182.34845261821465,
        -6.511909352095593,
        -2.7289457158974173,
        2035.4979558016532,
        3201.5997103627437,
        -19.49435310749358,
        -20.364256691793216
    ],
    "best_fitness": [
        -0.3766430262977964
    ],
    "mutate_eta": 15,
    "mutate_prob": 0.8,
    "crossover_eta": 1,
    "crossover_prob": 0.2,
    "error_message": null,
    "timestamp": "2024-06-23T19:48:23.799077"
}