{
    "algorithm_desc": "pygad_algorithm",
    "config_name": "two_way_overtaking",
    "random_seed": 1,
    "evaluation_time": 20.71295,
    "number_of_generations": 200,
    "population_size": 50,
    "num_parents_mating": 10,
    "best_solution": [
        2578.419957714055,
        1996.1427593852472,
        -3.576708409200428,
        9.131137237724538,
        1689.2598796720579,
        2851.501223188347,
        -2.993168673826144,
        5.061605336500975,
        1869.7366120504387,
        629.5389137822649,
        1.4970601533312085,
        14.73798544066863
    ],
    "best_fitness": [
        -0.7061455296248859
    ],
    "mutate_eta": 5,
    "mutate_prob": 0.5,
    "crossover_eta": 5,
    "crossover_prob": 0.8,
    "error_message": null,
    "timestamp": "2024-06-20T16:51:17.934513"
}