{
    "algorithm_desc": "pygad_algorithm",
    "config_name": "two_way_overtaking",
    "random_seed": 1,
    "evaluation_time": 38.550807,
    "number_of_generations": 2000,
    "population_size": 10,
    "num_parents_mating": 4,
    "best_solution": [
        1435.2923268283678,
        2651.075144054619,
        -8.26272028363187,
        -7.7852474922984936,
        208.05143630189482,
        1623.5971734426603,
        -2.673289555685944,
        -2.49388670042476,
        2825.1700946036813,
        3399.465451218564,
        -19.6576496800127,
        -14.438879297063412
    ],
    "best_fitness": [
        -0.19775402393376415
    ],
    "mutate_eta": 1,
    "mutate_prob": 0.5,
    "crossover_eta": 10,
    "crossover_prob": 0.5,
    "error_message": null,
    "timestamp": "2024-06-22T10:37:20.323133"
}