{
    "algorithm_desc": "pygad_algorithm",
    "config_name": "two_way_overtaking",
    "random_seed": 1,
    "evaluation_time": 41.88657,
    "number_of_generations": 100,
    "population_size": 200,
    "num_parents_mating": 2,
    "best_solution": [
        2907.8750220043958,
        2013.1220172829076,
        2.3517078402264744,
        -12.430673998109798,
        3336.000045251557,
        324.6119157043992,
        0.10578964237883781,
        -5.5162899069418145,
        1436.3646489382495,
        3044.8094071556143,
        8.725686701696997,
        -17.078427035995947
    ],
    "best_fitness": [
        -0.28551390081884803
    ],
    "mutate_eta": 10,
    "mutate_prob": 0.5,
    "crossover_eta": 5,
    "crossover_prob": 0.8,
    "error_message": null,
    "timestamp": "2024-06-20T14:08:23.807845"
}