{
    "algorithm_desc": "pygad_algorithm",
    "config_name": "two_way_overtaking",
    "random_seed": 1,
    "evaluation_time": 50.460373,
    "number_of_generations": 2000,
    "population_size": 10,
    "num_parents_mating": 2,
    "best_solution": [
        2277.845921723237,
        1176.1211902704238,
        2.188151427179669,
        18.35582853736269,
        2226.7102402114174,
        3042.7593980463257,
        0.11174573053681414,
        11.580824316613999,
        293.929705620829,
        160.7100588852298,
        12.800902046808211,
        18.008383992558834
    ],
    "best_fitness": [
        -0.5397074156258362
    ],
    "mutate_eta": 5,
    "mutate_prob": 0.8,
    "crossover_eta": 20,
    "crossover_prob": 0.5,
    "error_message": null,
    "timestamp": "2024-06-20T13:53:06.417703"
}