{
    "algorithm_desc": "pygad_algorithm",
    "config_name": "two_way_overtaking",
    "random_seed": 1,
    "evaluation_time": 438.742725,
    "number_of_generations": 1000,
    "population_size": 200,
    "num_parents_mating": 10,
    "best_solution": [
        1934.2631699111612,
        2147.139672587419,
        -6.711846668962657,
        -7.457339931300712,
        275.17856273575956,
        1525.2087051606047,
        -1.429331368528576,
        -4.50369474619302,
        3419.443092337751,
        3428.0618088885085,
        -9.733261459591521,
        -11.821347509126898
    ],
    "best_fitness": [
        -0.3666649008641967
    ],
    "mutate_eta": 20,
    "mutate_prob": 0.8,
    "crossover_eta": 15,
    "crossover_prob": 0.5,
    "error_message": null,
    "timestamp": "2024-06-20T13:13:34.092126"
}