{
    "algorithm_desc": "pygad_algorithm",
    "config_name": "two_way_overtaking",
    "random_seed": 1,
    "evaluation_time": 862.537475,
    "number_of_generations": 2000,
    "population_size": 200,
    "num_parents_mating": 10,
    "best_solution": [
        1651.4781692438562,
        1342.5706889294993,
        15.711364020372464,
        14.579577167764548,
        3279.519641232852,
        3211.7599791203374,
        5.6266952865084185,
        1.5209790729944785,
        52.57878079637962,
        220.39678310053634,
        18.679478551409396,
        16.079731692377067
    ],
    "best_fitness": [
        -0.3800700867766928
    ],
    "mutate_eta": 20,
    "mutate_prob": 0.8,
    "crossover_eta": 20,
    "crossover_prob": 1,
    "error_message": null,
    "timestamp": "2024-06-23T18:36:39.643735"
}