{
    "algorithm_desc": "pygad_algorithm",
    "config_name": "two_way_overtaking",
    "random_seed": 1,
    "evaluation_time": 19.4669,
    "number_of_generations": 50,
    "population_size": 200,
    "num_parents_mating": 4,
    "best_solution": [
        3342.540505824167,
        1787.158944086444,
        0.05923804794618803,
        3.5639942839538925,
        3362.7392857751497,
        3475.4999105042784,
        0.0,
        2.6235546330279504,
        3299.8316455372214,
        9.265724683156728,
        -0.35273751532328745,
        16.039134655216735
    ],
    "best_fitness": [
        -0.038857376319209234
    ],
    "mutate_eta": 20,
    "mutate_prob": 0.2,
    "crossover_eta": 15,
    "crossover_prob": 1,
    "error_message": null,
    "timestamp": "2024-06-21T18:46:22.411824"
}