{
    "algorithm_desc": "pygad_algorithm",
    "config_name": "two_way_overtaking",
    "random_seed": 1,
    "evaluation_time": 75.914379,
    "number_of_generations": 200,
    "population_size": 200,
    "num_parents_mating": 8,
    "best_solution": [
        1722.400908607628,
        3299.8316455372214,
        9.49459341785861,
        0.0,
        3489.461180022086,
        3299.8316455372214,
        7.550006380727499,
        0.0,
        8.170883974031318,
        3299.8316455372214,
        12.461760078712508,
        -0.17376966957759876
    ],
    "best_fitness": [
        -0.030208181336185184
    ],
    "mutate_eta": 10,
    "mutate_prob": 0.2,
    "crossover_eta": 5,
    "crossover_prob": 0.8,
    "error_message": null,
    "timestamp": "2024-06-21T00:45:17.484674"
}