{
    "algorithm_desc": "pygad_algorithm",
    "config_name": "two_way_overtaking",
    "random_seed": 1,
    "evaluation_time": 748.472116,
    "number_of_generations": 2000,
    "population_size": 200,
    "num_parents_mating": 8,
    "best_solution": [
        1775.5729605740994,
        2742.19426327145,
        -1.270332016998264,
        0.002535235092814503,
        0.19731706913667102,
        2742.196877587244,
        -0.044135481049004,
        0.0,
        3499.9412092178272,
        2738.6506945722854,
        -20.55043617080085,
        1.1622946482533152
    ],
    "best_fitness": [
        -0.02548302587019414
    ],
    "mutate_eta": 5,
    "mutate_prob": 0.2,
    "crossover_eta": 10,
    "crossover_prob": 1,
    "error_message": null,
    "timestamp": "2024-06-22T21:14:52.514007"
}