{
    "algorithm_desc": "pygad_algorithm",
    "config_name": "two_way_overtaking",
    "random_seed": 1,
    "evaluation_time": 9.875142,
    "number_of_generations": 100,
    "population_size": 50,
    "num_parents_mating": 4,
    "best_solution": [
        1776.38098720738,
        1654.5582537128792,
        9.265054913672628,
        -6.703303205681088,
        3382.055898378967,
        796.5646394074885,
        8.302192637571348,
        -6.23080563600465,
        930.4923122667708,
        2631.5125587088673,
        16.75755430865003,
        -16.163721794906046
    ],
    "best_fitness": [
        -0.237795673656588
    ],
    "mutate_eta": 15,
    "mutate_prob": 0.5,
    "crossover_eta": 1,
    "crossover_prob": 0.2,
    "error_message": null,
    "timestamp": "2024-06-20T21:22:43.566770"
}