{
    "algorithm_desc": "pygad_algorithm",
    "config_name": "two_way_overtaking",
    "random_seed": 1,
    "evaluation_time": 19.88026,
    "number_of_generations": 1000,
    "population_size": 10,
    "num_parents_mating": 2,
    "best_solution": [
        1975.3849672270612,
        1006.2569527036035,
        -13.769024979523667,
        4.750246547545988,
        87.20771498216916,
        1870.0678167574947,
        -5.19221384585367,
        -1.276211199149845,
        2719.476411611749,
        36.45941740934705,
        -19.764551812180976,
        16.902620617149097
    ],
    "best_fitness": [
        -0.5838334622166795
    ],
    "mutate_eta": 5,
    "mutate_prob": 0.8,
    "crossover_eta": 1,
    "crossover_prob": 1,
    "error_message": null,
    "timestamp": "2024-06-21T16:58:27.416848"
}