{
    "algorithm_desc": "pygad_algorithm",
    "config_name": "two_way_overtaking",
    "random_seed": 1,
    "evaluation_time": 0.607337,
    "number_of_generations": 50,
    "population_size": 5,
    "num_parents_mating": 2,
    "best_solution": [
        3431.1650979806473,
        778.3411773591151,
        -1.3883226861855462,
        16.28286627565852,
        2105.0169339457584,
        2540.8559604708526,
        -3.552954118278439,
        7.585368648810142,
        3311.192604466471,
        700.6512300876273,
        12.649794477263114,
        19.324107341866203
    ],
    "best_fitness": [
        -1.2278814769578987
    ],
    "mutate_eta": 5,
    "mutate_prob": 1,
    "crossover_eta": 1,
    "crossover_prob": 1,
    "error_message": null,
    "timestamp": "2024-06-22T09:20:29.233334"
}