{
    "algorithm_desc": "pygad_algorithm",
    "config_name": "two_way_overtaking",
    "random_seed": 1,
    "evaluation_time": 81.947454,
    "number_of_generations": 200,
    "population_size": 200,
    "num_parents_mating": 8,
    "best_solution": [
        1947.8572106179995,
        2799.1219767051534,
        -9.25846254373801,
        1.1131987793284424,
        43.460605056210966,
        3011.6510131538225,
        -6.259245743854104,
        0.9624540892431597,
        3464.9524500368893,
        2137.9723308326606,
        -19.58203466616954,
        2.9405370259580224
    ],
    "best_fitness": [
        -0.17032512175354847
    ],
    "mutate_eta": 10,
    "mutate_prob": 0.5,
    "crossover_eta": 5,
    "crossover_prob": 0.5,
    "error_message": null,
    "timestamp": "2024-06-21T06:12:17.996363"
}