{
    "algorithm_desc": "pygad_algorithm",
    "config_name": "two_way_overtaking",
    "random_seed": 1,
    "evaluation_time": 429.276864,
    "number_of_generations": 1000,
    "population_size": 200,
    "num_parents_mating": 8,
    "best_solution": [
        1738.523382292263,
        1551.2158795938278,
        -5.603734202032657,
        7.727888144884318,
        382.70995978117884,
        2579.272883055066,
        -2.134116487080295,
        6.573658860814799,
        3367.5755681587466,
        653.39512127556,
        -11.65473928294633,
        17.735160418481684
    ],
    "best_fitness": [
        -0.4804486381888271
    ],
    "mutate_eta": 15,
    "mutate_prob": 0.8,
    "crossover_eta": 5,
    "crossover_prob": 1,
    "error_message": null,
    "timestamp": "2024-06-22T09:37:30.031052"
}