{
    "algorithm_desc": "pygad_algorithm",
    "config_name": "two_way_overtaking",
    "random_seed": 1,
    "evaluation_time": 1.173772,
    "number_of_generations": 400,
    "population_size": 2,
    "num_parents_mating": 2,
    "best_solution": [
        1933.8205453389633,
        905.6047003340535,
        -9.063059024717331,
        -2.832170967197797,
        112.18392162049645,
        1312.065802379008,
        -5.719906249005204,
        -0.13789518907638154,
        3352.6133555267565,
        1315.9228930378072,
        -20.322200876660407,
        -8.524503995186766
    ],
    "best_fitness": [
        -0.4011602839499634
    ],
    "mutate_eta": 20,
    "mutate_prob": 0.2,
    "crossover_eta": 5,
    "crossover_prob": 0.2,
    "error_message": null,
    "timestamp": "2024-06-21T02:21:38.859303"
}