{
    "algorithm_desc": "pygad_algorithm",
    "config_name": "two_way_overtaking",
    "random_seed": 1,
    "evaluation_time": 565.066628,
    "number_of_generations": 2000,
    "population_size": 150,
    "num_parents_mating": 10,
    "best_solution": [
        1287.870246551388,
        1742.6371290018046,
        0.0,
        7.019143444769703,
        1281.250939759223,
        3499.8254485294656,
        -0.02546882963198982,
        6.540568636487144,
        1287.9531654242849,
        0.7242311930986123,
        0.7161099937906208,
        19.484959511400135
    ],
    "best_fitness": [
        -0.025649756637445863
    ],
    "mutate_eta": 20,
    "mutate_prob": 0.2,
    "crossover_eta": 1,
    "crossover_prob": 0.5,
    "error_message": null,
    "timestamp": "2024-06-23T16:56:20.598402"
}