{
    "algorithm_desc": "pygad_algorithm",
    "config_name": "two_way_overtaking",
    "random_seed": 1,
    "evaluation_time": 72.550489,
    "number_of_generations": 200,
    "population_size": 200,
    "num_parents_mating": 2,
    "best_solution": [
        3247.7746890502667,
        1789.7528104610149,
        0.0,
        11.230560354641618,
        3248.1277116863803,
        3499.4197791277616,
        0.0,
        10.900816105917109,
        3229.2860682376536,
        8.445455639303601,
        -0.023521762301314197,
        11.784495428391203
    ],
    "best_fitness": [
        -0.031127143045474814
    ],
    "mutate_eta": 15,
    "mutate_prob": 0.2,
    "crossover_eta": 15,
    "crossover_prob": 0.5,
    "error_message": null,
    "timestamp": "2024-06-22T12:00:41.312302"
}