{
    "algorithm_desc": "pygad_algorithm",
    "config_name": "two_way_overtaking",
    "random_seed": 1,
    "evaluation_time": 5.307941,
    "number_of_generations": 50,
    "population_size": 50,
    "num_parents_mating": 8,
    "best_solution": [
        302.00592703088324,
        2190.759001059968,
        7.485198081694556,
        5.761970220883914,
        2110.1841256289476,
        3288.8144477233764,
        5.979010302407737,
        3.245474166880559,
        48.34536304510356,
        221.75622817636386,
        11.138914913348192,
        8.5150968568291
    ],
    "best_fitness": [
        -0.6005331641043513
    ],
    "mutate_eta": 1,
    "mutate_prob": 0.5,
    "crossover_eta": 20,
    "crossover_prob": 1,
    "error_message": null,
    "timestamp": "2024-06-21T20:52:27.599866"
}