{
    "algorithm_desc": "pygad_algorithm",
    "config_name": "two_way_overtaking",
    "random_seed": 1,
    "evaluation_time": 2.00129,
    "number_of_generations": 100,
    "population_size": 10,
    "num_parents_mating": 10,
    "best_solution": [
        2430.408963509927,
        1950.0102883394125,
        -13.454183382612609,
        -8.549544963308835,
        1029.4504619356003,
        881.1051013029462,
        -5.067295550274791,
        -3.056055652739879,
        2789.909706332441,
        2992.3936943113413,
        -14.77380093541242,
        -14.318027124199887
    ],
    "best_fitness": [
        -0.4101294232160295
    ],
    "mutate_eta": 15,
    "mutate_prob": 0.2,
    "crossover_eta": 20,
    "crossover_prob": 0.5,
    "error_message": null,
    "timestamp": "2024-06-21T16:13:02.840436"
}