{
    "algorithm_desc": "pygad_algorithm",
    "config_name": "two_way_overtaking",
    "random_seed": 1,
    "evaluation_time": 559.384285,
    "number_of_generations": 2000,
    "population_size": 150,
    "num_parents_mating": 4,
    "best_solution": [
        1574.3608765347656,
        1778.3049984301808,
        -0.06167595601855069,
        1.4914820491342944,
        1554.29189258768,
        3499.9031585242383,
        -0.007289360473993867,
        0.6216410012710334,
        1647.9083463335091,
        0.6463123749383959,
        0.0,
        5.6247793307918705
    ],
    "best_fitness": [
        -0.02530364276705545
    ],
    "mutate_eta": 1,
    "mutate_prob": 0.2,
    "crossover_eta": 5,
    "crossover_prob": 0.8,
    "error_message": null,
    "timestamp": "2024-06-20T17:00:47.229024"
}