{
    "algorithm_desc": "pygad_algorithm",
    "config_name": "two_way_overtaking",
    "random_seed": 1,
    "evaluation_time": 212.245712,
    "number_of_generations": 1000,
    "population_size": 100,
    "num_parents_mating": 4,
    "best_solution": [
        2807.070649519906,
        2107.7436348085084,
        16.975392709159316,
        -11.63762004029717,
        3449.704864712274,
        234.2957546421502,
        6.591182448301616,
        -3.5938952376948023,
        1565.5688874366801,
        3324.778355673419,
        19.806610691033413,
        -15.718413807631118
    ],
    "best_fitness": [
        -0.4409309164463351
    ],
    "mutate_eta": 10,
    "mutate_prob": 0.8,
    "crossover_eta": 10,
    "crossover_prob": 0.5,
    "error_message": null,
    "timestamp": "2024-06-23T20:02:32.290512"
}