{
    "algorithm_desc": "pygad_algorithm",
    "config_name": "two_way_overtaking",
    "random_seed": 1,
    "evaluation_time": 1.903105,
    "number_of_generations": 200,
    "population_size": 5,
    "num_parents_mating": 4,
    "best_solution": [
        1168.7900748561117,
        591.6808505629918,
        0.8543732144103586,
        10.182915937119581,
        561.2824638217927,
        2408.377591631605,
        -4.15988823892495,
        6.638066485058811,
        2321.415199810714,
        87.624069183718,
        -20.402823366199435,
        12.340628033906917
    ],
    "best_fitness": [
        -0.9334106654443118
    ],
    "mutate_eta": 10,
    "mutate_prob": 0.5,
    "crossover_eta": 1,
    "crossover_prob": 0.8,
    "error_message": null,
    "timestamp": "2024-06-22T02:03:54.896345"
}