{
    "algorithm_desc": "pygad_algorithm",
    "config_name": "two_way_overtaking",
    "random_seed": 1,
    "evaluation_time": 9.510785,
    "number_of_generations": 1000,
    "population_size": 5,
    "num_parents_mating": 4,
    "best_solution": [
        2267.256393148018,
        578.8508696291304,
        -2.6687123321875745,
        -3.5817924129496284,
        836.5162307175952,
        860.4092315836647,
        -2.4675577623563925,
        -3.626558266181455,
        3176.179570992963,
        2457.0992565156616,
        -6.218851807491298,
        -11.027622668457228
    ],
    "best_fitness": [
        -0.5283151983669746
    ],
    "mutate_eta": 15,
    "mutate_prob": 0.8,
    "crossover_eta": 5,
    "crossover_prob": 0.8,
    "error_message": null,
    "timestamp": "2024-06-22T10:44:55.290883"
}