{
    "algorithm_desc": "pygad_algorithm",
    "config_name": "two_way_overtaking",
    "random_seed": 1,
    "evaluation_time": 854.925477,
    "number_of_generations": 2000,
    "population_size": 200,
    "num_parents_mating": 8,
    "best_solution": [
        1019.8755523482736,
        1644.606030479761,
        -8.632463107097148,
        -10.578648694713136,
        36.275434390021786,
        182.34845261821465,
        -6.511909352095593,
        -2.7289457158974173,
        2035.4979558016532,
        3201.5997103627437,
        -19.49435310749358,
        -18.235366090894367
    ],
    "best_fitness": [
        -0.33535582298064615
    ],
    "mutate_eta": 10,
    "mutate_prob": 0.8,
    "crossover_eta": 10,
    "crossover_prob": 0.5,
    "error_message": null,
    "timestamp": "2024-06-22T18:39:04.946000"
}