{
    "algorithm_desc": "pygad_algorithm",
    "config_name": "two_way_overtaking",
    "random_seed": 1,
    "evaluation_time": 128.38757,
    "number_of_generations": 400,
    "population_size": 150,
    "num_parents_mating": 10,
    "best_solution": [
        2002.8091600095938,
        1381.9825119928864,
        13.267709782624344,
        -17.993030325929517,
        2819.1833577917523,
        542.340676848648,
        2.109366272025035,
        -13.926783666705386,
        509.9811091417738,
        2225.7469235449007,
        17.064832549379055,
        -19.063339674177666
    ],
    "best_fitness": [
        -0.5932843399643207
    ],
    "mutate_eta": 1,
    "mutate_prob": 0.8,
    "crossover_eta": 15,
    "crossover_prob": 1,
    "error_message": null,
    "timestamp": "2024-06-20T16:52:57.746135"
}