{
    "algorithm_desc": "pygad_algorithm",
    "config_name": "two_way_overtaking",
    "random_seed": 1,
    "evaluation_time": 852.93323,
    "number_of_generations": 2000,
    "population_size": 200,
    "num_parents_mating": 10,
    "best_solution": [
        2834.882282289189,
        1885.426621516615,
        8.870442111344797,
        -9.611630421406437,
        3025.556891361032,
        162.8031213078655,
        9.157819596526874,
        -8.001467120386469,
        1280.2079163251997,
        3419.935709103049,
        11.416458420259787,
        -10.854743583179935
    ],
    "best_fitness": [
        -0.42260621859553216
    ],
    "mutate_eta": 5,
    "mutate_prob": 0.8,
    "crossover_eta": 5,
    "crossover_prob": 0.8,
    "error_message": null,
    "timestamp": "2024-06-23T02:51:41.349741"
}