{
    "algorithm_desc": "pygad_algorithm",
    "config_name": "two_way_overtaking",
    "random_seed": 1,
    "evaluation_time": 36.172598,
    "number_of_generations": 1000,
    "population_size": 20,
    "num_parents_mating": 2,
    "best_solution": [
        1782.6990640819597,
        2168.407870647244,
        -3.107553056039091,
        -0.03977574983280974,
        6.454214924714485,
        2199.8877636914813,
        -1.4735761614433613,
        0.02917691928083954,
        3491.2602500186954,
        2187.7698047825165,
        -16.844492285406666,
        -1.0059966969167604
    ],
    "best_fitness": [
        -0.031027624885342837
    ],
    "mutate_eta": 10,
    "mutate_prob": 0.2,
    "crossover_eta": 1,
    "crossover_prob": 0.8,
    "error_message": null,
    "timestamp": "2024-06-23T08:19:52.873803"
}