{
    "algorithm_desc": "pygad_algorithm",
    "config_name": "two_way_overtaking",
    "random_seed": 1,
    "evaluation_time": 20.999065,
    "number_of_generations": 200,
    "population_size": 50,
    "num_parents_mating": 8,
    "best_solution": [
        2098.377520895691,
        1282.400911781416,
        -8.430372993508868,
        11.757534840526127,
        880.9166589490093,
        2531.8426940434165,
        -7.046544904820884,
        9.17865578323434,
        3240.5489013810306,
        2839.776309600295,
        -5.946215001281514,
        -6.194054157095948
    ],
    "best_fitness": [
        -0.8334010581026189
    ],
    "mutate_eta": 10,
    "mutate_prob": 0.8,
    "crossover_eta": 20,
    "crossover_prob": 0.2,
    "error_message": null,
    "timestamp": "2024-06-22T05:10:05.804125"
}