{
    "algorithm_desc": "pygad_algorithm",
    "config_name": "two_way_overtaking",
    "random_seed": 1,
    "evaluation_time": 1.961011,
    "number_of_generations": 100,
    "population_size": 10,
    "num_parents_mating": 10,
    "best_solution": [
        1032.26912412193,
        711.8329148841788,
        3.4512851335144425,
        -14.849750687252133,
        3331.2149256184807,
        163.33940406953158,
        -5.051741069029347,
        -13.008601877524987,
        1005.1660341517884,
        1798.7510836939086,
        1.4511889859856524,
        -18.4824595308296
    ],
    "best_fitness": [
        -0.9705369297175384
    ],
    "mutate_eta": 10,
    "mutate_prob": 0.2,
    "crossover_eta": 20,
    "crossover_prob": 0.8,
    "error_message": null,
    "timestamp": "2024-06-21T01:17:49.885421"
}