{
    "algorithm_desc": "pygad_algorithm",
    "config_name": "two_way_overtaking",
    "random_seed": 1,
    "evaluation_time": 178.717366,
    "number_of_generations": 1000,
    "population_size": 100,
    "num_parents_mating": 2,
    "best_solution": [
        3299.8316455372214,
        1721.5006468596723,
        -0.0020708386203658335,
        3.1505528321952454,
        3299.8316455372214,
        3499.8592030166083,
        0.0,
        0.6265218314332017,
        3300.7147338255395,
        8.05912018979138,
        0.8309433094291165,
        17.575304791681525
    ],
    "best_fitness": [
        -0.027593074489850815
    ],
    "mutate_eta": 1,
    "mutate_prob": 0.2,
    "crossover_eta": 15,
    "crossover_prob": 0.5,
    "error_message": null,
    "timestamp": "2024-06-21T06:21:05.375181"
}