{
    "algorithm_desc": "pygad_algorithm",
    "config_name": "two_way_overtaking",
    "random_seed": 1,
    "evaluation_time": 40.718882,
    "number_of_generations": 400,
    "population_size": 50,
    "num_parents_mating": 4,
    "best_solution": [
        461.7292487225472,
        2150.926520566799,
        -0.3306431739455036,
        7.08286381381226,
        530.9245279000437,
        3404.8950872671703,
        -0.06169965344933459,
        3.73914531685692,
        1552.274190103551,
        807.9157643046531,
        -12.915537807587206,
        19.077705394439498
    ],
    "best_fitness": [
        -0.374204360083598
    ],
    "mutate_eta": 15,
    "mutate_prob": 0.5,
    "crossover_eta": 5,
    "crossover_prob": 1,
    "error_message": null,
    "timestamp": "2024-06-23T16:13:05.382094"
}