{
    "algorithm_desc": "pygad_algorithm",
    "config_name": "two_way_overtaking",
    "random_seed": 1,
    "evaluation_time": 219.7671,
    "number_of_generations": 1000,
    "population_size": 100,
    "num_parents_mating": 10,
    "best_solution": [
        2629.1189624806175,
        1451.1165486292443,
        4.4343320075999735,
        -14.323187903426962,
        3262.388295026262,
        337.08269988666234,
        2.5619445793560196,
        -13.296304900784207,
        3092.2086059242347,
        3298.843891806173,
        0.6813424953027223,
        -20.561489991799835
    ],
    "best_fitness": [
        -0.5418821033938388
    ],
    "mutate_eta": 10,
    "mutate_prob": 1,
    "crossover_eta": 10,
    "crossover_prob": 0.5,
    "error_message": null,
    "timestamp": "2024-06-23T17:27:26.525230"
}