{
    "algorithm_desc": "pygad_algorithm",
    "config_name": "two_way_overtaking",
    "random_seed": 1,
    "evaluation_time": 691.68068,
    "number_of_generations": 2000,
    "population_size": 150,
    "num_parents_mating": 10,
    "best_solution": [
        1280.8304176816837,
        1797.740823451222,
        4.069329584062867,
        12.84760776662636,
        1999.8140611547774,
        3451.0844218153647,
        2.695521760452113,
        9.291704065669428,
        1010.0311380053045,
        6.977519966807066,
        5.491603126042634,
        18.486238041698606
    ],
    "best_fitness": [
        -0.08396179875340117
    ],
    "mutate_eta": 10,
    "mutate_prob": 0.5,
    "crossover_eta": 15,
    "crossover_prob": 0.5,
    "error_message": null,
    "timestamp": "2024-06-20T13:02:02.063265"
}