{
    "algorithm_desc": "pygad_algorithm",
    "config_name": "two_way_overtaking",
    "random_seed": 1,
    "evaluation_time": 369.08317,
    "number_of_generations": 1000,
    "population_size": 200,
    "num_parents_mating": 8,
    "best_solution": [
        1751.2411791719226,
        2780.7227800630612,
        4.030754054881733,
        0.002535235092814503,
        3498.7708348504293,
        2781.213807028091,
        1.3921733266574101,
        0.0,
        0.1610493144755809,
        2779.370512681512,
        9.905779157781641,
        -0.32887905941865014
    ],
    "best_fitness": [
        -0.025838468680971904
    ],
    "mutate_eta": 20,
    "mutate_prob": 0.2,
    "crossover_eta": 5,
    "crossover_prob": 0.2,
    "error_message": null,
    "timestamp": "2024-06-23T19:30:13.957468"
}