{
    "algorithm_desc": "pygad_algorithm",
    "config_name": "two_way_overtaking",
    "random_seed": 1,
    "evaluation_time": 89.103654,
    "number_of_generations": 1000,
    "population_size": 50,
    "num_parents_mating": 4,
    "best_solution": [
        1112.609879858139,
        1485.1327314797616,
        -2.5090010256647375,
        4.862174436849941,
        421.52219186089684,
        3148.638950835526,
        -0.16911505069906596,
        0.5157209118256354,
        2176.6790599334113,
        3.3759140931456932,
        -10.81697606975476,
        15.189744823121238
    ],
    "best_fitness": [
        -0.06632890546546075
    ],
    "mutate_eta": 5,
    "mutate_prob": 0.2,
    "crossover_eta": 20,
    "crossover_prob": 0.2,
    "error_message": null,
    "timestamp": "2024-06-20T22:44:36.880404"
}