{
    "algorithm_desc": "pygad_algorithm",
    "config_name": "two_way_overtaking",
    "random_seed": 1,
    "evaluation_time": 42.895404,
    "number_of_generations": 200,
    "population_size": 100,
    "num_parents_mating": 4,
    "best_solution": [
        1321.1755561079906,
        1380.009267696659,
        7.1664289952417874,
        12.948020285542484,
        2979.850907799256,
        3012.8818908473368,
        6.919187441167033,
        8.373762132656726,
        439.8896855666197,
        179.09178584348066,
        14.85199078643096,
        20.007597235870392
    ],
    "best_fitness": [
        -0.46167963351753954
    ],
    "mutate_eta": 20,
    "mutate_prob": 0.8,
    "crossover_eta": 5,
    "crossover_prob": 0.5,
    "error_message": null,
    "timestamp": "2024-06-21T06:59:03.656867"
}