{
    "algorithm_desc": "pygad_algorithm",
    "config_name": "two_way_overtaking",
    "random_seed": 1,
    "evaluation_time": 198.147161,
    "number_of_generations": 2000,
    "population_size": 50,
    "num_parents_mating": 4,
    "best_solution": [
        1779.3192925853646,
        1245.7000404607809,
        7.313374994077591,
        -4.405069964894018,
        3326.772952731043,
        390.7094081360443,
        3.7214719508696525,
        -2.3893809013648806,
        304.6180876286522,
        2191.3139740179795,
        15.893800090714628,
        -7.017532578975562
    ],
    "best_fitness": [
        -0.09781619742589212
    ],
    "mutate_eta": 20,
    "mutate_prob": 0.5,
    "crossover_eta": 15,
    "crossover_prob": 0.2,
    "error_message": null,
    "timestamp": "2024-06-23T00:48:19.120640"
}