{
    "algorithm_desc": "pygad_algorithm",
    "config_name": "two_way_overtaking",
    "random_seed": 1,
    "evaluation_time": 75.336922,
    "number_of_generations": 200,
    "population_size": 200,
    "num_parents_mating": 10,
    "best_solution": [
        1718.4645478686039,
        2749.8597046143514,
        -10.121049061059347,
        0.0,
        1.932413588302484,
        2749.8597046143514,
        -8.277739743286107,
        0.0,
        3499.832416465043,
        2747.89495632374,
        -17.258317176219848,
        0.4090919067637522
    ],
    "best_fitness": [
        -0.02622917686320745
    ],
    "mutate_eta": 15,
    "mutate_prob": 0.2,
    "crossover_eta": 5,
    "crossover_prob": 0.5,
    "error_message": null,
    "timestamp": "2024-06-21T10:33:50.415379"
}