{
    "algorithm_desc": "pygad_algorithm",
    "config_name": "two_way_overtaking",
    "random_seed": 1,
    "evaluation_time": 20.043698,
    "number_of_generations": 200,
    "population_size": 50,
    "num_parents_mating": 10,
    "best_solution": [
        525.5432664314204,
        1332.72443537666,
        -7.10789563412497,
        16.283933438192655,
        337.3876012899568,
        2802.0766497941313,
        -2.7533227089321457,
        5.81558378337515,
        2483.2193277837678,
        540.0132350435997,
        -12.256678575369042,
        17.057444441411562
    ],
    "best_fitness": [
        -0.5151928948872172
    ],
    "mutate_eta": 5,
    "mutate_prob": 0.5,
    "crossover_eta": 1,
    "crossover_prob": 0.2,
    "error_message": null,
    "timestamp": "2024-06-20T19:29:08.221999"
}