{
    "algorithm_desc": "pygad_algorithm",
    "config_name": "two_way_overtaking",
    "random_seed": 1,
    "evaluation_time": 19.186043,
    "number_of_generations": 1000,
    "population_size": 10,
    "num_parents_mating": 8,
    "best_solution": [
        2429.2237634335715,
        1730.2575129633856,
        0.33911385164358876,
        13.069217172298401,
        3052.260492218971,
        3238.64687890345,
        0.720532078101467,
        1.6405102950486565,
        2140.444177559866,
        340.6554166485417,
        1.5032555761314086,
        17.77578938638233
    ],
    "best_fitness": [
        -0.29228456770471706
    ],
    "mutate_eta": 1,
    "mutate_prob": 0.5,
    "crossover_eta": 1,
    "crossover_prob": 0.2,
    "error_message": null,
    "timestamp": "2024-06-21T23:59:34.205105"
}