{
    "algorithm_desc": "pygad_algorithm",
    "config_name": "two_way_overtaking",
    "random_seed": 1,
    "evaluation_time": 13.905028,
    "number_of_generations": 400,
    "population_size": 20,
    "num_parents_mating": 2,
    "best_solution": [
        1803.760253374279,
        2199.8877636914813,
        -5.057711998987891,
        0.0,
        6.454214924714485,
        2199.8877636914813,
        -1.3286062250168804,
        0.0,
        3496.812529178429,
        2222.0997703017388,
        -19.708753686952377,
        0.7665424800370495
    ],
    "best_fitness": [
        -0.032677698907834736
    ],
    "mutate_eta": 10,
    "mutate_prob": 0.2,
    "crossover_eta": 15,
    "crossover_prob": 0.2,
    "error_message": null,
    "timestamp": "2024-06-23T11:30:03.780816"
}