{
    "algorithm_desc": "pygad_algorithm",
    "config_name": "two_way_overtaking",
    "random_seed": 1,
    "evaluation_time": 39.852249,
    "number_of_generations": 1000,
    "population_size": 20,
    "num_parents_mating": 4,
    "best_solution": [
        1555.44884858405,
        2025.863031948514,
        -11.02705826685709,
        5.6757138542284125,
        111.5436022080064,
        3024.3430160072985,
        -2.8657016018339583,
        1.1794353814578216,
        3323.4772987831534,
        1212.3528220551195,
        -17.378485268189173,
        19.035944862066444
    ],
    "best_fitness": [
        -0.2648423562332216
    ],
    "mutate_eta": 20,
    "mutate_prob": 0.5,
    "crossover_eta": 10,
    "crossover_prob": 1,
    "error_message": null,
    "timestamp": "2024-06-21T00:53:19.441820"
}