{
    "algorithm_desc": "pygad_algorithm",
    "config_name": "two_way_overtaking",
    "random_seed": 1,
    "evaluation_time": 22.351526,
    "number_of_generations": 50,
    "population_size": 200,
    "num_parents_mating": 8,
    "best_solution": [
        1845.46365823508,
        2350.990211192659,
        8.002043122331422,
        9.169592743849826,
        2970.235493686239,
        3048.3363472336264,
        7.357379891904614,
        4.932384120747599,
        248.74960228915782,
        1097.6577186408078,
        20.002738076322245,
        5.423032014534847
    ],
    "best_fitness": [
        -0.6630106171618584
    ],
    "mutate_eta": 1,
    "mutate_prob": 1,
    "crossover_eta": 20,
    "crossover_prob": 0.8,
    "error_message": null,
    "timestamp": "2024-06-22T12:55:13.753055"
}