{
    "algorithm_desc": "pygad_algorithm",
    "config_name": "two_way_overtaking",
    "random_seed": 1,
    "evaluation_time": 2.098874,
    "number_of_generations": 50,
    "population_size": 20,
    "num_parents_mating": 8,
    "best_solution": [
        1987.7968373492008,
        756.0887293806246,
        9.00278225,
        1.692353753444376,
        3299.8316455372214,
        1068.5090477160165,
        5.5890185295145045,
        0.0,
        333.64578493440575,
        208.3679320669657,
        18.720443112754523,
        10.845152166030942
    ],
    "best_fitness": [
        -0.35809931200070094
    ],
    "mutate_eta": 20,
    "mutate_prob": 0.2,
    "crossover_eta": 5,
    "crossover_prob": 1,
    "error_message": null,
    "timestamp": "2024-06-22T20:13:15.262873"
}