{
    "algorithm_desc": "pygad_algorithm",
    "config_name": "two_way_overtaking",
    "random_seed": 1,
    "evaluation_time": 10.443688,
    "number_of_generations": 50,
    "population_size": 100,
    "num_parents_mating": 4,
    "best_solution": [
        1585.971815602528,
        1511.0073102009699,
        1.050816316346257,
        15.753252531942636,
        1375.7630004545247,
        3332.993581616819,
        0.009528105069147585,
        8.652929895100115,
        2157.9706402599863,
        198.19706491350053,
        -1.832286877862206,
        19.80208721569786
    ],
    "best_fitness": [
        -0.33188435348027945
    ],
    "mutate_eta": 5,
    "mutate_prob": 0.5,
    "crossover_eta": 1,
    "crossover_prob": 0.5,
    "error_message": null,
    "timestamp": "2024-06-21T20:51:46.947944"
}