{
    "algorithm_desc": "pygad_algorithm",
    "config_name": "two_way_overtaking",
    "random_seed": 1,
    "evaluation_time": 162.311309,
    "number_of_generations": 400,
    "population_size": 200,
    "num_parents_mating": 4,
    "best_solution": [
        1919.3500743699697,
        1943.9638472352433,
        -6.623272599961361,
        -14.835468146616059,
        1318.7129950201452,
        252.28978438339445,
        -3.3973429586967576,
        -9.153715648436394,
        2983.6797786374304,
        3237.692263730495,
        -8.745667529338025,
        -17.003926634730835
    ],
    "best_fitness": [
        -0.1399853598283518
    ],
    "mutate_eta": 1,
    "mutate_prob": 0.5,
    "crossover_eta": 1,
    "crossover_prob": 0.5,
    "error_message": null,
    "timestamp": "2024-06-22T05:28:30.088349"
}