{
    "algorithm_desc": "pygad_algorithm",
    "config_name": "two_way_overtaking",
    "random_seed": 1,
    "evaluation_time": 78.599382,
    "number_of_generations": 2000,
    "population_size": 20,
    "num_parents_mating": 4,
    "best_solution": [
        1758.549077120047,
        1920.997615987371,
        -11.996399791790303,
        12.940003033697351,
        611.5607915854407,
        3167.075037101513,
        -11.243297878967091,
        12.381147548221549,
        3309.1911300374777,
        349.3821359243624,
        -14.984159936112732,
        16.814240272135486
    ],
    "best_fitness": [
        -0.1671398118697138
    ],
    "mutate_eta": 20,
    "mutate_prob": 0.5,
    "crossover_eta": 20,
    "crossover_prob": 0.5,
    "error_message": null,
    "timestamp": "2024-06-21T12:29:03.265824"
}