{
    "algorithm_desc": "pygad_algorithm",
    "config_name": "two_way_overtaking",
    "random_seed": 1,
    "evaluation_time": 1.712633,
    "number_of_generations": 200,
    "population_size": 5,
    "num_parents_mating": 2,
    "best_solution": [
        824.0572176079883,
        2471.823387852061,
        17.263610520211287,
        8.482078264893424,
        2596.8758925762722,
        3142.3472214565145,
        7.735040285896272,
        1.8158191264229302,
        377.9847372658861,
        650.1834543064205,
        18.281033161926565,
        19.284216088440196
    ],
    "best_fitness": [
        -0.3343481122792578
    ],
    "mutate_eta": 1,
    "mutate_prob": 0.2,
    "crossover_eta": 10,
    "crossover_prob": 0.2,
    "error_message": null,
    "timestamp": "2024-06-22T10:02:37.646532"
}