{
    "algorithm_desc": "pygad_algorithm",
    "config_name": "two_way_overtaking",
    "random_seed": 1,
    "evaluation_time": 16.259176,
    "number_of_generations": 400,
    "population_size": 20,
    "num_parents_mating": 10,
    "best_solution": [
        1694.9031976452995,
        1650.3336425837965,
        11.556972453921027,
        -12.396979353888073,
        3367.839823525608,
        522.8618554470575,
        10.550378005856814,
        -11.6912587818749,
        698.7533364529014,
        2597.062687434588,
        19.265547091245672,
        -6.493320866076452
    ],
    "best_fitness": [
        -0.5839013047080553
    ],
    "mutate_eta": 1,
    "mutate_prob": 0.5,
    "crossover_eta": 10,
    "crossover_prob": 0.2,
    "error_message": null,
    "timestamp": "2024-06-22T16:09:14.558163"
}