{
    "algorithm_desc": "pygad_algorithm",
    "config_name": "two_way_overtaking",
    "random_seed": 1,
    "evaluation_time": 814.601311,
    "number_of_generations": 2000,
    "population_size": 200,
    "num_parents_mating": 4,
    "best_solution": [
        1717.6004812251401,
        2114.6077806256985,
        -12.441911469905628,
        11.538343931956504,
        436.3300837851364,
        3408.527325793527,
        -3.165111846011179,
        3.141615363249077,
        3126.7627784483034,
        754.1226092205908,
        -18.6476790503909,
        16.32939719139575
    ],
    "best_fitness": [
        -0.036589682291666835
    ],
    "mutate_eta": 1,
    "mutate_prob": 0.5,
    "crossover_eta": 1,
    "crossover_prob": 0.8,
    "error_message": null,
    "timestamp": "2024-06-21T04:32:46.826227"
}