{
    "algorithm_desc": "pygad_algorithm",
    "config_name": "two_way_overtaking",
    "random_seed": 1,
    "evaluation_time": 19.876934,
    "number_of_generations": 1000,
    "population_size": 10,
    "num_parents_mating": 4,
    "best_solution": [
        2563.665805545964,
        908.9427684430696,
        17.760645609698138,
        -11.86603368468349,
        3485.7230675374694,
        498.48990460421476,
        6.940195920460464,
        -3.8078339994331323,
        713.6813274480755,
        2141.478679867074,
        19.456854721638813,
        -18.378414799956516
    ],
    "best_fitness": [
        -0.52533019027128
    ],
    "mutate_eta": 10,
    "mutate_prob": 0.8,
    "crossover_eta": 10,
    "crossover_prob": 0.5,
    "error_message": null,
    "timestamp": "2024-06-21T17:04:08.343018"
}