{
    "algorithm_desc": "pygad_algorithm",
    "config_name": "two_way_overtaking",
    "random_seed": 1,
    "evaluation_time": 10.318259,
    "number_of_generations": 100,
    "population_size": 50,
    "num_parents_mating": 2,
    "best_solution": [
        2637.838140292175,
        1556.1671668699726,
        4.022131193714877,
        6.9326096086985665,
        3148.6218617934283,
        3392.158515115528,
        -4.2040461493159,
        7.517893509167639,
        2524.926055890543,
        89.28780414495886,
        4.875481980359883,
        18.115742117994678
    ],
    "best_fitness": [
        -0.7814434743195229
    ],
    "mutate_eta": 20,
    "mutate_prob": 0.8,
    "crossover_eta": 15,
    "crossover_prob": 0.2,
    "error_message": null,
    "timestamp": "2024-06-22T22:44:30.490916"
}