{
    "algorithm_desc": "pygad_algorithm",
    "config_name": "two_way_overtaking",
    "random_seed": 1,
    "evaluation_time": 280.358169,
    "number_of_generations": 1000,
    "population_size": 150,
    "num_parents_mating": 8,
    "best_solution": [
        1667.0571681557126,
        1753.213616733734,
        -0.008664223605290289,
        -9.095236782398752,
        1666.2007355938815,
        0.5800492408091218,
        -0.00253823821431709,
        -6.004389098626277,
        1665.121774912339,
        3499.250457597443,
        -0.25894427172343626,
        -13.52485847029495
    ],
    "best_fitness": [
        -0.026297553322091296
    ],
    "mutate_eta": 1,
    "mutate_prob": 0.2,
    "crossover_eta": 1,
    "crossover_prob": 1,
    "error_message": null,
    "timestamp": "2024-06-20T17:42:31.656573"
}