{
    "algorithm_desc": "pygad_algorithm",
    "config_name": "two_way_overtaking",
    "random_seed": 1,
    "evaluation_time": 126.997715,
    "number_of_generations": 400,
    "population_size": 150,
    "num_parents_mating": 2,
    "best_solution": [
        2065.6722615007634,
        1423.751017974743,
        5.489125544659885,
        14.237834182458684,
        2552.2622529314676,
        3093.124418933177,
        2.8595155101592873,
        3.9062730364869473,
        108.67444979382473,
        241.18000651305942,
        9.83711250924761,
        15.779458877919481
    ],
    "best_fitness": [
        -0.41430284012037677
    ],
    "mutate_eta": 15,
    "mutate_prob": 0.8,
    "crossover_eta": 5,
    "crossover_prob": 0.8,
    "error_message": null,
    "timestamp": "2024-06-22T12:42:38.035617"
}