{
    "algorithm_desc": "pygad_algorithm",
    "config_name": "two_way_overtaking",
    "random_seed": 1,
    "evaluation_time": 8.313909,
    "number_of_generations": 1000,
    "population_size": 5,
    "num_parents_mating": 2,
    "best_solution": [
        1397.2741254202626,
        1785.847487460253,
        -7.812429707879025,
        -11.840525954842038,
        381.36235758682545,
        266.3104445490181,
        -3.7694297790640476,
        -5.730096445273283,
        2456.45534853,
        3358.3984365528904,
        -12.706333193231423,
        -20.56757690273755
    ],
    "best_fitness": [
        -0.01127326092143592
    ],
    "mutate_eta": 1,
    "mutate_prob": 0.2,
    "crossover_eta": 1,
    "crossover_prob": 0.8,
    "error_message": null,
    "timestamp": "2024-06-23T01:50:17.002611"
}