{
    "algorithm_desc": "pygad_algorithm",
    "config_name": "two_way_overtaking",
    "random_seed": 1,
    "evaluation_time": 3.686221,
    "number_of_generations": 200,
    "population_size": 10,
    "num_parents_mating": 2,
    "best_solution": [
        1624.9022076548085,
        1577.5441954324426,
        9.00278225,
        -7.822799499846621,
        3147.1429164674632,
        463.514086658976,
        6.699970514628816,
        -6.3426458302097934,
        281.0913180408673,
        2778.8966295787995,
        18.499968568864503,
        -17.446736973860794
    ],
    "best_fitness": [
        -0.038307148474175295
    ],
    "mutate_eta": 5,
    "mutate_prob": 0.2,
    "crossover_eta": 15,
    "crossover_prob": 1,
    "error_message": null,
    "timestamp": "2024-06-22T03:18:06.991432"
}