{
    "algorithm_desc": "pygad_algorithm",
    "config_name": "two_way_overtaking",
    "random_seed": 1,
    "evaluation_time": 85.343931,
    "number_of_generations": 400,
    "population_size": 100,
    "num_parents_mating": 4,
    "best_solution": [
        1329.1444937427748,
        1990.2890059701178,
        -6.697106329939018,
        -17.759657438881177,
        476.3853364716005,
        317.9876588311598,
        -2.758204058263683,
        -4.6558929087088465,
        2935.5494597987017,
        2295.411562555981,
        -18.95634743518234,
        -11.126496755199925
    ],
    "best_fitness": [
        -0.5220784627892693
    ],
    "mutate_eta": 15,
    "mutate_prob": 0.8,
    "crossover_eta": 1,
    "crossover_prob": 0.8,
    "error_message": null,
    "timestamp": "2024-06-23T15:42:15.548744"
}