{
    "algorithm_desc": "pygad_algorithm",
    "config_name": "two_way_overtaking",
    "random_seed": 1,
    "evaluation_time": 1.151323,
    "number_of_generations": 50,
    "population_size": 10,
    "num_parents_mating": 10,
    "best_solution": [
        1236.192144224276,
        1645.2937234689648,
        13.295568969957237,
        2.578157307562744,
        3177.4349030381577,
        584.8676778787816,
        10.939867420011772,
        -9.756014189956835,
        1354.4065368641648,
        623.7829808557844,
        15.142257326920891,
        14.19340548933581
    ],
    "best_fitness": [
        -1.3268442974957313
    ],
    "mutate_eta": 5,
    "mutate_prob": 1,
    "crossover_eta": 15,
    "crossover_prob": 1,
    "error_message": null,
    "timestamp": "2024-06-21T14:40:55.055969"
}