{
    "algorithm_desc": "pygad_algorithm",
    "config_name": "two_way_overtaking",
    "random_seed": 1,
    "evaluation_time": 361.235564,
    "number_of_generations": 1000,
    "population_size": 200,
    "num_parents_mating": 2,
    "best_solution": [
        3247.7746890502667,
        1799.7086569038086,
        0.0,
        11.230560354641618,
        3247.4930684966457,
        3499.93994028796,
        0.0,
        11.072788770273469,
        3233.948220830925,
        0.7474774005979401,
        -0.023521762301314197,
        11.721246650575878
    ],
    "best_fitness": [
        -0.02760502799863876
    ],
    "mutate_eta": 1,
    "mutate_prob": 0.2,
    "crossover_eta": 15,
    "crossover_prob": 0.5,
    "error_message": null,
    "timestamp": "2024-06-23T08:01:29.684479"
}