{
    "algorithm_desc": "pygad_algorithm",
    "config_name": "two_way_overtaking",
    "random_seed": 1,
    "evaluation_time": 95.816035,
    "number_of_generations": 1000,
    "population_size": 50,
    "num_parents_mating": 8,
    "best_solution": [
        2399.401398172331,
        1691.5010729203252,
        0.17683999024665553,
        -10.503831193168116,
        2399.8455578469666,
        1.9988718123095661,
        0.0,
        -3.850288005943195,
        2368.3271256778294,
        3491.310525618876,
        0.4482764406947837,
        -14.21908505996611
    ],
    "best_fitness": [
        -0.028370732996016668
    ],
    "mutate_eta": 10,
    "mutate_prob": 0.2,
    "crossover_eta": 10,
    "crossover_prob": 1,
    "error_message": null,
    "timestamp": "2024-06-22T20:37:56.878802"
}