{
    "algorithm_desc": "pygad_algorithm",
    "config_name": "two_way_overtaking",
    "random_seed": 1,
    "evaluation_time": 8.201492,
    "number_of_generations": 400,
    "population_size": 10,
    "num_parents_mating": 2,
    "best_solution": [
        1745.6905013719872,
        1766.0721869334643,
        19.93329001145461,
        -2.268071817289403,
        3292.187884442386,
        829.2032361481644,
        16.565623559104132,
        2.272908520170528,
        1122.6521398398747,
        3333.8812694679814,
        4.713655746562399,
        -15.273591254994738
    ],
    "best_fitness": [
        -0.897217434834005
    ],
    "mutate_eta": 1,
    "mutate_prob": 1,
    "crossover_eta": 5,
    "crossover_prob": 0.8,
    "error_message": null,
    "timestamp": "2024-06-22T06:36:01.869583"
}