{
    "algorithm_desc": "pygad_algorithm",
    "config_name": "two_way_overtaking",
    "random_seed": 1,
    "evaluation_time": 27.887581,
    "number_of_generations": 100,
    "population_size": 150,
    "num_parents_mating": 2,
    "best_solution": [
        2199.8877636914813,
        1715.3438346104488,
        0.0,
        3.3479280031454586,
        2199.8877636914813,
        3470.107232781165,
        0.0,
        2.671060533495801,
        2214.91649016348,
        9.265724683156728,
        -1.1584214111887903,
        20.479972710498195
    ],
    "best_fitness": [
        -0.03755545884744399
    ],
    "mutate_eta": 20,
    "mutate_prob": 0.2,
    "crossover_eta": 20,
    "crossover_prob": 1,
    "error_message": null,
    "timestamp": "2024-06-21T19:32:56.025642"
}