{
    "algorithm_desc": "pygad_algorithm",
    "config_name": "two_way_overtaking",
    "random_seed": 1,
    "evaluation_time": 818.315481,
    "number_of_generations": 2000,
    "population_size": 200,
    "num_parents_mating": 4,
    "best_solution": [
        1515.5908537354699,
        1675.2425635856553,
        5.422677467550827,
        8.416218228129694,
        2499.3221430422623,
        3289.0965756725113,
        3.5570582095882983,
        6.006204685807035,
        527.3027265224194,
        75.27363492851141,
        13.249969316498252,
        19.865290289706195
    ],
    "best_fitness": [
        -0.0238816027587261
    ],
    "mutate_eta": 10,
    "mutate_prob": 0.5,
    "crossover_eta": 10,
    "crossover_prob": 1,
    "error_message": null,
    "timestamp": "2024-06-21T14:45:10.762594"
}