{
    "algorithm_desc": "pygad_algorithm",
    "config_name": "two_way_overtaking",
    "random_seed": 1,
    "evaluation_time": 82.524132,
    "number_of_generations": 400,
    "population_size": 100,
    "num_parents_mating": 4,
    "best_solution": [
        2773.43286720056,
        977.3970820173695,
        9.610890105097905,
        -6.0973982781461,
        3403.8400483795685,
        949.6277924467146,
        6.235649749900567,
        -5.526244795517725,
        828.6308588520989,
        1503.4915736279186,
        19.394670365077594,
        -10.864307400991867
    ],
    "best_fitness": [
        -0.6417029688232663
    ],
    "mutate_eta": 5,
    "mutate_prob": 0.8,
    "crossover_eta": 5,
    "crossover_prob": 0.2,
    "error_message": null,
    "timestamp": "2024-06-21T23:20:52.977438"
}