{
    "algorithm_desc": "pygad_algorithm",
    "config_name": "two_way_overtaking",
    "random_seed": 1,
    "evaluation_time": 79.041365,
    "number_of_generations": 400,
    "population_size": 100,
    "num_parents_mating": 2,
    "best_solution": [
        2767.2591860930934,
        1949.1676481584675,
        0.0,
        -9.52327503927285,
        2610.946370008293,
        162.08308666835512,
        0.39564066078109406,
        -7.085420726702351,
        2158.8439807623035,
        3498.2153686477222,
        4.080673618980224,
        -18.30087041411489
    ],
    "best_fitness": [
        -0.17091832895394093
    ],
    "mutate_eta": 15,
    "mutate_prob": 0.5,
    "crossover_eta": 20,
    "crossover_prob": 0.2,
    "error_message": null,
    "timestamp": "2024-06-20T23:07:21.930534"
}