{
    "algorithm_desc": "pygad_algorithm",
    "config_name": "two_way_overtaking",
    "random_seed": 1,
    "evaluation_time": 413.708218,
    "number_of_generations": 2000,
    "population_size": 100,
    "num_parents_mating": 2,
    "best_solution": [
        1372.2880231236843,
        1968.524404671958,
        16.58033707918306,
        14.237834182458684,
        2552.2622529314676,
        2850.8988620553646,
        7.608369206178182,
        4.00307018386151,
        382.18930407215475,
        1273.9402939136298,
        18.75004422895401,
        15.779458877919481
    ],
    "best_fitness": [
        -0.3588155071993312
    ],
    "mutate_eta": 10,
    "mutate_prob": 0.8,
    "crossover_eta": 10,
    "crossover_prob": 0.5,
    "error_message": null,
    "timestamp": "2024-06-23T05:28:04.031393"
}