{
    "algorithm_desc": "pygad_algorithm",
    "config_name": "two_way_overtaking",
    "random_seed": 1,
    "evaluation_time": 95.63305,
    "number_of_generations": 1000,
    "population_size": 50,
    "num_parents_mating": 8,
    "best_solution": [
        2056.383168149126,
        1752.3307983670225,
        1.5679845361116804,
        -15.450327972619863,
        2114.4947406364095,
        1.9988718123095661,
        0.0,
        -0.09248047321692354,
        1873.7832337946543,
        3493.0227480942463,
        2.0354162629875887,
        -18.22699230235472
    ],
    "best_fitness": [
        -0.03803294818553859
    ],
    "mutate_eta": 20,
    "mutate_prob": 0.2,
    "crossover_eta": 10,
    "crossover_prob": 0.8,
    "error_message": null,
    "timestamp": "2024-06-20T23:03:08.271465"
}