{
    "algorithm_desc": "pygad_algorithm",
    "config_name": "two_way_overtaking",
    "random_seed": 1,
    "evaluation_time": 142.819734,
    "number_of_generations": 400,
    "population_size": 200,
    "num_parents_mating": 4,
    "best_solution": [
        2658.998028922256,
        1787.158944086444,
        3.245451695812889,
        6.981209040066744,
        3466.13443599554,
        3446.305530844887,
        2.1403569157436095,
        4.402136434456274,
        1875.4023048110105,
        106.16881692800794,
        8.387096530811856,
        19.73125042004014
    ],
    "best_fitness": [
        -0.0005684865837497266
    ],
    "mutate_eta": 15,
    "mutate_prob": 0.2,
    "crossover_eta": 20,
    "crossover_prob": 0.2,
    "error_message": null,
    "timestamp": "2024-06-22T03:10:45.876059"
}