{
    "algorithm_desc": "pygad_algorithm",
    "config_name": "two_way_overtaking",
    "random_seed": 1,
    "evaluation_time": 270.976127,
    "number_of_generations": 1000,
    "population_size": 150,
    "num_parents_mating": 2,
    "best_solution": [
        2202.6454542129177,
        1798.0514565473911,
        0.0,
        2.5499719051184115,
        2203.017495958954,
        3498.654300780546,
        0.0,
        2.502186893432537,
        2209.476746062044,
        3.0643056740304875,
        -1.0440553024435708,
        20.069047794612878
    ],
    "best_fitness": [
        -0.027582563573277236
    ],
    "mutate_eta": 10,
    "mutate_prob": 0.2,
    "crossover_eta": 10,
    "crossover_prob": 0.5,
    "error_message": null,
    "timestamp": "2024-06-21T15:37:31.863347"
}