{
    "algorithm_desc": "pygad_algorithm",
    "config_name": "two_way_overtaking",
    "random_seed": 1,
    "evaluation_time": 9.725552,
    "number_of_generations": 100,
    "population_size": 50,
    "num_parents_mating": 10,
    "best_solution": [
        1724.911987139549,
        1605.7830158768659,
        8.57953851172065,
        9.076895251864816,
        3102.744416890897,
        2962.7572249956843,
        4.206002159080686,
        4.649238254734971,
        764.701155574855,
        214.40233561859634,
        14.25391577363635,
        18.846287194322713
    ],
    "best_fitness": [
        -0.09332572882238273
    ],
    "mutate_eta": 20,
    "mutate_prob": 0.2,
    "crossover_eta": 1,
    "crossover_prob": 1,
    "error_message": null,
    "timestamp": "2024-06-21T09:55:16.087601"
}