{
    "algorithm_desc": "pygad_algorithm",
    "config_name": "two_way_overtaking",
    "random_seed": 1,
    "evaluation_time": 8.497045,
    "number_of_generations": 200,
    "population_size": 20,
    "num_parents_mating": 4,
    "best_solution": [
        1186.535641686696,
        1781.003576379226,
        -0.8984554206945852,
        20.02315556241747,
        539.0661944292227,
        3439.8389628959276,
        -1.6590272403015547,
        14.874435607155334,
        1571.3915119807536,
        70.85030886716414,
        -1.3486587520517013,
        20.185240371011936
    ],
    "best_fitness": [
        -0.49460960024400125
    ],
    "mutate_eta": 5,
    "mutate_prob": 0.8,
    "crossover_eta": 10,
    "crossover_prob": 1,
    "error_message": null,
    "timestamp": "2024-06-23T04:40:55.491084"
}