{
    "algorithm_desc": "pygad_algorithm",
    "config_name": "two_way_overtaking",
    "random_seed": 1,
    "evaluation_time": 42.147007,
    "number_of_generations": 100,
    "population_size": 200,
    "num_parents_mating": 10,
    "best_solution": [
        1851.6352458181575,
        1457.147290551649,
        12.87747398932622,
        15.201470335713083,
        2576.499281986401,
        2663.5472440203594,
        4.619221499916325,
        8.610419706839576,
        30.50795816495405,
        229.52037614892168,
        16.361573064166947,
        18.02980811614937
    ],
    "best_fitness": [
        -0.34228559971524264
    ],
    "mutate_eta": 5,
    "mutate_prob": 0.5,
    "crossover_eta": 5,
    "crossover_prob": 1,
    "error_message": null,
    "timestamp": "2024-06-22T16:08:25.971085"
}