{
    "algorithm_desc": "pygad_algorithm",
    "config_name": "two_way_overtaking",
    "random_seed": 1,
    "evaluation_time": 1.060244,
    "number_of_generations": 50,
    "population_size": 10,
    "num_parents_mating": 10,
    "best_solution": [
        1467.281050607722,
        711.8329148841788,
        4.231368283139528,
        -14.849750687252133,
        3331.2149256184807,
        163.33940406953158,
        -5.051741069029347,
        -9.667045841338412,
        1005.1660341517884,
        1798.7510836939086,
        1.4511889859856524,
        -18.4824595308296
    ],
    "best_fitness": [
        -1.0068033184862868
    ],
    "mutate_eta": 10,
    "mutate_prob": 0.2,
    "crossover_eta": 20,
    "crossover_prob": 0.8,
    "error_message": null,
    "timestamp": "2024-06-21T18:51:32.451762"
}