{
    "algorithm_desc": "pygad_algorithm",
    "config_name": "two_way_overtaking",
    "random_seed": 1,
    "evaluation_time": 15.868814,
    "number_of_generations": 50,
    "population_size": 150,
    "num_parents_mating": 2,
    "best_solution": [
        2610.524541176493,
        2896.387212368571,
        9.982405584901983,
        -1.9963001479713895,
        3135.655467441807,
        1978.6706499617878,
        5.602018041137011,
        -2.832170967197797,
        1145.7564239628487,
        2331.802755733597,
        17.194701669708856,
        0.8926745364374007
    ],
    "best_fitness": [
        -0.874439212362113
    ],
    "mutate_eta": 10,
    "mutate_prob": 0.8,
    "crossover_eta": 5,
    "crossover_prob": 0.5,
    "error_message": null,
    "timestamp": "2024-06-21T20:11:22.939842"
}