{
    "algorithm_desc": "pygad_algorithm",
    "config_name": "two_way_overtaking",
    "random_seed": 1,
    "evaluation_time": 2.009809,
    "number_of_generations": 200,
    "population_size": 5,
    "num_parents_mating": 4,
    "best_solution": [
        1773.2880233082478,
        2400.394358894289,
        -13.811828435836546,
        3.6181541065830523,
        214.70648942056297,
        2190.827392829686,
        7.481639230306953,
        20.156840153136926,
        3307.245595432419,
        1655.6666012430874,
        -18.934490570597386,
        5.319137715172527
    ],
    "best_fitness": [
        -0.8653746693135331
    ],
    "mutate_eta": 20,
    "mutate_prob": 1,
    "crossover_eta": 1,
    "crossover_prob": 0.5,
    "error_message": null,
    "timestamp": "2024-06-20T19:42:54.686690"
}