{
    "algorithm_desc": "pygad_algorithm",
    "config_name": "two_way_overtaking",
    "random_seed": 1,
    "evaluation_time": 20.468291,
    "number_of_generations": 100,
    "population_size": 100,
    "num_parents_mating": 10,
    "best_solution": [
        789.476379530624,
        1704.322578875381,
        5.701775523087452,
        -13.729257944986351,
        2008.9382172557775,
        599.860641490788,
        2.321341331932061,
        -2.4384362366826515,
        2082.81199744739,
        3118.2486329397757,
        -0.7582688410556031,
        -19.4815926201709
    ],
    "best_fitness": [
        -0.5025957735600932
    ],
    "mutate_eta": 10,
    "mutate_prob": 0.5,
    "crossover_eta": 1,
    "crossover_prob": 1,
    "error_message": null,
    "timestamp": "2024-06-21T10:54:23.988347"
}