{
    "algorithm_desc": "pygad_algorithm",
    "config_name": "two_way_overtaking",
    "random_seed": 1,
    "evaluation_time": 81.52898,
    "number_of_generations": 2000,
    "population_size": 20,
    "num_parents_mating": 8,
    "best_solution": [
        1633.3025109619202,
        1671.1781387054998,
        6.256227303581518,
        2.530507939389402,
        3124.84857536532,
        3007.501422753855,
        1.1021718768447961,
        4.00307018386151,
        78.19011536933823,
        965.7251260524428,
        19.752290871493962,
        13.944347064309852
    ],
    "best_fitness": [
        -0.5151482019454143
    ],
    "mutate_eta": 15,
    "mutate_prob": 0.8,
    "crossover_eta": 15,
    "crossover_prob": 0.2,
    "error_message": null,
    "timestamp": "2024-06-20T22:46:06.145867"
}