{
    "algorithm_desc": "pygad_algorithm",
    "config_name": "two_way_overtaking",
    "random_seed": 1,
    "evaluation_time": 72.940401,
    "number_of_generations": 2000,
    "population_size": 20,
    "num_parents_mating": 8,
    "best_solution": [
        1711.1236027984496,
        1736.841817755984,
        -8.594451560894745,
        -4.4792766502581784,
        94.9119319216476,
        868.1359807450855,
        -5.164820162934426,
        -2.873341954118338,
        3380.3432420067297,
        2614.3556528476784,
        -18.851190800816756,
        -9.215491635690324
    ],
    "best_fitness": [
        -0.005017243982294538
    ],
    "mutate_eta": 20,
    "mutate_prob": 0.2,
    "crossover_eta": 15,
    "crossover_prob": 0.2,
    "error_message": null,
    "timestamp": "2024-06-22T00:42:08.886090"
}