{
    "algorithm_desc": "pygad_algorithm",
    "config_name": "two_way_overtaking",
    "random_seed": 1,
    "evaluation_time": 8.12027,
    "number_of_generations": 200,
    "population_size": 20,
    "num_parents_mating": 8,
    "best_solution": [
        808.9030894896812,
        1792.2792025541407,
        10.804977512731401,
        -2.1446276857866486,
        2608.196779401093,
        1148.633181824119,
        8.031595631457378,
        -0.777245630545476,
        1036.4547322356655,
        3358.507658680082,
        11.710582052448231,
        -19.876971065258374
    ],
    "best_fitness": [
        -0.5901967084615335
    ],
    "mutate_eta": 1,
    "mutate_prob": 0.5,
    "crossover_eta": 10,
    "crossover_prob": 0.2,
    "error_message": null,
    "timestamp": "2024-06-22T09:01:16.387838"
}