{
    "algorithm_desc": "pygad_algorithm",
    "config_name": "two_way_overtaking",
    "random_seed": 1,
    "evaluation_time": 146.436617,
    "number_of_generations": 400,
    "population_size": 200,
    "num_parents_mating": 10,
    "best_solution": [
        1193.1698303058013,
        1743.9461355392846,
        -7.880934704544877,
        13.651971293098832,
        331.10730999449436,
        3372.874113664247,
        -2.36374614324534,
        4.469365388212001,
        2114.5706296549365,
        149.55971737217988,
        -12.19485401607365,
        20.256775890972143
    ],
    "best_fitness": [
        -0.0002406842899162238
    ],
    "mutate_eta": 20,
    "mutate_prob": 0.2,
    "crossover_eta": 5,
    "crossover_prob": 0.2,
    "error_message": null,
    "timestamp": "2024-06-21T13:57:05.627875"
}