{
    "algorithm_desc": "pygad_algorithm",
    "config_name": "two_way_overtaking",
    "random_seed": 1,
    "evaluation_time": 19.013265,
    "number_of_generations": 50,
    "population_size": 200,
    "num_parents_mating": 10,
    "best_solution": [
        1193.1698303058013,
        1751.5898650165059,
        -7.869485578425968,
        14.25124414187691,
        331.10730999449436,
        3377.519290813767,
        -2.3544600742973607,
        4.490811033898357,
        2237.341507826596,
        134.2300416229985,
        -12.19485401607365,
        20.256775890972143
    ],
    "best_fitness": [
        -0.024723102234740228
    ],
    "mutate_eta": 15,
    "mutate_prob": 0.2,
    "crossover_eta": 15,
    "crossover_prob": 0.2,
    "error_message": null,
    "timestamp": "2024-06-23T14:17:49.478269"
}