{
    "algorithm_desc": "pygad_algorithm",
    "config_name": "two_way_overtaking",
    "random_seed": 1,
    "evaluation_time": 20.681758,
    "number_of_generations": 200,
    "population_size": 50,
    "num_parents_mating": 4,
    "best_solution": [
        1496.3159524376922,
        1713.2892295746894,
        10.347996565486486,
        -14.839142592314982,
        2583.757650936456,
        187.83306370670832,
        1.0745454473581084,
        -8.39972048746301,
        522.7682934052849,
        3263.98055971152,
        12.601978854786587,
        -18.232045633770507
    ],
    "best_fitness": [
        -0.21768556128262817
    ],
    "mutate_eta": 15,
    "mutate_prob": 0.5,
    "crossover_eta": 15,
    "crossover_prob": 0.8,
    "error_message": null,
    "timestamp": "2024-06-20T16:58:18.813739"
}