{
    "algorithm_desc": "pygad_algorithm",
    "config_name": "two_way_overtaking",
    "random_seed": 1,
    "evaluation_time": 853.532225,
    "number_of_generations": 2000,
    "population_size": 200,
    "num_parents_mating": 4,
    "best_solution": [
        1002.3076739895853,
        1684.7957076550265,
        6.47196654356345,
        9.318620027056085,
        2382.3315755071753,
        2792.6810869315927,
        3.739935659778123,
        5.19483860836996,
        129.5321153814936,
        131.99031368168772,
        4.9852392537362284,
        18.29557012801495
    ],
    "best_fitness": [
        -0.3268017295601304
    ],
    "mutate_eta": 5,
    "mutate_prob": 0.8,
    "crossover_eta": 20,
    "crossover_prob": 0.8,
    "error_message": null,
    "timestamp": "2024-06-22T23:45:16.862440"
}