{
    "algorithm_desc": "pygad_algorithm",
    "config_name": "two_way_overtaking",
    "random_seed": 1,
    "evaluation_time": 10.395846,
    "number_of_generations": 100,
    "population_size": 50,
    "num_parents_mating": 8,
    "best_solution": [
        2833.7037615142135,
        1662.5730209692301,
        5.834446717955455,
        -5.887699296167828,
        2303.8246193726386,
        87.15679470422744,
        10.49156797480315,
        4.762480697646229,
        1250.1193192747578,
        2450.590390170662,
        19.806404387879034,
        -18.997473069172315
    ],
    "best_fitness": [
        -0.8946864020038869
    ],
    "mutate_eta": 15,
    "mutate_prob": 0.8,
    "crossover_eta": 15,
    "crossover_prob": 0.2,
    "error_message": null,
    "timestamp": "2024-06-21T07:57:53.819409"
}