{
    "algorithm_desc": "pygad_algorithm",
    "config_name": "two_way_overtaking",
    "random_seed": 1,
    "evaluation_time": 16.847462,
    "number_of_generations": 2000,
    "population_size": 5,
    "num_parents_mating": 4,
    "best_solution": [
        1376.8030823753109,
        1705.8392726899385,
        5.258204047114255,
        -9.549323168789295,
        2383.3256205297903,
        47.4478337463124,
        3.8452662748073685,
        -6.288043139228781,
        491.53260843089504,
        3381.9462122418277,
        7.901428983798365,
        -14.016965375868661
    ],
    "best_fitness": [
        -0.03733629844459086
    ],
    "mutate_eta": 5,
    "mutate_prob": 0.2,
    "crossover_eta": 10,
    "crossover_prob": 0.5,
    "error_message": null,
    "timestamp": "2024-06-22T12:51:12.216125"
}