{
    "algorithm_desc": "pygad_algorithm",
    "config_name": "two_way_overtaking",
    "random_seed": 1,
    "evaluation_time": 20.339549,
    "number_of_generations": 100,
    "population_size": 100,
    "num_parents_mating": 2,
    "best_solution": [
        1994.575619031432,
        1411.6051374662889,
        9.44591740766139,
        3.9620391569516187,
        3299.8316455372214,
        2571.4487218756944,
        4.884475769303986,
        2.0845243358720005,
        247.25093376578593,
        835.2055313037029,
        20.161435694958108,
        6.718603159876963
    ],
    "best_fitness": [
        -0.18738527290897344
    ],
    "mutate_eta": 20,
    "mutate_prob": 0.5,
    "crossover_eta": 10,
    "crossover_prob": 0.8,
    "error_message": null,
    "timestamp": "2024-06-21T02:21:18.259815"
}