{
    "algorithm_desc": "pygad_algorithm",
    "config_name": "two_way_overtaking",
    "random_seed": 1,
    "evaluation_time": 4.347056,
    "number_of_generations": 100,
    "population_size": 20,
    "num_parents_mating": 8,
    "best_solution": [
        2318.244377283854,
        1778.174894279479,
        -0.013231332598177659,
        6.810344501028837,
        1823.4804938041561,
        3293.995187220781,
        3.647442054306037,
        6.213716210871688,
        1232.6427624462347,
        1179.1960848787744,
        11.251413487829755,
        17.69743930498585
    ],
    "best_fitness": [
        -1.0296381258187601
    ],
    "mutate_eta": 5,
    "mutate_prob": 0.8,
    "crossover_eta": 15,
    "crossover_prob": 0.5,
    "error_message": null,
    "timestamp": "2024-06-22T09:20:34.095326"
}