{
    "algorithm_desc": "pygad_algorithm",
    "config_name": "two_way_overtaking",
    "random_seed": 1,
    "evaluation_time": 80.380123,
    "number_of_generations": 400,
    "population_size": 100,
    "num_parents_mating": 4,
    "best_solution": [
        1183.6589362839866,
        1627.8649445413464,
        -1.9266777414655962,
        14.765409092066285,
        945.0212200789448,
        3332.993581616819,
        -0.5299406097143233,
        8.422990408084797,
        1289.862734917289,
        198.19706491350053,
        -1.832286877862206,
        19.901595136633674
    ],
    "best_fitness": [
        -0.16521058116616533
    ],
    "mutate_eta": 20,
    "mutate_prob": 0.5,
    "crossover_eta": 20,
    "crossover_prob": 0.5,
    "error_message": null,
    "timestamp": "2024-06-22T08:05:26.152111"
}