{
    "algorithm_desc": "pygad_algorithm",
    "config_name": "two_way_overtaking",
    "random_seed": 1,
    "evaluation_time": 10.397024,
    "number_of_generations": 100,
    "population_size": 50,
    "num_parents_mating": 4,
    "best_solution": [
        995.2280277694274,
        122.24979609451626,
        -13.769024979523667,
        4.750246547545988,
        254.63109941231826,
        1722.5999884215714,
        -14.217358222512617,
        2.6641324009184792,
        2317.5069668666697,
        2279.4178335077318,
        -19.014538853074576,
        -1.3297158040129915
    ],
    "best_fitness": [
        -0.9813503827116397
    ],
    "mutate_eta": 15,
    "mutate_prob": 0.8,
    "crossover_eta": 10,
    "crossover_prob": 0.2,
    "error_message": null,
    "timestamp": "2024-06-21T11:15:13.364552"
}