{
    "algorithm_desc": "pygad_algorithm",
    "config_name": "two_way_overtaking",
    "random_seed": 1,
    "evaluation_time": 17.779315,
    "number_of_generations": 1000,
    "population_size": 10,
    "num_parents_mating": 4,
    "best_solution": [
        2284.040537616988,
        1787.093996742169,
        -7.37894494022032,
        11.505268802786823,
        1303.1737609168883,
        3299.8316455372214,
        -5.303011842658115,
        8.065147860498982,
        3344.2748276443476,
        242.3589320582133,
        -12.480730101084974,
        17.97197970984432
    ],
    "best_fitness": [
        -0.012455486459876448
    ],
    "mutate_eta": 20,
    "mutate_prob": 0.2,
    "crossover_eta": 10,
    "crossover_prob": 0.5,
    "error_message": null,
    "timestamp": "2024-06-21T03:29:42.385627"
}