{
    "algorithm_desc": "pygad_algorithm",
    "config_name": "two_way_overtaking",
    "random_seed": 1,
    "evaluation_time": 308.849554,
    "number_of_generations": 1000,
    "population_size": 150,
    "num_parents_mating": 4,
    "best_solution": [
        2995.0845013151084,
        1615.1285595445622,
        7.674023631182557,
        18.59301069551769,
        3480.7172952474425,
        2680.309668913425,
        -0.5885079536909075,
        2.6930955391671603,
        2573.791710816018,
        169.09433237267086,
        7.8380091946881265,
        20.092392889379582
    ],
    "best_fitness": [
        -0.46316949108769734
    ],
    "mutate_eta": 1,
    "mutate_prob": 0.8,
    "crossover_eta": 10,
    "crossover_prob": 0.2,
    "error_message": null,
    "timestamp": "2024-06-21T18:41:05.660251"
}