{
    "algorithm_desc": "pygad_algorithm",
    "config_name": "two_way_overtaking",
    "random_seed": 1,
    "evaluation_time": 173.020807,
    "number_of_generations": 400,
    "population_size": 200,
    "num_parents_mating": 10,
    "best_solution": [
        2859.3157111925984,
        1958.5174527989902,
        -12.595541781480389,
        4.385131321229739,
        1107.6967694593088,
        2740.59151644412,
        -7.931105639867177,
        1.701560680638302,
        3429.784625834827,
        885.7190258211034,
        -14.09999151140823,
        7.8185957814732525
    ],
    "best_fitness": [
        -0.42037639600780813
    ],
    "mutate_eta": 1,
    "mutate_prob": 0.8,
    "crossover_eta": 20,
    "crossover_prob": 1,
    "error_message": null,
    "timestamp": "2024-06-23T12:19:46.977556"
}