{
    "algorithm_desc": "pygad_algorithm",
    "config_name": "two_way_overtaking",
    "random_seed": 1,
    "evaluation_time": 17.29928,
    "number_of_generations": 400,
    "population_size": 20,
    "num_parents_mating": 10,
    "best_solution": [
        2264.3800628697063,
        1125.328749002249,
        -12.463143747894675,
        -6.8341388256069315,
        995.7561169909959,
        535.9844111079592,
        -8.390327004942177,
        -5.386832302674938,
        1824.6470148471474,
        3414.0575337281302,
        -12.958571020577804,
        -9.121418092539516
    ],
    "best_fitness": [
        -0.7143384604388616
    ],
    "mutate_eta": 20,
    "mutate_prob": 1,
    "crossover_eta": 5,
    "crossover_prob": 0.8,
    "error_message": null,
    "timestamp": "2024-06-21T18:05:08.863947"
}