{
    "algorithm_desc": "pygad_algorithm",
    "config_name": "two_way_overtaking",
    "random_seed": 1,
    "evaluation_time": 18.698396,
    "number_of_generations": 1000,
    "population_size": 10,
    "num_parents_mating": 8,
    "best_solution": [
        844.0092616764389,
        1078.8681861996333,
        14.037654492866402,
        -13.639853217299844,
        2532.6498537911557,
        211.13354056579027,
        9.817863364778272,
        -11.042653390038142,
        184.47084419873727,
        2381.601700259333,
        15.731347799612344,
        -16.89891749647522
    ],
    "best_fitness": [
        -0.28532992193806
    ],
    "mutate_eta": 5,
    "mutate_prob": 0.2,
    "crossover_eta": 10,
    "crossover_prob": 1,
    "error_message": null,
    "timestamp": "2024-06-21T13:14:29.947000"
}