{
    "algorithm_desc": "pygad_algorithm",
    "config_name": "two_way_overtaking",
    "random_seed": 1,
    "evaluation_time": 2.650718,
    "number_of_generations": 1000,
    "population_size": 2,
    "num_parents_mating": 2,
    "best_solution": [
        307.7853931971116,
        3044.9166309506263,
        -4.3037709238508235,
        -16.948333494844654,
        391.35231262051377,
        1141.3532905028142,
        0.1592905814752541,
        -0.9132596889033806,
        2262.502806119831,
        3194.027445706846,
        -10.875259682582309,
        -17.102808208824126
    ],
    "best_fitness": [
        -0.45297429735404354
    ],
    "mutate_eta": 20,
    "mutate_prob": 0.2,
    "crossover_eta": 5,
    "crossover_prob": 0.8,
    "error_message": null,
    "timestamp": "2024-06-20T18:34:28.797319"
}