{
    "algorithm_desc": "pygad_algorithm",
    "config_name": "two_way_overtaking",
    "random_seed": 1,
    "evaluation_time": 20.987458,
    "number_of_generations": 200,
    "population_size": 50,
    "num_parents_mating": 2,
    "best_solution": [
        2295.9046400572843,
        1692.3660362439832,
        -3.5792249026175007,
        -12.876945031390484,
        1290.62730017842,
        1.7899999718523074,
        -0.819722533990376,
        -1.6737057161392705,
        2918.9069436156897,
        1969.241134346703,
        -11.110162966271837,
        -15.438575429097899
    ],
    "best_fitness": [
        -0.6544245535882495
    ],
    "mutate_eta": 10,
    "mutate_prob": 0.8,
    "crossover_eta": 5,
    "crossover_prob": 0.8,
    "error_message": null,
    "timestamp": "2024-06-21T05:15:13.931914"
}