{
    "algorithm_desc": "pygad_algorithm",
    "config_name": "two_way_overtaking",
    "random_seed": 1,
    "evaluation_time": 17.736634,
    "number_of_generations": 1000,
    "population_size": 10,
    "num_parents_mating": 8,
    "best_solution": [
        1605.2909179324374,
        1968.1050414445951,
        -4.618046632028728,
        -7.797414470661936,
        693.0191251444473,
        330.9419635046252,
        -0.4761695883585766,
        -0.7779279680486795,
        2520.117831372284,
        3494.1287392675,
        -11.489176077169184,
        -18.184340585583037
    ],
    "best_fitness": [
        -0.019542088886930938
    ],
    "mutate_eta": 10,
    "mutate_prob": 0.2,
    "crossover_eta": 10,
    "crossover_prob": 0.2,
    "error_message": null,
    "timestamp": "2024-06-21T01:44:12.957967"
}