{
    "algorithm_desc": "pygad_algorithm",
    "config_name": "two_way_overtaking",
    "random_seed": 1,
    "evaluation_time": 9.927744,
    "number_of_generations": 50,
    "population_size": 100,
    "num_parents_mating": 10,
    "best_solution": [
        1724.911987139549,
        2193.401631792195,
        -6.4173196999003945,
        5.398618827326995,
        263.4670305605016,
        3304.5469483895863,
        -2.352598552070468,
        1.7963143818833203,
        3107.645948929115,
        982.5021568207849,
        -13.947081419002643,
        13.291845475277619
    ],
    "best_fitness": [
        -0.019121829199009854
    ],
    "mutate_eta": 15,
    "mutate_prob": 0.2,
    "crossover_eta": 15,
    "crossover_prob": 0.8,
    "error_message": null,
    "timestamp": "2024-06-21T20:43:10.088263"
}