{
    "algorithm_desc": "pygad_algorithm",
    "config_name": "two_way_overtaking",
    "random_seed": 1,
    "evaluation_time": 830.91585,
    "number_of_generations": 2000,
    "population_size": 200,
    "num_parents_mating": 2,
    "best_solution": [
        1738.523382292263,
        1563.837454641951,
        -5.603734202032657,
        7.727888144884318,
        382.70995978117884,
        2901.6089973815992,
        -2.134116487080295,
        3.7541757687334325,
        3367.5755681587466,
        961.9225922690936,
        -11.65473928294633,
        6.025090209083068
    ],
    "best_fitness": [
        -0.3898090836868957
    ],
    "mutate_eta": 20,
    "mutate_prob": 0.8,
    "crossover_eta": 10,
    "crossover_prob": 0.5,
    "error_message": null,
    "timestamp": "2024-06-20T21:58:40.422239"
}