{
    "algorithm_desc": "pygad_algorithm",
    "config_name": "two_way_overtaking",
    "random_seed": 1,
    "evaluation_time": 76.642584,
    "number_of_generations": 400,
    "population_size": 100,
    "num_parents_mating": 10,
    "best_solution": [
        1760.4671971219689,
        2201.16564380681,
        -10.17095060887589,
        2.0893789085825993,
        14.344622482581782,
        2569.967582820372,
        -5.72950021930107,
        1.1555796003283803,
        3495.5257677800596,
        1844.9735015397853,
        -17.296901622100737,
        3.973674962243976
    ],
    "best_fitness": [
        -0.013555956476340152
    ],
    "mutate_eta": 15,
    "mutate_prob": 0.2,
    "crossover_eta": 10,
    "crossover_prob": 0.5,
    "error_message": null,
    "timestamp": "2024-06-20T16:56:52.729009"
}