{
    "algorithm_desc": "pygad_algorithm",
    "config_name": "two_way_overtaking",
    "random_seed": 1,
    "evaluation_time": 32.892257,
    "number_of_generations": 100,
    "population_size": 150,
    "num_parents_mating": 8,
    "best_solution": [
        2547.438396484607,
        960.7129683893264,
        5.399239587106578,
        12.785994434473395,
        3010.3457880763704,
        2414.7983380088376,
        5.483992762913427,
        10.893495477781048,
        1101.139644377197,
        2208.6446740296756,
        11.451187578644792,
        -4.598153283646921
    ],
    "best_fitness": [
        -0.8436985013800902
    ],
    "mutate_eta": 20,
    "mutate_prob": 1,
    "crossover_eta": 15,
    "crossover_prob": 0.8,
    "error_message": null,
    "timestamp": "2024-06-22T11:31:59.144924"
}