{
    "algorithm_desc": "pygad_algorithm",
    "config_name": "two_way_overtaking",
    "random_seed": 1,
    "evaluation_time": 20.187935,
    "number_of_generations": 1000,
    "population_size": 10,
    "num_parents_mating": 10,
    "best_solution": [
        1264.5417277900217,
        2167.3595355726416,
        15.72162952853521,
        -8.270888654992344,
        2009.6383794321498,
        166.43075347865494,
        4.022500235325975,
        -10.992265978780162,
        645.7015438878744,
        3414.3768263078614,
        13.123626203496869,
        -19.549944579404304
    ],
    "best_fitness": [
        -0.8721145550834548
    ],
    "mutate_eta": 5,
    "mutate_prob": 0.8,
    "crossover_eta": 5,
    "crossover_prob": 0.8,
    "error_message": null,
    "timestamp": "2024-06-22T13:12:04.372789"
}