{
    "algorithm_desc": "pygad_algorithm",
    "config_name": "two_way_overtaking",
    "random_seed": 1,
    "evaluation_time": 92.523009,
    "number_of_generations": 1000,
    "population_size": 50,
    "num_parents_mating": 2,
    "best_solution": [
        2473.2743532769223,
        1718.0651728218893,
        -3.5521074658619334,
        -11.207088228548177,
        1917.8979994380024,
        1.4262073358874972,
        -2.8264980511408524,
        -8.744010177514996,
        3044.375212612163,
        3493.5222282075824,
        -6.932778139783236,
        -20.036535332993775
    ],
    "best_fitness": [
        -0.0013097004740278975
    ],
    "mutate_eta": 5,
    "mutate_prob": 0.2,
    "crossover_eta": 15,
    "crossover_prob": 1,
    "error_message": null,
    "timestamp": "2024-06-21T22:11:08.404430"
}