{
    "algorithm_desc": "pygad_algorithm",
    "config_name": "two_way_overtaking",
    "random_seed": 1,
    "evaluation_time": 61.550875,
    "number_of_generations": 200,
    "population_size": 150,
    "num_parents_mating": 8,
    "best_solution": [
        1384.021963377711,
        2134.957394553292,
        5.824555683920135,
        6.632588086990111,
        2589.159929355849,
        3402.392400673002,
        2.1599403524127503,
        1.815535182989887,
        567.4687826829428,
        437.30903057682497,
        9.805133907381201,
        16.184189299964842
    ],
    "best_fitness": [
        -0.1219194683804935
    ],
    "mutate_eta": 20,
    "mutate_prob": 0.5,
    "crossover_eta": 15,
    "crossover_prob": 0.5,
    "error_message": null,
    "timestamp": "2024-06-23T00:30:27.854101"
}