{
    "algorithm_desc": "pygad_algorithm",
    "config_name": "two_way_overtaking",
    "random_seed": 1,
    "evaluation_time": 88.376503,
    "number_of_generations": 200,
    "population_size": 200,
    "num_parents_mating": 10,
    "best_solution": [
        1234.8913289396894,
        1344.540597930165,
        -5.415274034108888,
        2.421948335856655,
        112.22914794875078,
        2090.823757824169,
        -0.3656836035765245,
        4.136993969327865,
        2954.0859181377855,
        264.2636142563689,
        -15.642274288304975,
        5.432870317625692
    ],
    "best_fitness": [
        -0.6997261649526361
    ],
    "mutate_eta": 20,
    "mutate_prob": 1,
    "crossover_eta": 20,
    "crossover_prob": 0.8,
    "error_message": null,
    "timestamp": "2024-06-23T01:25:57.463085"
}