{
    "algorithm_desc": "pygad_algorithm",
    "config_name": "two_way_overtaking",
    "random_seed": 1,
    "evaluation_time": 16.739524,
    "number_of_generations": 400,
    "population_size": 20,
    "num_parents_mating": 4,
    "best_solution": [
        2511.3086648924964,
        327.61814402857743,
        -17.793713779598278,
        8.456526732195126,
        526.1455832609946,
        1145.1902115291684,
        -11.27340445004071,
        3.9720282643313816,
        3220.451844395163,
        12.766801727891409,
        -20.111038765838114,
        14.823119751366782
    ],
    "best_fitness": [
        -0.5804268239968704
    ],
    "mutate_eta": 1,
    "mutate_prob": 0.8,
    "crossover_eta": 5,
    "crossover_prob": 0.5,
    "error_message": null,
    "timestamp": "2024-06-21T19:56:51.994132"
}