{
    "algorithm_desc": "pygad_algorithm",
    "config_name": "two_way_overtaking",
    "random_seed": 1,
    "evaluation_time": 300.895882,
    "number_of_generations": 1000,
    "population_size": 150,
    "num_parents_mating": 2,
    "best_solution": [
        2343.759638865633,
        1832.3409626548657,
        6.303855940605693,
        10.087434820508516,
        3245.9409603814406,
        3407.3799526979346,
        3.3706242583106594,
        5.84180752695541,
        1209.1535870445518,
        345.0716265732609,
        9.746732286173312,
        14.069161228902033
    ],
    "best_fitness": [
        -0.03290372137716369
    ],
    "mutate_eta": 20,
    "mutate_prob": 0.5,
    "crossover_eta": 5,
    "crossover_prob": 0.8,
    "error_message": null,
    "timestamp": "2024-06-20T22:22:56.979226"
}