{
    "algorithm_desc": "pygad_algorithm",
    "config_name": "two_way_overtaking",
    "random_seed": 1,
    "evaluation_time": 71.905006,
    "number_of_generations": 200,
    "population_size": 200,
    "num_parents_mating": 4,
    "best_solution": [
        2809.421597621806,
        1787.158944086444,
        3.658385977163576,
        6.981209040066744,
        3434.8575089438104,
        3475.4999105042784,
        0.0,
        9.586688454632508e-05,
        1928.0294195161666,
        106.16881692800794,
        8.387096530811856,
        17.25388855405931
    ],
    "best_fitness": [
        -0.10774519899144122
    ],
    "mutate_eta": 20,
    "mutate_prob": 0.2,
    "crossover_eta": 15,
    "crossover_prob": 0.2,
    "error_message": null,
    "timestamp": "2024-06-23T10:42:30.889783"
}