{
    "algorithm_desc": "pygad_algorithm",
    "config_name": "two_way_overtaking",
    "random_seed": 1,
    "evaluation_time": 5.127365,
    "number_of_generations": 2000,
    "population_size": 2,
    "num_parents_mating": 2,
    "best_solution": [
        385.1622312003569,
        3044.9166309506263,
        -4.4384619220251835,
        -16.948333494844654,
        391.35231262051377,
        1141.3532905028142,
        0.1592905814752541,
        -1.7671112510977203,
        2262.502806119831,
        3339.808671262056,
        -10.59955344513926,
        -17.102808208824126
    ],
    "best_fitness": [
        -0.4151328048984075
    ],
    "mutate_eta": 5,
    "mutate_prob": 0.2,
    "crossover_eta": 20,
    "crossover_prob": 0.8,
    "error_message": null,
    "timestamp": "2024-06-21T02:48:13.007652"
}