{
    "algorithm_desc": "pygad_algorithm",
    "config_name": "two_way_overtaking",
    "random_seed": 1,
    "evaluation_time": 37.491258,
    "number_of_generations": 1000,
    "population_size": 20,
    "num_parents_mating": 8,
    "best_solution": [
        1332.5584534858378,
        1699.75438931814,
        13.674250709589465,
        -7.326105967264912,
        2953.372665591215,
        825.0478405472651,
        11.187870352110757,
        -6.018718416115947,
        88.85787280904279,
        2959.7724501545026,
        19.415485425356415,
        -13.713974715875212
    ],
    "best_fitness": [
        -0.08561707953853503
    ],
    "mutate_eta": 20,
    "mutate_prob": 0.2,
    "crossover_eta": 20,
    "crossover_prob": 0.8,
    "error_message": null,
    "timestamp": "2024-06-21T14:02:41.621140"
}