{
    "algorithm_desc": "pygad_algorithm",
    "config_name": "two_way_overtaking",
    "random_seed": 1,
    "evaluation_time": 14.610648,
    "number_of_generations": 50,
    "population_size": 150,
    "num_parents_mating": 8,
    "best_solution": [
        1667.511477531114,
        1700.6351818577432,
        -0.008664223605290289,
        -9.391576815943312,
        1665.4418049776527,
        25.07272787268716,
        0.0,
        -1.7762451166961704,
        1702.016843030182,
        3437.2538906512978,
        -0.25894427172343626,
        -12.605160318732999
    ],
    "best_fitness": [
        -0.056765311613249575
    ],
    "mutate_eta": 1,
    "mutate_prob": 0.2,
    "crossover_eta": 5,
    "crossover_prob": 1,
    "error_message": null,
    "timestamp": "2024-06-22T11:59:32.572019"
}