{
    "algorithm_desc": "pygad_algorithm",
    "config_name": "two_way_overtaking",
    "random_seed": 1,
    "evaluation_time": 37.550615,
    "number_of_generations": 400,
    "population_size": 50,
    "num_parents_mating": 4,
    "best_solution": [
        1649.915822768611,
        1721.2938654288448,
        0.11456629566220045,
        4.830316261960018,
        1649.915822768611,
        3488.928356330217,
        0.0,
        2.2089513644853938,
        1608.3531909685703,
        3.3759140931456932,
        -0.379712026144297,
        17.872403551243984
    ],
    "best_fitness": [
        -0.030016774017765747
    ],
    "mutate_eta": 15,
    "mutate_prob": 0.2,
    "crossover_eta": 1,
    "crossover_prob": 0.8,
    "error_message": null,
    "timestamp": "2024-06-22T14:38:54.644795"
}