{
    "algorithm_desc": "pygad_algorithm",
    "config_name": "two_way_overtaking",
    "random_seed": 1,
    "evaluation_time": 13.613692,
    "number_of_generations": 50,
    "population_size": 150,
    "num_parents_mating": 4,
    "best_solution": [
        1484.196490986035,
        1955.8052005858062,
        15.140704800255527,
        12.636376301394584,
        2904.514269890537,
        3133.802632001305,
        10.301981595389979,
        8.682545111757161,
        116.26037407970796,
        755.960147239063,
        18.46127066042917,
        15.251501791211105
    ],
    "best_fitness": [
        -0.008477837247882451
    ],
    "mutate_eta": 1,
    "mutate_prob": 0.2,
    "crossover_eta": 10,
    "crossover_prob": 0.2,
    "error_message": null,
    "timestamp": "2024-06-21T14:36:57.527550"
}