{
    "algorithm_desc": "pygad_algorithm",
    "config_name": "two_way_overtaking",
    "random_seed": 1,
    "evaluation_time": 7.936215,
    "number_of_generations": 400,
    "population_size": 10,
    "num_parents_mating": 10,
    "best_solution": [
        1425.0235990984993,
        673.5823264464378,
        9.260411394774117,
        14.349942255217726,
        2331.147453789429,
        2562.5475776432836,
        4.047770196714236,
        12.596189154287643,
        407.57409216578674,
        154.53854605887264,
        18.485794929141413,
        17.4341584598957
    ],
    "best_fitness": [
        -0.6049640164199811
    ],
    "mutate_eta": 15,
    "mutate_prob": 0.5,
    "crossover_eta": 20,
    "crossover_prob": 0.5,
    "error_message": null,
    "timestamp": "2024-06-22T20:49:19.281679"
}