{
    "algorithm_desc": "pygad_algorithm",
    "config_name": "two_way_overtaking",
    "random_seed": 1,
    "evaluation_time": 266.735137,
    "number_of_generations": 1000,
    "population_size": 150,
    "num_parents_mating": 2,
    "best_solution": [
        1404.1167813705842,
        1735.3889298946315,
        0.04361924159455555,
        9.836578547531957,
        1404.719123029391,
        3498.654300780546,
        0.0,
        6.082727741696445,
        1398.1211557746108,
        3.0643056740304875,
        0.49977009061129607,
        17.25388855405931
    ],
    "best_fitness": [
        -0.02687978881387172
    ],
    "mutate_eta": 15,
    "mutate_prob": 0.2,
    "crossover_eta": 20,
    "crossover_prob": 0.2,
    "error_message": null,
    "timestamp": "2024-06-21T23:25:09.224001"
}