{
    "algorithm_desc": "pygad_algorithm",
    "config_name": "two_way_overtaking",
    "random_seed": 1,
    "evaluation_time": 82.870393,
    "number_of_generations": 200,
    "population_size": 200,
    "num_parents_mating": 2,
    "best_solution": [
        1559.492296479952,
        1261.0366349201192,
        12.812457089357544,
        2.6572777145160664,
        3084.4258775104868,
        154.81305356460334,
        7.887873647763129,
        3.859070023190757,
        151.4063804099975,
        797.1637115710478,
        15.061769263763608,
        4.405377533395146
    ],
    "best_fitness": [
        -0.5537644595014872
    ],
    "mutate_eta": 15,
    "mutate_prob": 0.8,
    "crossover_eta": 5,
    "crossover_prob": 0.2,
    "error_message": null,
    "timestamp": "2024-06-21T22:34:43.028951"
}