{
    "algorithm_desc": "pygad_algorithm",
    "config_name": "two_way_overtaking",
    "random_seed": 1,
    "evaluation_time": 9.179619,
    "number_of_generations": 1000,
    "population_size": 5,
    "num_parents_mating": 4,
    "best_solution": [
        1376.569566990532,
        1936.8375136471225,
        -8.668068073126115,
        -15.643580647150383,
        28.57068126189094,
        509.2648278481179,
        -2.8086434051650286,
        -4.471221726934157,
        2721.642800525866,
        3081.1532492979086,
        -19.17435881026947,
        -19.012672743825195
    ],
    "best_fitness": [
        -0.30523305729061945
    ],
    "mutate_eta": 1,
    "mutate_prob": 0.5,
    "crossover_eta": 1,
    "crossover_prob": 0.5,
    "error_message": null,
    "timestamp": "2024-06-22T08:17:38.920830"
}