{
    "algorithm_desc": "pygad_algorithm",
    "config_name": "two_way_overtaking",
    "random_seed": 1,
    "evaluation_time": 316.47115,
    "number_of_generations": 1000,
    "population_size": 150,
    "num_parents_mating": 2,
    "best_solution": [
        1779.4594113845471,
        1702.3447420208113,
        5.489125544659885,
        9.975688867329723,
        2271.3848719400057,
        3093.124418933177,
        2.8595155101592873,
        3.9062730364869473,
        869.0092089078054,
        358.6308957745313,
        7.6267754818258915,
        11.316338720640342
    ],
    "best_fitness": [
        -0.31529325506268213
    ],
    "mutate_eta": 10,
    "mutate_prob": 0.8,
    "crossover_eta": 20,
    "crossover_prob": 0.8,
    "error_message": null,
    "timestamp": "2024-06-23T18:51:52.393916"
}