{
    "algorithm_desc": "pygad_algorithm",
    "config_name": "two_way_overtaking",
    "random_seed": 1,
    "evaluation_time": 79.96502,
    "number_of_generations": 2000,
    "population_size": 20,
    "num_parents_mating": 10,
    "best_solution": [
        1855.5936563725481,
        2145.1254221867534,
        -7.9276036232880145,
        11.488499362724944,
        338.41689542632935,
        3204.5562478029988,
        -6.14711361446656,
        8.690156166150341,
        3090.2070597067636,
        1323.4131282159399,
        -15.716045103941326,
        17.738471284898054
    ],
    "best_fitness": [
        -0.35648572667973005
    ],
    "mutate_eta": 1,
    "mutate_prob": 0.5,
    "crossover_eta": 10,
    "crossover_prob": 1,
    "error_message": null,
    "timestamp": "2024-06-21T19:57:08.855871"
}