{
    "algorithm_desc": "pygad_algorithm",
    "config_name": "two_way_overtaking",
    "random_seed": 1,
    "evaluation_time": 10.182044,
    "number_of_generations": 100,
    "population_size": 50,
    "num_parents_mating": 8,
    "best_solution": [
        1901.097387062357,
        1232.8174938052075,
        -7.469251818230285,
        1.474497304445407,
        719.6800261223802,
        1500.2243086058004,
        -5.710139527726843,
        2.1721944309834207,
        3258.750686022009,
        2944.3825733242807,
        -19.63768388752254,
        -14.584571990188621
    ],
    "best_fitness": [
        -0.6964541931194419
    ],
    "mutate_eta": 10,
    "mutate_prob": 0.5,
    "crossover_eta": 20,
    "crossover_prob": 0.2,
    "error_message": null,
    "timestamp": "2024-06-23T14:04:32.221499"
}