{
    "algorithm_desc": "pygad_algorithm",
    "config_name": "two_way_overtaking",
    "random_seed": 1,
    "evaluation_time": 4.144406,
    "number_of_generations": 100,
    "population_size": 20,
    "num_parents_mating": 10,
    "best_solution": [
        1230.8489677518257,
        2761.1526898494867,
        -15.243383216540606,
        -15.301524058676002,
        693.1397599517538,
        346.94577954211593,
        -9.5966162687156,
        -11.45525455971681,
        2298.2508692022875,
        3279.052468558027,
        -16.285206402319385,
        -16.657965926231093
    ],
    "best_fitness": [
        -0.8028656394130926
    ],
    "mutate_eta": 20,
    "mutate_prob": 0.5,
    "crossover_eta": 5,
    "crossover_prob": 0.5,
    "error_message": null,
    "timestamp": "2024-06-23T00:44:44.021913"
}