{
    "algorithm_desc": "pygad_algorithm",
    "config_name": "two_way_overtaking",
    "random_seed": 1,
    "evaluation_time": 1.880564,
    "number_of_generations": 200,
    "population_size": 5,
    "num_parents_mating": 2,
    "best_solution": [
        2123.8411301017627,
        2153.1741799111696,
        0.72817058244215,
        6.824800772974424,
        1225.5926485748046,
        2609.7909880935845,
        1.0985933934082261,
        6.68430537362601,
        2821.7831681628395,
        172.18061057672307,
        0.9635429401508127,
        14.295143614679468
    ],
    "best_fitness": [
        -0.8446946697718158
    ],
    "mutate_eta": 10,
    "mutate_prob": 0.5,
    "crossover_eta": 10,
    "crossover_prob": 0.2,
    "error_message": null,
    "timestamp": "2024-06-21T19:55:25.287615"
}