{
    "algorithm_desc": "pygad_algorithm",
    "config_name": "two_way_overtaking",
    "random_seed": 1,
    "evaluation_time": 20.463351,
    "number_of_generations": 200,
    "population_size": 50,
    "num_parents_mating": 8,
    "best_solution": [
        2583.7880970218603,
        1798.5247563194391,
        -6.571663520943693,
        15.21928571494697,
        1404.7579406848813,
        3356.7951071419907,
        -4.639920241673449,
        9.00278225,
        1558.1204421855473,
        549.9719409228703,
        -3.529700369631744,
        18.688686194852714
    ],
    "best_fitness": [
        -0.47877490738566625
    ],
    "mutate_eta": 1,
    "mutate_prob": 0.5,
    "crossover_eta": 1,
    "crossover_prob": 0.5,
    "error_message": null,
    "timestamp": "2024-06-22T02:55:10.092169"
}