{
    "algorithm_desc": "pygad_algorithm",
    "config_name": "two_way_overtaking",
    "random_seed": 1,
    "evaluation_time": 112.750509,
    "number_of_generations": 400,
    "population_size": 150,
    "num_parents_mating": 10,
    "best_solution": [
        1099.9438818457406,
        1720.5574543631744,
        0.0,
        16.154060963626378,
        1082.564018199562,
        3491.5700742439512,
        -0.13240208389563435,
        13.255990598954199,
        1099.9438818457406,
        8.05912018979138,
        0.25345734085698624,
        20.479972710498195
    ],
    "best_fitness": [
        -0.029661254857341775
    ],
    "mutate_eta": 20,
    "mutate_prob": 0.2,
    "crossover_eta": 10,
    "crossover_prob": 0.8,
    "error_message": null,
    "timestamp": "2024-06-23T06:05:51.580562"
}