{
    "algorithm_desc": "pygad_algorithm",
    "config_name": "two_way_overtaking",
    "random_seed": 1,
    "evaluation_time": 63.043266,
    "number_of_generations": 200,
    "population_size": 150,
    "num_parents_mating": 8,
    "best_solution": [
        1293.5448667475282,
        1135.429974676625,
        12.209782389573718,
        -6.94818404382756,
        3074.7147190741102,
        583.4132975463338,
        7.4887867006298485,
        -7.492990689005978,
        622.6525268516792,
        1682.7103963588672,
        19.95591286593104,
        -18.127993814921876
    ],
    "best_fitness": [
        -0.5527100636085521
    ],
    "mutate_eta": 10,
    "mutate_prob": 0.8,
    "crossover_eta": 1,
    "crossover_prob": 0.2,
    "error_message": null,
    "timestamp": "2024-06-22T16:13:08.159590"
}