{
    "algorithm_desc": "pygad_algorithm",
    "config_name": "two_way_overtaking",
    "random_seed": 1,
    "evaluation_time": 7.992154,
    "number_of_generations": 400,
    "population_size": 10,
    "num_parents_mating": 10,
    "best_solution": [
        1021.0242512014818,
        673.2515847439845,
        20.55072735358955,
        -6.99238928720575,
        2744.3884601304567,
        307.34844157102896,
        19.342346015240665,
        4.498425130136226,
        338.205390184483,
        2296.6717266077626,
        19.02625601558126,
        -17.54315960687783
    ],
    "best_fitness": [
        -0.8006157135563816
    ],
    "mutate_eta": 10,
    "mutate_prob": 0.5,
    "crossover_eta": 20,
    "crossover_prob": 0.2,
    "error_message": null,
    "timestamp": "2024-06-21T13:14:48.736101"
}