{
    "algorithm_desc": "pygad_algorithm",
    "config_name": "two_way_overtaking",
    "random_seed": 1,
    "evaluation_time": 39.510538,
    "number_of_generations": 2000,
    "population_size": 10,
    "num_parents_mating": 8,
    "best_solution": [
        2153.4709223324207,
        1686.7570555250238,
        -8.988683304756494,
        10.669833399259353,
        1307.0469192470623,
        2848.7690285755452,
        -4.0744123940925405,
        4.40264360320468,
        3304.943172992726,
        547.3607043504916,
        -14.310134697892199,
        9.669359975630684
    ],
    "best_fitness": [
        -0.43053689707464005
    ],
    "mutate_eta": 15,
    "mutate_prob": 0.5,
    "crossover_eta": 20,
    "crossover_prob": 0.5,
    "error_message": null,
    "timestamp": "2024-06-22T16:10:41.321686"
}