{
    "algorithm_desc": "pygad_algorithm",
    "config_name": "two_way_overtaking",
    "random_seed": 1,
    "evaluation_time": 127.777777,
    "number_of_generations": 400,
    "population_size": 150,
    "num_parents_mating": 10,
    "best_solution": [
        1199.7552706576973,
        816.1137928462638,
        -13.982845737199952,
        -9.797636292829782,
        542.8290624609929,
        439.19169158853566,
        -13.786346682612141,
        -9.29777016374985,
        2782.9447097493066,
        1543.2155441460081,
        -18.12306782722399,
        -10.405472956667168
    ],
    "best_fitness": [
        -0.560797657570798
    ],
    "mutate_eta": 20,
    "mutate_prob": 0.8,
    "crossover_eta": 1,
    "crossover_prob": 0.5,
    "error_message": null,
    "timestamp": "2024-06-21T00:23:14.028291"
}