{
    "algorithm_desc": "pygad_algorithm",
    "config_name": "two_way_overtaking",
    "random_seed": 1,
    "evaluation_time": 8.471453,
    "number_of_generations": 200,
    "population_size": 20,
    "num_parents_mating": 2,
    "best_solution": [
        1320.4380116959853,
        1263.0975291040875,
        -18.950172436037,
        17.16281729876266,
        260.34411269936703,
        2285.156025748251,
        -16.264467466885446,
        11.71255345008192,
        1981.6682218985968,
        3129.3346654263646,
        -18.92815040752206,
        8.29869525621256
    ],
    "best_fitness": [
        -1.0038359614273937
    ],
    "mutate_eta": 15,
    "mutate_prob": 1,
    "crossover_eta": 10,
    "crossover_prob": 0.2,
    "error_message": null,
    "timestamp": "2024-06-22T19:58:59.204339"
}