{
    "algorithm_desc": "pygad_algorithm",
    "config_name": "two_way_overtaking",
    "random_seed": 1,
    "evaluation_time": 40.558735,
    "number_of_generations": 1000,
    "population_size": 20,
    "num_parents_mating": 8,
    "best_solution": [
        1111.0516804393903,
        2695.8141251929906,
        15.607003413857193,
        0.1956921845116817,
        2893.72160967903,
        2706.684009186488,
        7.124673680694748,
        -0.2745031700481704,
        58.775299171422105,
        1552.1332014401348,
        6.820194111030396,
        16.289940451328242
    ],
    "best_fitness": [
        -0.6103276636592466
    ],
    "mutate_eta": 5,
    "mutate_prob": 0.5,
    "crossover_eta": 1,
    "crossover_prob": 0.8,
    "error_message": null,
    "timestamp": "2024-06-23T15:04:00.286399"
}