{
    "algorithm_desc": "pygad_algorithm",
    "config_name": "two_way_overtaking",
    "random_seed": 1,
    "evaluation_time": 1.108799,
    "number_of_generations": 50,
    "population_size": 10,
    "num_parents_mating": 10,
    "best_solution": [
        3473.339337609163,
        1921.497969368619,
        0.9070715170219863,
        -3.1235684525581746,
        3023.2469224306974,
        432.3220389696526,
        -1.8263484181202472,
        -2.413854870587688,
        2742.8506180862223,
        3235.1321834989785,
        15.424239077406817,
        -16.24140616222133
    ],
    "best_fitness": [
        -0.7810796633743509
    ],
    "mutate_eta": 10,
    "mutate_prob": 0.5,
    "crossover_eta": 20,
    "crossover_prob": 0.8,
    "error_message": null,
    "timestamp": "2024-06-22T07:19:02.489186"
}