{
    "algorithm_desc": "pygad_algorithm",
    "config_name": "two_way_overtaking",
    "random_seed": 1,
    "evaluation_time": 39.878215,
    "number_of_generations": 400,
    "population_size": 50,
    "num_parents_mating": 8,
    "best_solution": [
        1901.097387062357,
        1232.8174938052075,
        -6.991867071190574,
        8.955504973752284,
        719.6800261223802,
        2336.7413207359805,
        -4.641498207615852,
        2.1721944309834207,
        3258.750686022009,
        131.43258704646072,
        -14.777704068260228,
        16.636457191314392
    ],
    "best_fitness": [
        -0.3129767284017956
    ],
    "mutate_eta": 20,
    "mutate_prob": 0.5,
    "crossover_eta": 20,
    "crossover_prob": 0.2,
    "error_message": null,
    "timestamp": "2024-06-22T15:45:14.063028"
}