{
    "algorithm_desc": "pygad_algorithm",
    "config_name": "two_way_overtaking",
    "random_seed": 1,
    "evaluation_time": 41.984852,
    "number_of_generations": 200,
    "population_size": 100,
    "num_parents_mating": 10,
    "best_solution": [
        969.2916500143391,
        1762.8644267486793,
        6.271615268994051,
        -17.234326426941358,
        2754.395951624475,
        509.3388852567389,
        3.847246101499479,
        -3.5424216672132225,
        459.00831863990976,
        2830.7017089030905,
        8.874706491607974,
        -20.35898302366281
    ],
    "best_fitness": [
        -0.5261363949176376
    ],
    "mutate_eta": 5,
    "mutate_prob": 0.8,
    "crossover_eta": 5,
    "crossover_prob": 0.2,
    "error_message": null,
    "timestamp": "2024-06-20T18:33:46.571820"
}