{
    "algorithm_desc": "pygad_algorithm",
    "config_name": "two_way_overtaking",
    "random_seed": 1,
    "evaluation_time": 366.988952,
    "number_of_generations": 1000,
    "population_size": 200,
    "num_parents_mating": 2,
    "best_solution": [
        3291.4910280811987,
        1771.1633490870074,
        0.011087514388371744,
        19.309967274656877,
        3242.1611761461586,
        3499.93994028796,
        -0.2691582739731082,
        9.724468615783689,
        3269.435366473408,
        0.7474774005979401,
        -0.015835992918333375,
        19.92289291629561
    ],
    "best_fitness": [
        -0.028551288251455035
    ],
    "mutate_eta": 1,
    "mutate_prob": 0.2,
    "crossover_eta": 20,
    "crossover_prob": 0.8,
    "error_message": null,
    "timestamp": "2024-06-21T04:06:41.351628"
}