{
    "algorithm_desc": "pygad_algorithm",
    "config_name": "two_way_overtaking",
    "random_seed": 1,
    "evaluation_time": 17.91286,
    "number_of_generations": 100,
    "population_size": 100,
    "num_parents_mating": 2,
    "best_solution": [
        3299.8316455372214,
        1699.1640990018311,
        0.0,
        4.800756137194778,
        3299.8316455372214,
        3488.928356330217,
        0.0,
        2.2274376421404902,
        3308.8458030997135,
        9.265724683156728,
        0.8316553222479506,
        19.991053407465827
    ],
    "best_fitness": [
        -0.032171204092589945
    ],
    "mutate_eta": 20,
    "mutate_prob": 0.2,
    "crossover_eta": 5,
    "crossover_prob": 0.5,
    "error_message": null,
    "timestamp": "2024-06-23T00:19:13.901474"
}