{
    "algorithm_desc": "pygad_algorithm",
    "config_name": "two_way_overtaking",
    "random_seed": 1,
    "evaluation_time": 111.873719,
    "number_of_generations": 400,
    "population_size": 150,
    "num_parents_mating": 2,
    "best_solution": [
        2199.8877636914813,
        1715.3438346104488,
        0.0,
        3.3479280031454586,
        2199.8877636914813,
        3498.654300780546,
        0.0,
        0.292471631289299,
        2214.91649016348,
        8.05912018979138,
        -1.1584214111887903,
        20.479972710498195
    ],
    "best_fitness": [
        -0.03000473397020171
    ],
    "mutate_eta": 1,
    "mutate_prob": 0.2,
    "crossover_eta": 10,
    "crossover_prob": 1,
    "error_message": null,
    "timestamp": "2024-06-22T02:10:57.407321"
}