{
    "algorithm_desc": "pygad_algorithm",
    "config_name": "two_way_overtaking",
    "random_seed": 1,
    "evaluation_time": 11.209137,
    "number_of_generations": 50,
    "population_size": 100,
    "num_parents_mating": 4,
    "best_solution": [
        1816.5236665685784,
        1278.8647800017632,
        -10.450528585804184,
        4.206717980435677,
        485.71012114648596,
        1711.1958341697134,
        -7.181058318681641,
        5.397626033435511,
        3417.743449175417,
        1174.733615762861,
        -15.921782674107376,
        -6.7615984267565565
    ],
    "best_fitness": [
        -0.7683844724469103
    ],
    "mutate_eta": 1,
    "mutate_prob": 1,
    "crossover_eta": 20,
    "crossover_prob": 0.5,
    "error_message": null,
    "timestamp": "2024-06-23T12:37:58.622583"
}