{
    "algorithm_desc": "pygad_algorithm",
    "config_name": "two_way_overtaking",
    "random_seed": 1,
    "evaluation_time": 28.056636,
    "number_of_generations": 100,
    "population_size": 150,
    "num_parents_mating": 4,
    "best_solution": [
        1660.0402799491308,
        1913.7423617183329,
        10.212335323260504,
        9.00278225,
        3111.4400894113355,
        3137.696538222034,
        4.338703451083116,
        3.658249778129921,
        266.80560858897604,
        675.2592637402214,
        18.71880372122854,
        17.37904379878953
    ],
    "best_fitness": [
        -0.0016813696345207275
    ],
    "mutate_eta": 1,
    "mutate_prob": 0.2,
    "crossover_eta": 20,
    "crossover_prob": 1,
    "error_message": null,
    "timestamp": "2024-06-22T02:21:56.580175"
}