{
    "algorithm_desc": "pygad_algorithm",
    "config_name": "two_way_overtaking",
    "random_seed": 1,
    "evaluation_time": 596.639548,
    "number_of_generations": 2000,
    "population_size": 150,
    "num_parents_mating": 2,
    "best_solution": [
        1728.963091450442,
        1023.3834445722742,
        4.090260925466307,
        3.050868789809222,
        3176.4841742056055,
        2124.47320310441,
        1.7754494743088287,
        1.3561548151595133,
        134.83690228145528,
        8.387547016688647,
        20.355007693791293,
        14.71493772510263
    ],
    "best_fitness": [
        -0.02208472846703004
    ],
    "mutate_eta": 1,
    "mutate_prob": 0.5,
    "crossover_eta": 15,
    "crossover_prob": 0.5,
    "error_message": null,
    "timestamp": "2024-06-21T12:52:09.415524"
}