{
    "algorithm_desc": "pygad_algorithm",
    "config_name": "two_way_overtaking",
    "random_seed": 1,
    "evaluation_time": 0.984924,
    "number_of_generations": 100,
    "population_size": 5,
    "num_parents_mating": 4,
    "best_solution": [
        2106.4484395037725,
        1883.9102480080603,
        -8.224043304194481,
        5.382073534329422,
        352.2811164122739,
        1779.6870470036558,
        -0.753300015204438,
        20.394596667049925,
        2749.8597046143514,
        153.43141813513444,
        -12.03283429608282,
        14.15095090475014
    ],
    "best_fitness": [
        -0.88371906228973
    ],
    "mutate_eta": 15,
    "mutate_prob": 0.2,
    "crossover_eta": 20,
    "crossover_prob": 0.8,
    "error_message": null,
    "timestamp": "2024-06-23T16:23:46.743514"
}