{
    "algorithm_desc": "pygad_algorithm",
    "config_name": "two_way_overtaking",
    "random_seed": 1,
    "evaluation_time": 615.125565,
    "number_of_generations": 2000,
    "population_size": 150,
    "num_parents_mating": 10,
    "best_solution": [
        2110.4154188420116,
        1789.0845078834482,
        5.687128164516231,
        9.980804729825806,
        2777.0801243828564,
        3435.9685286578115,
        2.7501090584061814,
        4.498353334970712,
        1214.6426905200144,
        428.6478056585152,
        11.18924505260108,
        18.3368032584523
    ],
    "best_fitness": [
        -0.13409109913123615
    ],
    "mutate_eta": 1,
    "mutate_prob": 0.5,
    "crossover_eta": 15,
    "crossover_prob": 0.8,
    "error_message": null,
    "timestamp": "2024-06-22T05:59:09.657070"
}