{
    "algorithm_desc": "pygad_algorithm",
    "config_name": "two_way_overtaking",
    "random_seed": 1,
    "evaluation_time": 213.006835,
    "number_of_generations": 1000,
    "population_size": 100,
    "num_parents_mating": 8,
    "best_solution": [
        1852.7486881666816,
        2282.1682323899536,
        0.37016203381605806,
        -15.071875532878243,
        2132.433716774072,
        306.4196312562851,
        0.31038643201889826,
        -1.9962875167109821,
        2447.2820749220746,
        2760.276462565254,
        -1.8038146500833854,
        -19.523690430920393
    ],
    "best_fitness": [
        -0.6625738542591675
    ],
    "mutate_eta": 15,
    "mutate_prob": 0.8,
    "crossover_eta": 1,
    "crossover_prob": 1,
    "error_message": null,
    "timestamp": "2024-06-21T06:54:58.516291"
}