{
    "algorithm_desc": "pygad_algorithm",
    "config_name": "two_way_overtaking",
    "random_seed": 1,
    "evaluation_time": 38.303426,
    "number_of_generations": 1000,
    "population_size": 20,
    "num_parents_mating": 10,
    "best_solution": [
        1807.645842692964,
        2039.3260323069067,
        12.296891616993065,
        -5.3531235339181045,
        3433.8873682894773,
        1261.6569667650085,
        4.842416481705591,
        -2.397324049868189,
        43.98289592197202,
        2433.843139861482,
        16.745334105030985,
        -5.8269653585564996
    ],
    "best_fitness": [
        -0.06845282695009396
    ],
    "mutate_eta": 10,
    "mutate_prob": 0.2,
    "crossover_eta": 1,
    "crossover_prob": 0.8,
    "error_message": null,
    "timestamp": "2024-06-22T07:47:39.793598"
}