{
    "algorithm_desc": "pygad_algorithm",
    "config_name": "two_way_overtaking",
    "random_seed": 1,
    "evaluation_time": 20.838826,
    "number_of_generations": 100,
    "population_size": 100,
    "num_parents_mating": 10,
    "best_solution": [
        1241.6829770350728,
        2258.5353945209677,
        19.439072700566292,
        5.021604329737869,
        2554.6614235138677,
        2508.3042057178327,
        16.58738704982693,
        4.307790632031072,
        450.3933739696505,
        323.2826260686844,
        19.477407903708816,
        11.2375505526744
    ],
    "best_fitness": [
        -0.5170409264006718
    ],
    "mutate_eta": 20,
    "mutate_prob": 0.5,
    "crossover_eta": 10,
    "crossover_prob": 0.8,
    "error_message": null,
    "timestamp": "2024-06-21T18:05:37.721441"
}