{
    "algorithm_desc": "pygad_algorithm",
    "config_name": "two_way_overtaking",
    "random_seed": 1,
    "evaluation_time": 14.35583,
    "number_of_generations": 50,
    "population_size": 150,
    "num_parents_mating": 8,
    "best_solution": [
        2295.058688784695,
        1830.5197893575512,
        0.0,
        -5.90488257485775,
        2349.508305255626,
        25.07272787268716,
        0.0,
        -1.7762451166961704,
        2358.9694300173046,
        3384.5189580577508,
        -1.2306548009209237,
        -17.37558781253576
    ],
    "best_fitness": [
        -0.08097933073427417
    ],
    "mutate_eta": 15,
    "mutate_prob": 0.2,
    "crossover_eta": 1,
    "crossover_prob": 0.5,
    "error_message": null,
    "timestamp": "2024-06-22T06:09:25.099455"
}