{
    "algorithm_desc": "pygad_algorithm",
    "config_name": "two_way_overtaking",
    "random_seed": 1,
    "evaluation_time": 600.127765,
    "number_of_generations": 2000,
    "population_size": 150,
    "num_parents_mating": 2,
    "best_solution": [
        756.4796467011709,
        1722.5633937630548,
        -0.9546667657056567,
        4.43342020604463,
        357.0249090914416,
        3472.021724981699,
        -0.08229907790777702,
        0.37844834438154606,
        1154.8251337891197,
        14.819575943142427,
        -1.5369106353596393,
        7.792148971613862
    ],
    "best_fitness": [
        -0.020015714718025497
    ],
    "mutate_eta": 5,
    "mutate_prob": 0.5,
    "crossover_eta": 20,
    "crossover_prob": 0.2,
    "error_message": null,
    "timestamp": "2024-06-23T16:13:46.268479"
}