{
    "algorithm_desc": "pygad_algorithm",
    "config_name": "two_way_overtaking",
    "random_seed": 1,
    "evaluation_time": 8.136129,
    "number_of_generations": 200,
    "population_size": 20,
    "num_parents_mating": 10,
    "best_solution": [
        1694.9031976452995,
        1667.740499113171,
        11.556972453921027,
        -12.396979353888073,
        3080.9019605127314,
        522.8618554470575,
        10.550378005856814,
        -11.6912587818749,
        1604.4114210952348,
        2597.062687434588,
        19.265547091245672,
        -17.792533593281522
    ],
    "best_fitness": [
        -0.6437668058092828
    ],
    "mutate_eta": 15,
    "mutate_prob": 0.5,
    "crossover_eta": 1,
    "crossover_prob": 0.2,
    "error_message": null,
    "timestamp": "2024-06-22T05:53:14.987370"
}