{
    "algorithm_desc": "pygad_algorithm",
    "config_name": "two_way_overtaking",
    "random_seed": 1,
    "evaluation_time": 42.63573,
    "number_of_generations": 1000,
    "population_size": 20,
    "num_parents_mating": 8,
    "best_solution": [
        2132.9026991533965,
        965.2120096028646,
        9.675255130780315,
        8.222674422616109,
        3012.964633508054,
        2353.0628438685103,
        6.606792042653549,
        -0.6623902907166936,
        233.81969551014336,
        54.695530285779,
        10.640474759265533,
        10.964077874327074
    ],
    "best_fitness": [
        -0.688828068385348
    ],
    "mutate_eta": 10,
    "mutate_prob": 1,
    "crossover_eta": 20,
    "crossover_prob": 0.5,
    "error_message": null,
    "timestamp": "2024-06-23T15:48:45.057478"
}