{
    "algorithm_desc": "pygad_algorithm",
    "config_name": "two_way_overtaking",
    "random_seed": 1,
    "evaluation_time": 21.889309,
    "number_of_generations": 200,
    "population_size": 50,
    "num_parents_mating": 10,
    "best_solution": [
        2900.731338517369,
        1816.5236665685784,
        -5.539954672261189,
        -10.450528585804184,
        2107.7525662992757,
        485.71012114648596,
        -0.45628794169856235,
        -7.181058318681641,
        2209.03114360553,
        3417.743449175417,
        -6.7644055419190785,
        -15.921782674107376
    ],
    "best_fitness": [
        -0.6828413405360045
    ],
    "mutate_eta": 20,
    "mutate_prob": 1,
    "crossover_eta": 1,
    "crossover_prob": 1,
    "error_message": null,
    "timestamp": "2024-06-23T10:37:11.556338"
}