{
    "algorithm_desc": "pygad_algorithm",
    "config_name": "two_way_overtaking",
    "random_seed": 1,
    "evaluation_time": 4.642386,
    "number_of_generations": 50,
    "population_size": 50,
    "num_parents_mating": 4,
    "best_solution": [
        859.2116954439655,
        1180.4787679724043,
        0.0,
        12.090958979145299,
        776.7327840346242,
        2998.3449548236113,
        0.0,
        7.662581833399802,
        2471.7073900134433,
        375.5192979705408,
        -3.287804117362228,
        13.523366015323127
    ],
    "best_fitness": [
        -0.3092058202918497
    ],
    "mutate_eta": 10,
    "mutate_prob": 0.2,
    "crossover_eta": 10,
    "crossover_prob": 0.2,
    "error_message": null,
    "timestamp": "2024-06-22T21:27:29.783313"
}