{
    "algorithm_desc": "pygad_algorithm",
    "config_name": "two_way_overtaking",
    "random_seed": 1,
    "evaluation_time": 40.355577,
    "number_of_generations": 100,
    "population_size": 200,
    "num_parents_mating": 8,
    "best_solution": [
        1896.197481591556,
        2009.2080110565362,
        -4.199173920782471,
        7.470395390727759,
        699.8828817655282,
        3299.8316455372214,
        -3.3504637055023494,
        5.525877871978324,
        3367.31858569643,
        986.0570094985259,
        -12.73339666767331,
        15.441164588062648
    ],
    "best_fitness": [
        -0.26912048103457487
    ],
    "mutate_eta": 10,
    "mutate_prob": 0.5,
    "crossover_eta": 5,
    "crossover_prob": 0.2,
    "error_message": null,
    "timestamp": "2024-06-21T19:32:15.250561"
}