{
    "algorithm_desc": "pygad_algorithm",
    "config_name": "two_way_overtaking",
    "random_seed": 1,
    "evaluation_time": 28.089037,
    "number_of_generations": 100,
    "population_size": 150,
    "num_parents_mating": 4,
    "best_solution": [
        2878.4878098389577,
        1730.1862775538123,
        0.05923804794618803,
        6.385850850476611,
        2866.24891739648,
        3494.5016803711223,
        -0.007289360473993867,
        1.0271387191482582,
        2697.2520764279566,
        30.07226344107361,
        2.4024681030580837,
        20.147241296161603
    ],
    "best_fitness": [
        -0.05698142651605159
    ],
    "mutate_eta": 1,
    "mutate_prob": 0.2,
    "crossover_eta": 5,
    "crossover_prob": 0.5,
    "error_message": null,
    "timestamp": "2024-06-21T06:07:18.147792"
}