{
    "algorithm_desc": "pygad_algorithm",
    "config_name": "two_way_overtaking",
    "random_seed": 1,
    "evaluation_time": 204.197405,
    "number_of_generations": 1000,
    "population_size": 100,
    "num_parents_mating": 10,
    "best_solution": [
        1866.125830743087,
        1662.8409711150205,
        -13.119043087342376,
        15.554863004337037,
        346.9746810420147,
        2956.2765864288567,
        -8.193127664842494,
        5.526380796259456,
        3341.409837341033,
        65.97415993069028,
        -17.00061462169379,
        19.206429661522158
    ],
    "best_fitness": [
        -0.23040214262492614
    ],
    "mutate_eta": 5,
    "mutate_prob": 0.5,
    "crossover_eta": 10,
    "crossover_prob": 0.5,
    "error_message": null,
    "timestamp": "2024-06-22T01:55:08.418758"
}