{
    "algorithm_desc": "pygad_algorithm",
    "config_name": "two_way_overtaking",
    "random_seed": 1,
    "evaluation_time": 3.905716,
    "number_of_generations": 200,
    "population_size": 10,
    "num_parents_mating": 4,
    "best_solution": [
        1449.4750079656826,
        1900.3247126259048,
        -9.510818943085024,
        -8.644468640381563,
        369.0062516941275,
        496.1968325045718,
        -2.733545574853448,
        -7.425918995639957,
        3034.913066910525,
        3023.3375083530827,
        -13.282090048696976,
        -20.319579493461937
    ],
    "best_fitness": [
        -0.4525743269925502
    ],
    "mutate_eta": 5,
    "mutate_prob": 0.5,
    "crossover_eta": 5,
    "crossover_prob": 0.2,
    "error_message": null,
    "timestamp": "2024-06-22T21:27:21.408398"
}