{
    "algorithm_desc": "pygad_algorithm",
    "config_name": "two_way_overtaking",
    "random_seed": 1,
    "evaluation_time": 539.942531,
    "number_of_generations": 2000,
    "population_size": 150,
    "num_parents_mating": 2,
    "best_solution": [
        2202.6454542129177,
        1775.9405633707622,
        0.0,
        2.6147740969374205,
        2203.3266908082683,
        3498.860512711429,
        0.0009004318630694286,
        2.253520714537512,
        2204.4041234076503,
        3.0643056740304875,
        0.9739637439653421,
        20.163768051611186
    ],
    "best_fitness": [
        -0.0267180745266478
    ],
    "mutate_eta": 20,
    "mutate_prob": 0.2,
    "crossover_eta": 1,
    "crossover_prob": 0.5,
    "error_message": null,
    "timestamp": "2024-06-21T20:12:22.359649"
}