{
    "algorithm_desc": "pygad_algorithm",
    "config_name": "two_way_overtaking",
    "random_seed": 1,
    "evaluation_time": 8.326533,
    "number_of_generations": 200,
    "population_size": 20,
    "num_parents_mating": 4,
    "best_solution": [
        1555.44884858405,
        2025.863031948514,
        -11.02705826685709,
        15.44415831867466,
        111.5436022080064,
        3024.3430160072985,
        -2.8657016018339583,
        9.237086757755193,
        3167.4362022039854,
        1212.3528220551195,
        -17.378485268189173,
        19.035944862066444
    ],
    "best_fitness": [
        -0.3086293414884431
    ],
    "mutate_eta": 20,
    "mutate_prob": 0.5,
    "crossover_eta": 15,
    "crossover_prob": 1,
    "error_message": null,
    "timestamp": "2024-06-21T06:06:33.535668"
}