{
    "algorithm_desc": "pygad_algorithm",
    "config_name": "two_way_overtaking",
    "random_seed": 1,
    "evaluation_time": 30.441021,
    "number_of_generations": 100,
    "population_size": 150,
    "num_parents_mating": 4,
    "best_solution": [
        1704.2616786899673,
        1115.4660476151369,
        -3.9628786000771576,
        12.637355669521348,
        1375.7630004545247,
        2910.2014272521155,
        -3.876750512475425,
        9.145897908841928,
        3226.3697995295806,
        31.01161027127397,
        -11.254418890419736,
        19.05436303697241
    ],
    "best_fitness": [
        -0.25954212563699086
    ],
    "mutate_eta": 15,
    "mutate_prob": 0.5,
    "crossover_eta": 10,
    "crossover_prob": 0.5,
    "error_message": null,
    "timestamp": "2024-06-21T06:53:51.672252"
}