{
    "algorithm_desc": "pygad_algorithm",
    "config_name": "two_way_overtaking",
    "random_seed": 1,
    "evaluation_time": 14.330838,
    "number_of_generations": 400,
    "population_size": 20,
    "num_parents_mating": 2,
    "best_solution": [
        1800.7966932306035,
        2199.8877636914813,
        -5.057711998987891,
        0.0,
        6.454214924714485,
        2199.8877636914813,
        -1.3286062250168804,
        0.0,
        3496.812529178429,
        2222.0997703017388,
        -20.20216080537859,
        0.7665424800370495
    ],
    "best_fitness": [
        -0.0322618926969857
    ],
    "mutate_eta": 5,
    "mutate_prob": 0.2,
    "crossover_eta": 15,
    "crossover_prob": 0.5,
    "error_message": null,
    "timestamp": "2024-06-21T00:47:05.871760"
}