{
    "algorithm_desc": "pygad_algorithm",
    "config_name": "two_way_overtaking",
    "random_seed": 1,
    "evaluation_time": 313.126384,
    "number_of_generations": 1000,
    "population_size": 150,
    "num_parents_mating": 2,
    "best_solution": [
        2044.3532720490243,
        1517.4579047489913,
        17.272113849650317,
        -8.516279420178385,
        3331.685716517168,
        898.8165441140032,
        9.499729217839626,
        -4.2779477720116645,
        1370.6192911495664,
        3428.8170738244303,
        16.699987660954676,
        -17.69563462997195
    ],
    "best_fitness": [
        -0.42611058661936835
    ],
    "mutate_eta": 1,
    "mutate_prob": 0.8,
    "crossover_eta": 5,
    "crossover_prob": 0.5,
    "error_message": null,
    "timestamp": "2024-06-23T11:54:53.768353"
}