{
    "algorithm_desc": "pygad_algorithm",
    "config_name": "two_way_overtaking",
    "random_seed": 1,
    "evaluation_time": 182.80939,
    "number_of_generations": 2000,
    "population_size": 50,
    "num_parents_mating": 2,
    "best_solution": [
        2473.2743532769223,
        1718.0651728218893,
        -3.5521074658619334,
        -11.102649160222423,
        1917.8979994380024,
        1.4262073358874972,
        -2.8264980511408524,
        -8.744010177514996,
        3039.5286006082647,
        3485.93352635419,
        -6.932778139783236,
        -19.99341031595289
    ],
    "best_fitness": [
        -0.00026929144262064153
    ],
    "mutate_eta": 20,
    "mutate_prob": 0.2,
    "crossover_eta": 1,
    "crossover_prob": 1,
    "error_message": null,
    "timestamp": "2024-06-23T06:02:48.595344"
}