{
    "algorithm_desc": "pygad_algorithm",
    "config_name": "two_way_overtaking",
    "random_seed": 1,
    "evaluation_time": 2.25177,
    "number_of_generations": 50,
    "population_size": 20,
    "num_parents_mating": 2,
    "best_solution": [
        3062.3657573456435,
        2409.4463833508016,
        2.8600825853176772,
        -13.952915798306014,
        1634.080079671572,
        1208.1021790432524,
        -11.316138913145647,
        3.8073792458927755,
        1092.9444319567094,
        3207.0694371392274,
        16.858785979443702,
        -9.995936519256496
    ],
    "best_fitness": [
        -1.1695213877507065
    ],
    "mutate_eta": 10,
    "mutate_prob": 1,
    "crossover_eta": 1,
    "crossover_prob": 0.8,
    "error_message": null,
    "timestamp": "2024-06-21T10:09:32.239337"
}