{
    "algorithm_desc": "pygad_algorithm",
    "config_name": "two_way_overtaking",
    "random_seed": 1,
    "evaluation_time": 124.020404,
    "number_of_generations": 400,
    "population_size": 150,
    "num_parents_mating": 10,
    "best_solution": [
        1879.3984673363693,
        2003.0613661899051,
        10.216319119343705,
        8.836679289445708,
        3180.2423304085714,
        3018.721739128146,
        2.6114083503671672,
        2.084833263779128,
        668.5506473846077,
        682.0496326507146,
        12.903658129537753,
        19.63577600133273
    ],
    "best_fitness": [
        -0.1846411360814122
    ],
    "mutate_eta": 20,
    "mutate_prob": 0.5,
    "crossover_eta": 1,
    "crossover_prob": 1,
    "error_message": null,
    "timestamp": "2024-06-22T14:39:32.371443"
}