{
    "algorithm_desc": "pygad_algorithm",
    "config_name": "two_way_overtaking",
    "random_seed": 1,
    "evaluation_time": 85.547088,
    "number_of_generations": 200,
    "population_size": 200,
    "num_parents_mating": 2,
    "best_solution": [
        2995.0845013151084,
        1615.1285595445622,
        7.674023631182557,
        18.937353937898948,
        3480.7172952474425,
        2680.309668913425,
        -0.06716005533549918,
        5.127117355311277,
        2573.791710816018,
        169.09433237267086,
        7.8380091946881265,
        20.439702803410746
    ],
    "best_fitness": [
        -0.40758293526608697
    ],
    "mutate_eta": 1,
    "mutate_prob": 0.8,
    "crossover_eta": 10,
    "crossover_prob": 1,
    "error_message": null,
    "timestamp": "2024-06-21T14:40:56.292188"
}