{
    "algorithm_desc": "pygad_algorithm",
    "config_name": "two_way_overtaking",
    "random_seed": 1,
    "evaluation_time": 40.992684,
    "number_of_generations": 400,
    "population_size": 50,
    "num_parents_mating": 10,
    "best_solution": [
        1640.8412368517302,
        1910.8676849050394,
        -9.90259168464988,
        -15.388842688768278,
        1044.7576216885832,
        503.0166209378767,
        -4.676581037622844,
        -6.351526065394465,
        3149.8038576444615,
        3203.845186036128,
        -13.105048700469201,
        -19.054645450607033
    ],
    "best_fitness": [
        -0.26133861254115215
    ],
    "mutate_eta": 15,
    "mutate_prob": 0.5,
    "crossover_eta": 10,
    "crossover_prob": 0.5,
    "error_message": null,
    "timestamp": "2024-06-22T10:01:56.499270"
}