{
    "algorithm_desc": "pygad_algorithm",
    "config_name": "two_way_overtaking",
    "random_seed": 1,
    "evaluation_time": 1.051648,
    "number_of_generations": 50,
    "population_size": 10,
    "num_parents_mating": 4,
    "best_solution": [
        2218.5987341525542,
        957.9823449193523,
        4.191823783438309,
        -9.00278225,
        2690.747236328851,
        145.73316490883605,
        0.7431736392825385,
        -1.9064715864400554,
        1534.8849779502314,
        2183.1236655274765,
        16.28184693932282,
        -18.273048578457132
    ],
    "best_fitness": [
        -0.4785143161068353
    ],
    "mutate_eta": 20,
    "mutate_prob": 0.2,
    "crossover_eta": 10,
    "crossover_prob": 0.8,
    "error_message": null,
    "timestamp": "2024-06-22T19:07:37.021410"
}