{
    "algorithm_desc": "pygad_algorithm",
    "config_name": "two_way_overtaking",
    "random_seed": 1,
    "evaluation_time": 73.521641,
    "number_of_generations": 400,
    "population_size": 100,
    "num_parents_mating": 8,
    "best_solution": [
        1751.071655168293,
        2749.8597046143514,
        13.143448208302296,
        0.0,
        3495.855953286699,
        2752.799111595682,
        10.859854287736269,
        0.0,
        4.57577783978258,
        2749.8597046143514,
        19.959163131819054,
        -0.3909826545817765
    ],
    "best_fitness": [
        -0.028015021104292933
    ],
    "mutate_eta": 1,
    "mutate_prob": 0.2,
    "crossover_eta": 1,
    "crossover_prob": 0.2,
    "error_message": null,
    "timestamp": "2024-06-21T00:03:39.242317"
}