{
    "algorithm_desc": "pygad_algorithm",
    "config_name": "two_way_overtaking",
    "random_seed": 1,
    "evaluation_time": 5.825788,
    "number_of_generations": 2000,
    "population_size": 2,
    "num_parents_mating": 2,
    "best_solution": [
        1171.0309800411399,
        2504.8019504373924,
        9.165044047512218,
        7.10202383850455,
        3427.3104358705705,
        2490.363363649972,
        -4.258065101137667,
        7.12956302274381,
        95.23643215459255,
        281.22276959331276,
        9.029964625983482,
        11.917276506195137
    ],
    "best_fitness": [
        -1.089545616666578
    ],
    "mutate_eta": 20,
    "mutate_prob": 1,
    "crossover_eta": 1,
    "crossover_prob": 1,
    "error_message": null,
    "timestamp": "2024-06-22T15:44:24.888011"
}