{
    "algorithm_desc": "pygad_algorithm",
    "config_name": "two_way_overtaking",
    "random_seed": 1,
    "evaluation_time": 15.560371,
    "number_of_generations": 50,
    "population_size": 150,
    "num_parents_mating": 2,
    "best_solution": [
        2610.524541176493,
        2896.387212368571,
        9.982405584901983,
        -7.2135547939135485,
        3479.4909150506387,
        2500.4378827259293,
        5.602018041137011,
        -2.832170967197797,
        718.8850702301239,
        2331.802755733597,
        13.574886368714758,
        -1.2730353884007464
    ],
    "best_fitness": [
        -0.7410000622422108
    ],
    "mutate_eta": 1,
    "mutate_prob": 0.8,
    "crossover_eta": 5,
    "crossover_prob": 0.2,
    "error_message": null,
    "timestamp": "2024-06-21T07:26:17.033525"
}