{
    "algorithm_desc": "pygad_algorithm",
    "config_name": "two_way_overtaking",
    "random_seed": 1,
    "evaluation_time": 43.307726,
    "number_of_generations": 100,
    "population_size": 200,
    "num_parents_mating": 8,
    "best_solution": [
        1475.3270737208768,
        1660.1876314025274,
        10.058160164045884,
        -13.377831031586467,
        3018.113921167657,
        898.8165441140032,
        7.553286181864426,
        -9.857301200923192,
        606.4708765550859,
        2823.8541080555697,
        8.975605100985927,
        -18.740445994221258
    ],
    "best_fitness": [
        -0.5403352995504315
    ],
    "mutate_eta": 15,
    "mutate_prob": 0.8,
    "crossover_eta": 5,
    "crossover_prob": 1,
    "error_message": null,
    "timestamp": "2024-06-23T04:29:58.316761"
}