{
    "algorithm_desc": "pygad_algorithm",
    "config_name": "two_way_overtaking",
    "random_seed": 1,
    "evaluation_time": 2.111247,
    "number_of_generations": 50,
    "population_size": 20,
    "num_parents_mating": 8,
    "best_solution": [
        1114.3770736712195,
        3271.924272929248,
        19.139961508536743,
        4.40791393644157,
        2838.4892179753438,
        3152.8912129238993,
        18.788814481303447,
        -1.4238328000781308,
        722.6699662984041,
        1975.4616207071535,
        19.512991682885698,
        13.476150189819478
    ],
    "best_fitness": [
        -0.8842260089294635
    ],
    "mutate_eta": 15,
    "mutate_prob": 0.5,
    "crossover_eta": 5,
    "crossover_prob": 1,
    "error_message": null,
    "timestamp": "2024-06-21T12:09:41.126181"
}