{
    "algorithm_desc": "pygad_algorithm",
    "config_name": "two_way_overtaking",
    "random_seed": 1,
    "evaluation_time": 122.841963,
    "number_of_generations": 400,
    "population_size": 150,
    "num_parents_mating": 4,
    "best_solution": [
        1907.9989080500297,
        2308.022539956854,
        4.123185727713889,
        -3.468506340567089,
        3090.166691684149,
        761.2022247049866,
        3.7322047089953365,
        -2.8354213592397137,
        577.926396892435,
        3494.474996656914,
        20.550589190276078,
        -18.603801533163658
    ],
    "best_fitness": [
        -0.1124547878781483
    ],
    "mutate_eta": 10,
    "mutate_prob": 0.5,
    "crossover_eta": 20,
    "crossover_prob": 0.8,
    "error_message": null,
    "timestamp": "2024-06-22T14:05:42.760294"
}