{
    "algorithm_desc": "pygad_algorithm",
    "config_name": "two_way_overtaking",
    "random_seed": 1,
    "evaluation_time": 18.774655,
    "number_of_generations": 1000,
    "population_size": 10,
    "num_parents_mating": 2,
    "best_solution": [
        2037.4759474085445,
        1912.5170295719763,
        7.1439135219264465,
        -16.578228333795884,
        2601.8579113273718,
        72.6535392249732,
        5.453534176205128,
        -8.250307811371506,
        1166.5708664893823,
        3316.2437900259347,
        9.154555913902307,
        -19.290382093858508
    ],
    "best_fitness": [
        -0.16942261962418168
    ],
    "mutate_eta": 5,
    "mutate_prob": 0.5,
    "crossover_eta": 15,
    "crossover_prob": 0.2,
    "error_message": null,
    "timestamp": "2024-06-21T00:05:27.714474"
}