{
    "algorithm_desc": "pygad_algorithm",
    "config_name": "two_way_overtaking",
    "random_seed": 1,
    "evaluation_time": 40.579633,
    "number_of_generations": 100,
    "population_size": 200,
    "num_parents_mating": 2,
    "best_solution": [
        1406.7471585971355,
        1724.2894776312758,
        9.348988555632118,
        -8.517943950934946,
        2985.018834807508,
        464.03708639457955,
        4.496016255425726,
        -6.6688398019954445,
        72.13531026230174,
        2915.7593910287665,
        18.93115079008853,
        -18.202700840062224
    ],
    "best_fitness": [
        -0.17900974366247754
    ],
    "mutate_eta": 20,
    "mutate_prob": 0.5,
    "crossover_eta": 20,
    "crossover_prob": 0.5,
    "error_message": null,
    "timestamp": "2024-06-23T15:05:03.794618"
}