{
    "algorithm_desc": "pygad_algorithm",
    "config_name": "two_way_overtaking",
    "random_seed": 1,
    "evaluation_time": 3.887511,
    "number_of_generations": 100,
    "population_size": 20,
    "num_parents_mating": 8,
    "best_solution": [
        1216.3254368876744,
        1660.459016503668,
        13.944106340006172,
        -5.708971437979043,
        2953.372665591215,
        1079.140535659,
        9.00278225,
        -3.726844122688682,
        517.4359696555342,
        3054.973880118394,
        17.922229202197293,
        -13.89929390229786
    ],
    "best_fitness": [
        -0.2792678354529524
    ],
    "mutate_eta": 1,
    "mutate_prob": 0.2,
    "crossover_eta": 5,
    "crossover_prob": 0.8,
    "error_message": null,
    "timestamp": "2024-06-23T06:46:07.443224"
}