{
    "algorithm_desc": "pygad_algorithm",
    "config_name": "two_way_overtaking",
    "random_seed": 1,
    "evaluation_time": 407.135458,
    "number_of_generations": 1000,
    "population_size": 200,
    "num_parents_mating": 4,
    "best_solution": [
        1919.3500743699697,
        2129.4783447451528,
        -15.880053635940776,
        -15.498165441632928,
        573.2208104505472,
        826.0258926967538,
        -9.575170426294678,
        -9.783720659403821,
        3439.993674459881,
        3273.494647883229,
        -19.59412753546965,
        -17.164814962492738
    ],
    "best_fitness": [
        -0.08156330520283697
    ],
    "mutate_eta": 10,
    "mutate_prob": 0.5,
    "crossover_eta": 1,
    "crossover_prob": 0.5,
    "error_message": null,
    "timestamp": "2024-06-21T18:54:47.048229"
}