{
    "algorithm_desc": "pygad_algorithm",
    "config_name": "two_way_overtaking",
    "random_seed": 1,
    "evaluation_time": 20.767367,
    "number_of_generations": 200,
    "population_size": 50,
    "num_parents_mating": 4,
    "best_solution": [
        2109.839919568334,
        253.2266802203016,
        -15.92807519975405,
        -1.1795942431754476,
        35.57661113211208,
        325.19927282524543,
        -12.781185383308717,
        -4.186825167229237,
        2951.7970804974966,
        1547.7787290279164,
        -14.518289269893506,
        -10.203247358963031
    ],
    "best_fitness": [
        -0.7915038124329526
    ],
    "mutate_eta": 10,
    "mutate_prob": 0.8,
    "crossover_eta": 20,
    "crossover_prob": 0.2,
    "error_message": null,
    "timestamp": "2024-06-23T13:29:37.089412"
}