{
    "algorithm_desc": "pygad_algorithm",
    "config_name": "two_way_overtaking",
    "random_seed": 1,
    "evaluation_time": 16.513026,
    "number_of_generations": 50,
    "population_size": 150,
    "num_parents_mating": 10,
    "best_solution": [
        591.8402663697738,
        2188.9687140435835,
        -17.454443822777044,
        -11.119161664998284,
        14.436898938379572,
        328.6328789634094,
        -11.0497890219529,
        -4.0968486591572635,
        1115.9857757645673,
        2602.758737470595,
        -20.034202638403823,
        -12.6706379474715
    ],
    "best_fitness": [
        -0.6968878800973516
    ],
    "mutate_eta": 1,
    "mutate_prob": 1,
    "crossover_eta": 5,
    "crossover_prob": 0.8,
    "error_message": null,
    "timestamp": "2024-06-22T01:20:48.632818"
}