{
    "algorithm_desc": "pygad_algorithm",
    "config_name": "two_way_overtaking",
    "random_seed": 1,
    "evaluation_time": 733.893223,
    "number_of_generations": 2000,
    "population_size": 200,
    "num_parents_mating": 4,
    "best_solution": [
        3299.8316455372214,
        1758.2549865430826,
        0.0,
        11.379995318426694,
        3299.8316455372214,
        3499.9031585242383,
        0.0,
        10.06413344974342,
        3299.8316455372214,
        1.1904413000654035,
        0.49309399694887546,
        20.02778427174323
    ],
    "best_fitness": [
        -0.025710323202882666
    ],
    "mutate_eta": 10,
    "mutate_prob": 0.2,
    "crossover_eta": 20,
    "crossover_prob": 0.5,
    "error_message": null,
    "timestamp": "2024-06-20T20:01:57.205018"
}