{
    "algorithm_desc": "pygad_algorithm",
    "config_name": "two_way_overtaking",
    "random_seed": 1,
    "evaluation_time": 13.885729,
    "number_of_generations": 50,
    "population_size": 150,
    "num_parents_mating": 8,
    "best_solution": [
        1947.2675125975322,
        1525.1195979777624,
        3.4586289187790236,
        13.085608349860351,
        2199.8877636914813,
        3340.1924661847393,
        0.16586851250394474,
        1.109280841726342,
        479.7580488776873,
        358.19803329015724,
        13.329541528198007,
        20.35442095071216
    ],
    "best_fitness": [
        -0.19056538986010094
    ],
    "mutate_eta": 1,
    "mutate_prob": 0.2,
    "crossover_eta": 15,
    "crossover_prob": 0.2,
    "error_message": null,
    "timestamp": "2024-06-23T03:05:55.951997"
}