{
    "algorithm_desc": "pygad_algorithm",
    "config_name": "two_way_overtaking",
    "random_seed": 1,
    "evaluation_time": 19.491314,
    "number_of_generations": 1000,
    "population_size": 10,
    "num_parents_mating": 8,
    "best_solution": [
        1871.8624637268952,
        2425.935122176232,
        -8.805634302398971,
        7.116254737890635,
        393.23697966460867,
        2848.7690285755452,
        -5.520745527112361,
        7.6382010319784825,
        3304.943172992726,
        547.3607043504916,
        -17.222791995657843,
        20.25004772772307
    ],
    "best_fitness": [
        -0.5250167751549457
    ],
    "mutate_eta": 10,
    "mutate_prob": 0.5,
    "crossover_eta": 15,
    "crossover_prob": 0.5,
    "error_message": null,
    "timestamp": "2024-06-22T22:19:32.653987"
}