{
    "algorithm_desc": "pygad_algorithm",
    "config_name": "two_way_overtaking",
    "random_seed": 1,
    "evaluation_time": 35.390503,
    "number_of_generations": 2000,
    "population_size": 10,
    "num_parents_mating": 2,
    "best_solution": [
        1624.9022076548085,
        1577.5441954324426,
        9.00278225,
        -8.054850616936305,
        2997.8596570223535,
        335.98943735082094,
        6.53514128129812,
        -5.920487689898573,
        281.0913180408673,
        2778.8966295787995,
        17.839267351365187,
        -16.89656490227059
    ],
    "best_fitness": [
        -0.0004934574494737064
    ],
    "mutate_eta": 20,
    "mutate_prob": 0.2,
    "crossover_eta": 5,
    "crossover_prob": 1,
    "error_message": null,
    "timestamp": "2024-06-22T22:20:05.754898"
}