{
    "algorithm_desc": "pygad_algorithm",
    "config_name": "two_way_overtaking",
    "random_seed": 1,
    "evaluation_time": 184.830212,
    "number_of_generations": 1000,
    "population_size": 100,
    "num_parents_mating": 10,
    "best_solution": [
        1757.445239901209,
        2475.817380603526,
        6.004091764089953,
        0.030991036605851008,
        3498.6108844743335,
        2476.11502659763,
        4.970598794144269,
        0.0,
        1.6118620573664089,
        2469.3795740970045,
        18.94222233380306,
        0.8175096163656868
    ],
    "best_fitness": [
        -0.02656534132285051
    ],
    "mutate_eta": 10,
    "mutate_prob": 0.2,
    "crossover_eta": 5,
    "crossover_prob": 0.2,
    "error_message": null,
    "timestamp": "2024-06-21T01:44:30.792421"
}