{
    "algorithm_desc": "pygad_algorithm",
    "config_name": "two_way_overtaking",
    "random_seed": 1,
    "evaluation_time": 812.20024,
    "number_of_generations": 2000,
    "population_size": 200,
    "num_parents_mating": 4,
    "best_solution": [
        1953.2618140776106,
        2028.0588432976067,
        -15.880053635940776,
        -15.498165441632928,
        573.2208104505472,
        826.0258926967538,
        -9.575170426294678,
        -9.783720659403821,
        3439.993674459881,
        3145.6589610736655,
        -19.59412753546965,
        -18.881291293897593
    ],
    "best_fitness": [
        -0.06148311704344135
    ],
    "mutate_eta": 1,
    "mutate_prob": 0.5,
    "crossover_eta": 5,
    "crossover_prob": 0.5,
    "error_message": null,
    "timestamp": "2024-06-20T22:31:00.181705"
}