{
    "algorithm_desc": "pygad_algorithm",
    "config_name": "two_way_overtaking",
    "random_seed": 1,
    "evaluation_time": 20.576642,
    "number_of_generations": 200,
    "population_size": 50,
    "num_parents_mating": 2,
    "best_solution": [
        621.7891808937122,
        3219.3580509030376,
        12.774878367331738,
        3.652046117239774,
        2034.7649385450586,
        3226.3697995295806,
        8.898442738560885,
        0.6098094541951298,
        400.93633769455164,
        1349.8285598352102,
        2.2782551272389995,
        14.15959411968052
    ],
    "best_fitness": [
        -0.8083054035487912
    ],
    "mutate_eta": 1,
    "mutate_prob": 0.8,
    "crossover_eta": 5,
    "crossover_prob": 0.5,
    "error_message": null,
    "timestamp": "2024-06-22T13:50:23.093945"
}