{
    "algorithm_desc": "pygad_algorithm",
    "config_name": "two_way_overtaking",
    "random_seed": 1,
    "evaluation_time": 35.793434,
    "number_of_generations": 100,
    "population_size": 200,
    "num_parents_mating": 2,
    "best_solution": [
        2660.3790764324003,
        2054.067740950702,
        -12.178666788931407,
        14.509383632105099,
        1453.8643237016677,
        3481.114305638075,
        -2.9170676163263956,
        3.4624129052799226,
        3498.953637000269,
        456.5179056716216,
        -12.589682437512234,
        15.194340397229887
    ],
    "best_fitness": [
        -0.05446278464873947
    ],
    "mutate_eta": 1,
    "mutate_prob": 0.2,
    "crossover_eta": 15,
    "crossover_prob": 0.2,
    "error_message": null,
    "timestamp": "2024-06-23T02:21:30.323140"
}