{
    "algorithm_desc": "pygad_algorithm",
    "config_name": "two_way_overtaking",
    "random_seed": 1,
    "evaluation_time": 7.601405,
    "number_of_generations": 200,
    "population_size": 20,
    "num_parents_mating": 4,
    "best_solution": [
        1789.4012146225825,
        1105.4367636128432,
        10.030018760588238,
        -0.3118167049359215,
        3427.458149575839,
        1094.7198889835593,
        2.7586605514652867,
        0.0,
        68.06603316432397,
        1040.4404477695905,
        19.245252694914143,
        -0.5477097673470794
    ],
    "best_fitness": [
        -0.0810321826808307
    ],
    "mutate_eta": 15,
    "mutate_prob": 0.2,
    "crossover_eta": 1,
    "crossover_prob": 0.8,
    "error_message": null,
    "timestamp": "2024-06-21T12:09:23.869161"
}