{
    "algorithm_desc": "pygad_algorithm",
    "config_name": "two_way_overtaking",
    "random_seed": 1,
    "evaluation_time": 319.704745,
    "number_of_generations": 1000,
    "population_size": 150,
    "num_parents_mating": 4,
    "best_solution": [
        2028.4480020554897,
        1309.9938710526053,
        -9.628975467602615,
        8.514878718578743,
        857.9459841706129,
        3158.095576586206,
        -7.506164051981957,
        5.14068707635121,
        2904.284805453604,
        122.80481726704402,
        -17.6909400230447,
        12.586438103620061
    ],
    "best_fitness": [
        -0.4154453730826647
    ],
    "mutate_eta": 15,
    "mutate_prob": 0.8,
    "crossover_eta": 20,
    "crossover_prob": 1,
    "error_message": null,
    "timestamp": "2024-06-23T06:26:34.834150"
}