{
    "algorithm_desc": "pygad_algorithm",
    "config_name": "two_way_overtaking",
    "random_seed": 1,
    "evaluation_time": 4.865666,
    "number_of_generations": 50,
    "population_size": 50,
    "num_parents_mating": 10,
    "best_solution": [
        1649.915822768611,
        1777.0936870657727,
        14.865727972910406,
        -9.164234104160162,
        3257.5473998799994,
        816.8558429603105,
        2.410167825088312,
        -2.0357953138672755,
        209.95469754094083,
        2645.145488915082,
        17.951460923368657,
        -11.166544231106172
    ],
    "best_fitness": [
        -0.08437418269020829
    ],
    "mutate_eta": 1,
    "mutate_prob": 0.2,
    "crossover_eta": 15,
    "crossover_prob": 0.2,
    "error_message": null,
    "timestamp": "2024-06-23T06:07:44.668184"
}