{
    "algorithm_desc": "pygad_algorithm",
    "config_name": "two_way_overtaking",
    "random_seed": 1,
    "evaluation_time": 276.188127,
    "number_of_generations": 1000,
    "population_size": 150,
    "num_parents_mating": 4,
    "best_solution": [
        1574.3608765347656,
        1776.349113286554,
        -0.06167595601855069,
        1.4914820491342944,
        1554.29189258768,
        3499.8592030166083,
        -0.007289360473993867,
        0.6343459291954971,
        1647.9083463335091,
        5.9977146143472275,
        0.0,
        5.618288413133868
    ],
    "best_fitness": [
        -0.02672088259723891
    ],
    "mutate_eta": 15,
    "mutate_prob": 0.2,
    "crossover_eta": 1,
    "crossover_prob": 0.8,
    "error_message": null,
    "timestamp": "2024-06-20T22:48:55.961331"
}