{
    "algorithm_desc": "pygad_algorithm",
    "config_name": "two_way_overtaking",
    "random_seed": 1,
    "evaluation_time": 826.24585,
    "number_of_generations": 2000,
    "population_size": 200,
    "num_parents_mating": 8,
    "best_solution": [
        1525.1125293166926,
        1681.5047457168112,
        -9.65530172178492,
        -10.184641174094297,
        256.22893723138606,
        364.9896228454865,
        -6.5655136873017295,
        -6.616242633222518,
        3037.012290790544,
        3395.953080262615,
        -19.499561480221033,
        -20.406095901146355
    ],
    "best_fitness": [
        -0.11641290701818759
    ],
    "mutate_eta": 5,
    "mutate_prob": 0.5,
    "crossover_eta": 1,
    "crossover_prob": 0.8,
    "error_message": null,
    "timestamp": "2024-06-20T16:33:54.416891"
}