{
    "algorithm_desc": "pygad_algorithm",
    "config_name": "two_way_overtaking",
    "random_seed": 1,
    "evaluation_time": 32.016806,
    "number_of_generations": 100,
    "population_size": 150,
    "num_parents_mating": 8,
    "best_solution": [
        1567.102136943523,
        3099.9002871084967,
        7.40238884169106,
        11.810763667621238,
        3308.6570740618313,
        3392.158515115528,
        7.887873647763129,
        2.0985530781121575,
        707.0432496477338,
        1219.9734825360906,
        19.99284534622676,
        18.115742117994678
    ],
    "best_fitness": [
        -0.6535095515242466
    ],
    "mutate_eta": 20,
    "mutate_prob": 0.8,
    "crossover_eta": 10,
    "crossover_prob": 0.5,
    "error_message": null,
    "timestamp": "2024-06-21T23:36:43.382811"
}