{
    "algorithm_desc": "pygad_algorithm",
    "config_name": "two_way_overtaking",
    "random_seed": 1,
    "evaluation_time": 407.170049,
    "number_of_generations": 2000,
    "population_size": 100,
    "num_parents_mating": 2,
    "best_solution": [
        2146.102467267895,
        1696.0504082813218,
        6.408487698849239,
        -9.52327503927285,
        2876.4429635828114,
        1.5253711567886352,
        0.39564066078109406,
        -1.6788133380426515,
        1087.8575039431198,
        3297.605316577008,
        10.796781054673115,
        -14.801462909039762
    ],
    "best_fitness": [
        -0.11292163498558572
    ],
    "mutate_eta": 10,
    "mutate_prob": 0.5,
    "crossover_eta": 20,
    "crossover_prob": 1,
    "error_message": null,
    "timestamp": "2024-06-20T21:39:46.770186"
}