{
    "algorithm_desc": "pygad_algorithm",
    "config_name": "two_way_overtaking",
    "random_seed": 1,
    "evaluation_time": 73.954289,
    "number_of_generations": 200,
    "population_size": 200,
    "num_parents_mating": 4,
    "best_solution": [
        3299.8316455372214,
        1767.2031679702234,
        0.0,
        11.35853799045898,
        3299.8316455372214,
        3485.7784391847918,
        0.0,
        6.8211271342291475,
        3299.8316455372214,
        3.687432698866233,
        0.49309399694887546,
        20.02778427174323
    ],
    "best_fitness": [
        -0.029984243106692024
    ],
    "mutate_eta": 10,
    "mutate_prob": 0.2,
    "crossover_eta": 5,
    "crossover_prob": 0.5,
    "error_message": null,
    "timestamp": "2024-06-23T10:51:41.463580"
}