{
    "algorithm_desc": "pygad_algorithm",
    "config_name": "two_way_overtaking",
    "random_seed": 1,
    "evaluation_time": 19.46838,
    "number_of_generations": 50,
    "population_size": 200,
    "num_parents_mating": 10,
    "best_solution": [
        1833.8063473351447,
        2749.8597046143514,
        -10.063437960227498,
        0.0,
        9.7563585912403,
        2749.8597046143514,
        -9.342938704039915,
        0.0,
        3499.832416465043,
        2740.637090744901,
        -17.258317176219848,
        0.4090919067637522
    ],
    "best_fitness": [
        -0.03774478734214571
    ],
    "mutate_eta": 20,
    "mutate_prob": 0.2,
    "crossover_eta": 15,
    "crossover_prob": 0.5,
    "error_message": null,
    "timestamp": "2024-06-23T16:11:14.684764"
}