{
    "algorithm_desc": "pygad_algorithm",
    "config_name": "two_way_overtaking",
    "random_seed": 1,
    "evaluation_time": 4.782612,
    "number_of_generations": 100,
    "population_size": 20,
    "num_parents_mating": 2,
    "best_solution": [
        2342.6047524585015,
        1583.3948755622598,
        -12.363425699828468,
        -13.98008676693515,
        1431.2382547888683,
        114.40407808702624,
        -8.606613372712339,
        -13.099744452684487,
        3168.669858193604,
        3141.6599533264716,
        -18.735903495304054,
        -19.876971065258374
    ],
    "best_fitness": [
        -0.3523311554996665
    ],
    "mutate_eta": 15,
    "mutate_prob": 0.5,
    "crossover_eta": 10,
    "crossover_prob": 1,
    "error_message": null,
    "timestamp": "2024-06-20T15:06:45.485556"
}