{
    "algorithm_desc": "pygad_algorithm",
    "config_name": "two_way_overtaking",
    "random_seed": 1,
    "evaluation_time": 121.739492,
    "number_of_generations": 400,
    "population_size": 150,
    "num_parents_mating": 10,
    "best_solution": [
        2141.210341125032,
        1608.6537408379722,
        4.135667306735183,
        8.270550378011599,
        2530.883581437903,
        3384.533260458744,
        3.6655826504069076,
        7.436695669705422,
        1258.819025062751,
        119.24861315615048,
        11.577886405303097,
        20.51973510362172
    ],
    "best_fitness": [
        -0.16767106503139312
    ],
    "mutate_eta": 5,
    "mutate_prob": 0.5,
    "crossover_eta": 10,
    "crossover_prob": 0.2,
    "error_message": null,
    "timestamp": "2024-06-23T15:58:48.095256"
}