{
    "algorithm_desc": "pygad_algorithm",
    "config_name": "two_way_overtaking",
    "random_seed": 1,
    "evaluation_time": 82.318599,
    "number_of_generations": 400,
    "population_size": 100,
    "num_parents_mating": 2,
    "best_solution": [
        2065.6722615007634,
        1423.751017974743,
        5.489125544659885,
        14.237834182458684,
        2552.2622529314676,
        3412.344336175676,
        1.1021718768447961,
        4.00307018386151,
        108.67444979382473,
        241.18000651305942,
        19.752290871493962,
        15.779458877919481
    ],
    "best_fitness": [
        -0.4441334597422213
    ],
    "mutate_eta": 5,
    "mutate_prob": 0.8,
    "crossover_eta": 15,
    "crossover_prob": 0.5,
    "error_message": null,
    "timestamp": "2024-06-22T16:22:01.506078"
}