{
    "algorithm_desc": "pygad_algorithm",
    "config_name": "two_way_overtaking",
    "random_seed": 1,
    "evaluation_time": 5.31768,
    "number_of_generations": 50,
    "population_size": 50,
    "num_parents_mating": 8,
    "best_solution": [
        1632.497601709549,
        1431.3894669046385,
        -1.7581411718116335,
        -11.721200986777315,
        1170.9729558938589,
        211.21233495410536,
        1.8829317803809182,
        -4.577643318590535,
        3030.072665228087,
        2319.3918252174117,
        -16.860575315801462,
        -11.931395691620391
    ],
    "best_fitness": [
        -0.7218067124911678
    ],
    "mutate_eta": 15,
    "mutate_prob": 0.5,
    "crossover_eta": 15,
    "crossover_prob": 0.8,
    "error_message": null,
    "timestamp": "2024-06-20T18:34:32.184112"
}