{
    "algorithm_desc": "pygad_algorithm",
    "config_name": "two_way_overtaking",
    "random_seed": 1,
    "evaluation_time": 9.276063,
    "number_of_generations": 100,
    "population_size": 50,
    "num_parents_mating": 4,
    "best_solution": [
        1141.7045230865747,
        1955.8052005858062,
        12.859912823892714,
        4.424106823457109,
        2908.709578771078,
        2554.1509806688514,
        7.760097853841643,
        2.550394152437704,
        4.107375264560565,
        364.0946143573075,
        16.972400548093077,
        10.64887898445653
    ],
    "best_fitness": [
        -0.17965813292891147
    ],
    "mutate_eta": 15,
    "mutate_prob": 0.2,
    "crossover_eta": 15,
    "crossover_prob": 1,
    "error_message": null,
    "timestamp": "2024-06-22T16:12:58.718502"
}