{
    "algorithm_desc": "pygad_algorithm",
    "config_name": "two_way_overtaking",
    "random_seed": 1,
    "evaluation_time": 17.308497,
    "number_of_generations": 2000,
    "population_size": 5,
    "num_parents_mating": 2,
    "best_solution": [
        2993.11829341399,
        1886.1999933328761,
        5.197803947056212,
        9.632304023153413,
        3495.018427004933,
        3388.5047825649954,
        3.223922335306714,
        5.690067233942056,
        2328.614453828666,
        172.18061057672307,
        4.064987912549537,
        14.295143614679468
    ],
    "best_fitness": [
        -0.2960855476342019
    ],
    "mutate_eta": 5,
    "mutate_prob": 0.5,
    "crossover_eta": 20,
    "crossover_prob": 0.2,
    "error_message": null,
    "timestamp": "2024-06-21T12:44:17.367653"
}