{
    "algorithm_desc": "pygad_algorithm",
    "config_name": "two_way_overtaking",
    "random_seed": 1,
    "evaluation_time": 3.938408,
    "number_of_generations": 200,
    "population_size": 10,
    "num_parents_mating": 10,
    "best_solution": [
        1151.7531050377206,
        2353.128800219165,
        -4.897761140084919,
        -3.1235684525581746,
        218.78747619428017,
        1015.3018958130117,
        -1.8263484181202472,
        -1.6880746726874705,
        2648.423794894666,
        1171.0918028374012,
        -9.969948893737648,
        9.855275470794563
    ],
    "best_fitness": [
        -0.6737596821775128
    ],
    "mutate_eta": 1,
    "mutate_prob": 0.5,
    "crossover_eta": 20,
    "crossover_prob": 0.8,
    "error_message": null,
    "timestamp": "2024-06-23T05:09:02.307084"
}