{
    "algorithm_desc": "pygad_algorithm",
    "config_name": "two_way_overtaking",
    "random_seed": 1,
    "evaluation_time": 20.636323,
    "number_of_generations": 200,
    "population_size": 50,
    "num_parents_mating": 2,
    "best_solution": [
        2127.9708284806256,
        2038.5362508646735,
        -11.9919197685564,
        1.6986912317910345,
        847.4410105064779,
        3216.643015308348,
        -7.009282899363059,
        -4.345086622550092,
        3328.568626723075,
        2327.4977384994186,
        -17.98616278442758,
        6.199438349342934
    ],
    "best_fitness": [
        -0.842958326568733
    ],
    "mutate_eta": 1,
    "mutate_prob": 1,
    "crossover_eta": 5,
    "crossover_prob": 0.2,
    "error_message": null,
    "timestamp": "2024-06-21T04:47:56.136234"
}