{
    "algorithm_desc": "pygad_algorithm",
    "config_name": "two_way_overtaking",
    "random_seed": 1,
    "evaluation_time": 4.052899,
    "number_of_generations": 200,
    "population_size": 10,
    "num_parents_mating": 10,
    "best_solution": [
        1782.545050560374,
        1762.395979429328,
        9.260411394774117,
        14.349942255217726,
        2331.147453789429,
        3132.0307690453405,
        4.047770196714236,
        12.596189154287643,
        1511.1610813888346,
        154.53854605887264,
        18.485794929141413,
        17.4341584598957
    ],
    "best_fitness": [
        -0.7279869854988742
    ],
    "mutate_eta": 15,
    "mutate_prob": 0.5,
    "crossover_eta": 15,
    "crossover_prob": 0.5,
    "error_message": null,
    "timestamp": "2024-06-22T09:20:29.944000"
}