{
    "algorithm_desc": "pygad_algorithm",
    "config_name": "two_way_overtaking",
    "random_seed": 1,
    "evaluation_time": 602.53919,
    "number_of_generations": 2000,
    "population_size": 150,
    "num_parents_mating": 2,
    "best_solution": [
        2294.7819026559023,
        1862.006176715009,
        6.517384819793364,
        10.087434820508516,
        3245.9409603814406,
        3415.071779248212,
        3.3706242583106594,
        5.84180752695541,
        1311.5598084618537,
        345.0716265732609,
        8.877568958034793,
        14.069161228902033
    ],
    "best_fitness": [
        -0.01877622624319853
    ],
    "mutate_eta": 5,
    "mutate_prob": 0.5,
    "crossover_eta": 15,
    "crossover_prob": 0.8,
    "error_message": null,
    "timestamp": "2024-06-22T02:38:27.704391"
}