{
    "algorithm_desc": "pygad_algorithm",
    "config_name": "two_way_overtaking",
    "random_seed": 1,
    "evaluation_time": 0.693521,
    "number_of_generations": 50,
    "population_size": 5,
    "num_parents_mating": 4,
    "best_solution": [
        1196.856952418414,
        2034.5066828121055,
        4.246413985862823,
        15.527989121200491,
        2943.1774100873636,
        2949.337029082614,
        -3.353750527376693,
        13.490931134610214,
        881.9666173875847,
        1188.2058800387736,
        -9.587590229682492,
        20.57267596607241
    ],
    "best_fitness": [
        -1.095865235547192
    ],
    "mutate_eta": 15,
    "mutate_prob": 0.5,
    "crossover_eta": 10,
    "crossover_prob": 0.2,
    "error_message": null,
    "timestamp": "2024-06-20T13:57:37.201701"
}