{
    "algorithm_desc": "pygad_algorithm",
    "config_name": "two_way_overtaking",
    "random_seed": 1,
    "evaluation_time": 31.221819,
    "number_of_generations": 100,
    "population_size": 150,
    "num_parents_mating": 10,
    "best_solution": [
        1558.3068260023153,
        1328.5029766403393,
        11.082787920584703,
        11.38876176319745,
        3086.494988591571,
        3135.4871789542867,
        5.730647495148254,
        4.803826102952641,
        360.9757653803833,
        293.01696118067315,
        14.03654152598984,
        13.46865004437165
    ],
    "best_fitness": [
        -0.25731621642689934
    ],
    "mutate_eta": 5,
    "mutate_prob": 0.5,
    "crossover_eta": 1,
    "crossover_prob": 0.8,
    "error_message": null,
    "timestamp": "2024-06-21T06:10:56.246552"
}