{
    "algorithm_desc": "pygad_algorithm",
    "config_name": "two_way_overtaking",
    "random_seed": 1,
    "evaluation_time": 214.270008,
    "number_of_generations": 2000,
    "population_size": 50,
    "num_parents_mating": 10,
    "best_solution": [
        3014.1931670290874,
        1529.7101144965386,
        -18.07070664073329,
        10.01390502926299,
        1137.4030803996172,
        2798.562733582067,
        -15.420440208949309,
        9.347108052438145,
        3193.3455685522385,
        207.50596317119673,
        -16.66882916315046,
        20.47667812632075
    ],
    "best_fitness": [
        -0.600065122095209
    ],
    "mutate_eta": 20,
    "mutate_prob": 1,
    "crossover_eta": 5,
    "crossover_prob": 0.2,
    "error_message": null,
    "timestamp": "2024-06-23T06:51:39.930545"
}