{
    "algorithm_desc": "pygad_algorithm",
    "config_name": "two_way_overtaking",
    "random_seed": 1,
    "evaluation_time": 562.716254,
    "number_of_generations": 2000,
    "population_size": 150,
    "num_parents_mating": 10,
    "best_solution": [
        1099.9438818457406,
        1723.6232149862278,
        0.0,
        16.12926526685439,
        1048.0637852172877,
        3499.8254485294656,
        -0.12857706497384314,
        4.510182314043199,
        1099.9438818457406,
        0.7242311930986123,
        0.25345734085698624,
        20.48714543522741
    ],
    "best_fitness": [
        -0.02561967134884046
    ],
    "mutate_eta": 10,
    "mutate_prob": 0.2,
    "crossover_eta": 1,
    "crossover_prob": 0.8,
    "error_message": null,
    "timestamp": "2024-06-22T19:49:36.154646"
}