{
    "algorithm_desc": "pygad_algorithm",
    "config_name": "two_way_overtaking",
    "random_seed": 1,
    "evaluation_time": 10.154632,
    "number_of_generations": 100,
    "population_size": 50,
    "num_parents_mating": 2,
    "best_solution": [
        1553.4789464950384,
        1623.0761406166007,
        -0.2149780214255017,
        -10.36838929810527,
        2203.9412246971033,
        139.187837591272,
        1.6332584934234227,
        -1.0051446794712469,
        1737.635002746735,
        3413.7433469255793,
        1.4596776558120368,
        -14.4614351526686
    ],
    "best_fitness": [
        -0.4729685322810736
    ],
    "mutate_eta": 20,
    "mutate_prob": 0.5,
    "crossover_eta": 5,
    "crossover_prob": 0.5,
    "error_message": null,
    "timestamp": "2024-06-23T15:52:43.129684"
}