{
    "algorithm_desc": "pygad_algorithm",
    "config_name": "two_way_overtaking",
    "random_seed": 1,
    "evaluation_time": 43.06599,
    "number_of_generations": 100,
    "population_size": 200,
    "num_parents_mating": 8,
    "best_solution": [
        2797.046521890207,
        797.9051097488447,
        1.913018754032752,
        14.937083202426138,
        3073.279514664647,
        2790.335860286073,
        0.4160393482996092,
        0.7368068713096214,
        1934.6051960551572,
        503.69519862348943,
        9.00278225,
        17.182859697773473
    ],
    "best_fitness": [
        -0.6912360821855209
    ],
    "mutate_eta": 5,
    "mutate_prob": 0.8,
    "crossover_eta": 20,
    "crossover_prob": 0.8,
    "error_message": null,
    "timestamp": "2024-06-21T08:48:23.866903"
}