{
    "algorithm_desc": "pygad_algorithm",
    "config_name": "two_way_overtaking",
    "random_seed": 1,
    "evaluation_time": 1.059832,
    "number_of_generations": 50,
    "population_size": 10,
    "num_parents_mating": 10,
    "best_solution": [
        2123.8411301017627,
        1732.8192270945942,
        -12.87931203822616,
        13.777343506460653,
        1383.5673266962326,
        3008.2281088016966,
        0.0,
        5.725845596132551,
        1509.1361430612983,
        549.9719409228703,
        -10.250206884032652,
        18.18608298829166
    ],
    "best_fitness": [
        -0.7855049787900277
    ],
    "mutate_eta": 10,
    "mutate_prob": 0.2,
    "crossover_eta": 5,
    "crossover_prob": 1,
    "error_message": null,
    "timestamp": "2024-06-23T06:50:55.639767"
}