{
    "algorithm_desc": "pygad_algorithm",
    "config_name": "two_way_overtaking",
    "random_seed": 1,
    "evaluation_time": 422.716774,
    "number_of_generations": 2000,
    "population_size": 100,
    "num_parents_mating": 2,
    "best_solution": [
        2347.7457492245594,
        1908.2795231570958,
        -13.749903995675163,
        13.169776805314122,
        704.703360633949,
        2864.806638285227,
        -8.951424866141151,
        10.991471399034719,
        3356.859346584048,
        277.71546662851574,
        -15.578621888556379,
        13.461841097097455
    ],
    "best_fitness": [
        -0.38189166358391435
    ],
    "mutate_eta": 15,
    "mutate_prob": 0.8,
    "crossover_eta": 15,
    "crossover_prob": 1,
    "error_message": null,
    "timestamp": "2024-06-21T14:14:45.992815"
}