{
    "algorithm_desc": "pygad_algorithm",
    "config_name": "two_way_overtaking",
    "random_seed": 1,
    "evaluation_time": 3.581365,
    "number_of_generations": 200,
    "population_size": 10,
    "num_parents_mating": 4,
    "best_solution": [
        1536.0296812049282,
        1371.8024742309403,
        11.850888244053891,
        -7.420844299309643,
        2534.22630907675,
        697.2979804405564,
        7.534106324785004,
        -4.981308887330014,
        98.94326085678917,
        2274.422970525116,
        17.95690815816662,
        -12.771960804917928
    ],
    "best_fitness": [
        -0.21176142167145987
    ],
    "mutate_eta": 10,
    "mutate_prob": 0.2,
    "crossover_eta": 5,
    "crossover_prob": 0.2,
    "error_message": null,
    "timestamp": "2024-06-21T20:07:44.214687"
}