{
    "algorithm_desc": "pygad_algorithm",
    "config_name": "two_way_overtaking",
    "random_seed": 1,
    "evaluation_time": 40.143711,
    "number_of_generations": 1000,
    "population_size": 20,
    "num_parents_mating": 4,
    "best_solution": [
        2020.2939036005632,
        386.0808264082801,
        -13.244395207592039,
        0.0,
        179.9488074013566,
        76.11458414660565,
        -9.00278225,
        0.42276922478935575,
        3334.908933022506,
        1486.579355690472,
        -20.18102252657471,
        -6.041038347289593
    ],
    "best_fitness": [
        -0.26893851185135537
    ],
    "mutate_eta": 15,
    "mutate_prob": 0.5,
    "crossover_eta": 15,
    "crossover_prob": 0.8,
    "error_message": null,
    "timestamp": "2024-06-23T14:39:07.030094"
}