{
    "algorithm_desc": "pygad_algorithm",
    "config_name": "two_way_overtaking",
    "random_seed": 1,
    "evaluation_time": 125.534634,
    "number_of_generations": 400,
    "population_size": 150,
    "num_parents_mating": 10,
    "best_solution": [
        1274.94574775528,
        1451.7056383427116,
        5.948855697587625,
        -8.095996576447854,
        2178.796820475093,
        186.43940076929127,
        6.747690474301926,
        -6.123914757409693,
        269.9566783588977,
        2614.798352650538,
        7.9232662518628985,
        -8.992355549700278
    ],
    "best_fitness": [
        -0.5455368479467378
    ],
    "mutate_eta": 5,
    "mutate_prob": 0.8,
    "crossover_eta": 1,
    "crossover_prob": 0.2,
    "error_message": null,
    "timestamp": "2024-06-23T03:40:09.529144"
}