{
    "algorithm_desc": "pygad_algorithm",
    "config_name": "two_way_overtaking",
    "random_seed": 1,
    "evaluation_time": 90.808226,
    "number_of_generations": 1000,
    "population_size": 50,
    "num_parents_mating": 4,
    "best_solution": [
        1605.800457277313,
        1752.3307983670225,
        -13.759734365025528,
        -11.780081453894978,
        225.17577003319616,
        558.5504156922892,
        -10.378318988015494,
        -9.00278225,
        3000.78870653686,
        2944.8400920764457,
        -19.664900807764166,
        -16.291026050037377
    ],
    "best_fitness": [
        -0.000683097287101586
    ],
    "mutate_eta": 15,
    "mutate_prob": 0.2,
    "crossover_eta": 10,
    "crossover_prob": 0.5,
    "error_message": null,
    "timestamp": "2024-06-21T15:16:13.850294"
}