{
    "algorithm_desc": "pygad_algorithm",
    "config_name": "two_way_overtaking",
    "random_seed": 1,
    "evaluation_time": 7.755842,
    "number_of_generations": 200,
    "population_size": 20,
    "num_parents_mating": 8,
    "best_solution": [
        1939.0807509958204,
        746.1372790867217,
        11.004122542938102,
        1.8570025593249397,
        3405.2830005649407,
        1068.5090477160165,
        5.5890185295145045,
        0.0,
        333.64578493440575,
        472.71457674363404,
        18.720443112754523,
        4.2666038324552
    ],
    "best_fitness": [
        -0.2052679421526794
    ],
    "mutate_eta": 5,
    "mutate_prob": 0.2,
    "crossover_eta": 20,
    "crossover_prob": 1,
    "error_message": null,
    "timestamp": "2024-06-20T18:22:13.340347"
}