{
    "algorithm_desc": "pygad_algorithm",
    "config_name": "two_way_overtaking",
    "random_seed": 1,
    "evaluation_time": 4.066127,
    "number_of_generations": 200,
    "population_size": 10,
    "num_parents_mating": 4,
    "best_solution": [
        1078.0691346864,
        2868.541170598856,
        -18.342193557102583,
        -15.564882885583867,
        92.79319746926929,
        239.2741661602366,
        -2.7390322272707834,
        -3.8078339994331323,
        3025.213910582086,
        3446.7737788618065,
        -19.82008517618142,
        -18.378414799956516
    ],
    "best_fitness": [
        -0.7836842130327356
    ],
    "mutate_eta": 5,
    "mutate_prob": 0.8,
    "crossover_eta": 1,
    "crossover_prob": 0.5,
    "error_message": null,
    "timestamp": "2024-06-20T21:21:47.878170"
}