{
    "algorithm_desc": "pygad_algorithm",
    "config_name": "two_way_overtaking",
    "random_seed": 1,
    "evaluation_time": 10.044965,
    "number_of_generations": 50,
    "population_size": 100,
    "num_parents_mating": 4,
    "best_solution": [
        1939.9123752765302,
        1829.0836569657338,
        13.443202186956903,
        -11.104759499647434,
        3083.5660920451537,
        369.5737629188837,
        2.288849988852622,
        -3.446871167200957,
        2711.697051164342,
        3467.043576141462,
        12.454716981839091,
        -13.231279667245051
    ],
    "best_fitness": [
        -0.49181777505359336
    ],
    "mutate_eta": 1,
    "mutate_prob": 0.5,
    "crossover_eta": 15,
    "crossover_prob": 0.2,
    "error_message": null,
    "timestamp": "2024-06-22T20:29:01.861388"
}