{
    "algorithm_desc": "pygad_algorithm",
    "config_name": "two_way_overtaking",
    "random_seed": 1,
    "evaluation_time": 19.224055,
    "number_of_generations": 1000,
    "population_size": 10,
    "num_parents_mating": 2,
    "best_solution": [
        2317.8155218695274,
        1704.993933266442,
        8.974363739013718,
        13.844684423828824,
        3280.444407835875,
        3387.962984180389,
        4.77450208093779,
        8.509158374399256,
        1487.7925873892952,
        595.2737463279686,
        15.665780372393826,
        18.833131480563246
    ],
    "best_fitness": [
        -0.21423672629973972
    ],
    "mutate_eta": 10,
    "mutate_prob": 0.5,
    "crossover_eta": 5,
    "crossover_prob": 0.8,
    "error_message": null,
    "timestamp": "2024-06-21T17:57:49.907001"
}