{
    "algorithm_desc": "pygad_algorithm",
    "config_name": "two_way_overtaking",
    "random_seed": 1,
    "evaluation_time": 0.367662,
    "number_of_generations": 100,
    "population_size": 2,
    "num_parents_mating": 2,
    "best_solution": [
        1675.0307724952377,
        1715.6835928548112,
        -17.2299092741892,
        -18.70594409722314,
        358.17050089739047,
        1449.1959573684892,
        -14.382972186834934,
        -9.12303345799238,
        2239.910991881193,
        1031.4221454631647,
        -9.47999345269137,
        3.726494277730815
    ],
    "best_fitness": [
        -1.4505644183716915
    ],
    "mutate_eta": 1,
    "mutate_prob": 0.5,
    "crossover_eta": 15,
    "crossover_prob": 0.8,
    "error_message": null,
    "timestamp": "2024-06-22T16:09:08.535420"
}