{
    "algorithm_desc": "pygad_algorithm",
    "config_name": "two_way_overtaking",
    "random_seed": 1,
    "evaluation_time": 128.148526,
    "number_of_generations": 400,
    "population_size": 150,
    "num_parents_mating": 8,
    "best_solution": [
        1291.1719520593108,
        1271.8121952586177,
        -11.439264557343943,
        -15.636104228427495,
        899.1377027080066,
        572.3156473686302,
        -4.4966114224124425,
        -7.396768931824813,
        2930.9692829953915,
        2694.6041824237636,
        -14.476305745698424,
        -16.31668161602211
    ],
    "best_fitness": [
        -0.538708492977223
    ],
    "mutate_eta": 20,
    "mutate_prob": 1,
    "crossover_eta": 5,
    "crossover_prob": 0.2,
    "error_message": null,
    "timestamp": "2024-06-21T16:20:32.582375"
}