{
    "algorithm_desc": "pygad_algorithm",
    "config_name": "two_way_overtaking",
    "random_seed": 1,
    "evaluation_time": 406.765563,
    "number_of_generations": 2000,
    "population_size": 100,
    "num_parents_mating": 8,
    "best_solution": [
        1878.09576302968,
        1773.6639992378985,
        10.968513152916618,
        -10.399299620658132,
        3109.6169910813373,
        416.3009234110457,
        2.394418326128701,
        -2.760447201565043,
        534.8100151127068,
        3071.2398877171663,
        18.36468109250665,
        -16.97054658527718
    ],
    "best_fitness": [
        -0.023404925035186454
    ],
    "mutate_eta": 5,
    "mutate_prob": 0.5,
    "crossover_eta": 10,
    "crossover_prob": 0.2,
    "error_message": null,
    "timestamp": "2024-06-23T11:32:48.230813"
}