{
    "algorithm_desc": "pygad_algorithm",
    "config_name": "two_way_overtaking",
    "random_seed": 1,
    "evaluation_time": 87.061141,
    "number_of_generations": 200,
    "population_size": 200,
    "num_parents_mating": 10,
    "best_solution": [
        1818.457099292769,
        2256.8894431890826,
        -1.0980808879203785,
        9.259148557990557,
        2225.246280023819,
        3258.0491229104473,
        0.6217155607497062,
        3.7304090405238597,
        1194.4855291156398,
        359.8875255950148,
        7.4700952506289475,
        16.180933435348194
    ],
    "best_fitness": [
        -0.6704927764481581
    ],
    "mutate_eta": 20,
    "mutate_prob": 0.8,
    "crossover_eta": 20,
    "crossover_prob": 0.8,
    "error_message": null,
    "timestamp": "2024-06-20T15:05:18.012709"
}