{
    "algorithm_desc": "pygad_algorithm",
    "config_name": "two_way_overtaking",
    "random_seed": 1,
    "evaluation_time": 0.992019,
    "number_of_generations": 100,
    "population_size": 5,
    "num_parents_mating": 2,
    "best_solution": [
        2123.8411301017627,
        1732.8192270945942,
        0.72817058244215,
        6.824800772974424,
        1178.426145451451,
        2609.7909880935845,
        1.0985933934082261,
        6.68430537362601,
        1087.055381279735,
        172.18061057672307,
        -2.787737881566791,
        14.295143614679468
    ],
    "best_fitness": [
        -0.854355357836214
    ],
    "mutate_eta": 15,
    "mutate_prob": 0.5,
    "crossover_eta": 20,
    "crossover_prob": 0.2,
    "error_message": null,
    "timestamp": "2024-06-22T12:50:59.787046"
}