{
    "algorithm_desc": "pygad_algorithm",
    "config_name": "two_way_overtaking",
    "random_seed": 1,
    "evaluation_time": 2.511857,
    "number_of_generations": 1000,
    "population_size": 2,
    "num_parents_mating": 2,
    "best_solution": [
        1859.7154230329243,
        1361.9551911183678,
        -17.264291549387814,
        -4.030959279428409,
        112.18392162049645,
        1175.9974154949746,
        -5.145372888948755,
        -0.13789518907638154,
        3352.6133555267565,
        1758.549077120047,
        -20.322200876660407,
        -5.046039540026593
    ],
    "best_fitness": [
        -0.14138121394994557
    ],
    "mutate_eta": 10,
    "mutate_prob": 0.2,
    "crossover_eta": 20,
    "crossover_prob": 0.2,
    "error_message": null,
    "timestamp": "2024-06-23T09:58:56.001972"
}