{
    "algorithm_desc": "pygad_algorithm",
    "config_name": "two_way_overtaking",
    "random_seed": 1,
    "evaluation_time": 307.175137,
    "number_of_generations": 1000,
    "population_size": 150,
    "num_parents_mating": 2,
    "best_solution": [
        1956.7764734790446,
        871.9728986610045,
        9.819073891007271,
        -5.877273858645646,
        3134.5845225530556,
        234.2957546421502,
        6.591182448301616,
        -4.2468533269298305,
        547.3543356406126,
        1856.9648419077655,
        20.218852102737827,
        -15.718413807631118
    ],
    "best_fitness": [
        -0.19977394952971303
    ],
    "mutate_eta": 15,
    "mutate_prob": 0.8,
    "crossover_eta": 1,
    "crossover_prob": 0.2,
    "error_message": null,
    "timestamp": "2024-06-22T15:13:21.240524"
}