{
    "algorithm_desc": "pygad_algorithm",
    "config_name": "two_way_overtaking",
    "random_seed": 1,
    "evaluation_time": 74.00068,
    "number_of_generations": 2000,
    "population_size": 20,
    "num_parents_mating": 10,
    "best_solution": [
        2173.3110342350374,
        1506.0424394721476,
        8.272814304890566,
        7.6890195134212505,
        3315.148189999767,
        2988.2744430235884,
        1.398648011210092,
        1.8262922967475959,
        725.1816134723997,
        224.9882951654213,
        10.777808144376763,
        9.656331253776223
    ],
    "best_fitness": [
        -0.05531585313429821
    ],
    "mutate_eta": 15,
    "mutate_prob": 0.2,
    "crossover_eta": 10,
    "crossover_prob": 0.2,
    "error_message": null,
    "timestamp": "2024-06-22T05:24:51.548524"
}