{
    "algorithm_desc": "pygad_algorithm",
    "config_name": "two_way_overtaking",
    "random_seed": 1,
    "evaluation_time": 169.570608,
    "number_of_generations": 400,
    "population_size": 200,
    "num_parents_mating": 8,
    "best_solution": [
        2396.347703742859,
        1471.2739720110937,
        7.3481812578332075,
        12.564564721173703,
        2386.6948877068435,
        3421.8497200277466,
        2.5219515387614884,
        9.602832197754356,
        1473.744585847183,
        71.85725359995243,
        8.742344436826485,
        16.747531425771648
    ],
    "best_fitness": [
        -0.43197118946495816
    ],
    "mutate_eta": 20,
    "mutate_prob": 0.8,
    "crossover_eta": 15,
    "crossover_prob": 0.2,
    "error_message": null,
    "timestamp": "2024-06-20T20:30:17.006574"
}