{
    "algorithm_desc": "pygad_algorithm",
    "config_name": "two_way_overtaking",
    "random_seed": 1,
    "evaluation_time": 77.173959,
    "number_of_generations": 2000,
    "population_size": 20,
    "num_parents_mating": 8,
    "best_solution": [
        1332.5584534858378,
        1699.75438931814,
        13.791544905813709,
        -7.326105967264912,
        2953.372665591215,
        825.0478405472651,
        11.187870352110757,
        -6.018718416115947,
        27.556012343542825,
        2959.7724501545026,
        19.415485425356415,
        -13.713974715875212
    ],
    "best_fitness": [
        -0.07682603444140085
    ],
    "mutate_eta": 20,
    "mutate_prob": 0.2,
    "crossover_eta": 1,
    "crossover_prob": 0.8,
    "error_message": null,
    "timestamp": "2024-06-23T13:54:35.994139"
}