{
    "algorithm_desc": "pygad_algorithm",
    "config_name": "two_way_overtaking",
    "random_seed": 1,
    "evaluation_time": 36.858676,
    "number_of_generations": 1000,
    "population_size": 20,
    "num_parents_mating": 2,
    "best_solution": [
        1547.6784713222214,
        1587.0076227324396,
        -11.069099688601268,
        -9.511381944033765,
        137.2878874730905,
        356.8491135139103,
        -9.039576578161292,
        -7.888433486767932,
        2973.0849559539442,
        2793.599152495991,
        -16.234735969003697,
        -13.406125688038172
    ],
    "best_fitness": [
        -0.0025759329285873055
    ],
    "mutate_eta": 15,
    "mutate_prob": 0.2,
    "crossover_eta": 1,
    "crossover_prob": 1,
    "error_message": null,
    "timestamp": "2024-06-22T21:07:03.659072"
}