{
    "algorithm_desc": "pygad_algorithm",
    "config_name": "two_way_overtaking",
    "random_seed": 1,
    "evaluation_time": 5.265352,
    "number_of_generations": 50,
    "population_size": 50,
    "num_parents_mating": 10,
    "best_solution": [
        1764.1820589620047,
        1122.1746218290762,
        7.779281756795566,
        18.86167397384864,
        2247.8664287891934,
        2598.453255502349,
        4.237213740132109,
        10.608053743177862,
        3069.7773654612333,
        542.1798046192652,
        -15.444883798342957,
        9.367355662545652
    ],
    "best_fitness": [
        -0.8029321770394287
    ],
    "mutate_eta": 5,
    "mutate_prob": 0.5,
    "crossover_eta": 10,
    "crossover_prob": 1,
    "error_message": null,
    "timestamp": "2024-06-21T11:47:25.183851"
}