{
    "algorithm_desc": "pygad_algorithm",
    "config_name": "two_way_overtaking",
    "random_seed": 1,
    "evaluation_time": 35.194766,
    "number_of_generations": 2000,
    "population_size": 10,
    "num_parents_mating": 4,
    "best_solution": [
        2284.040537616988,
        1787.093996742169,
        -7.5229647232287515,
        11.505268802786823,
        1303.1737609168883,
        3298.8283151899086,
        -5.303011842658115,
        8.065147860498982,
        3344.2748276443476,
        242.3589320582133,
        -12.480730101084974,
        17.97197970984432
    ],
    "best_fitness": [
        -0.007207412388719348
    ],
    "mutate_eta": 5,
    "mutate_prob": 0.2,
    "crossover_eta": 5,
    "crossover_prob": 0.5,
    "error_message": null,
    "timestamp": "2024-06-22T14:21:31.816154"
}