{
    "algorithm_desc": "pygad_algorithm",
    "config_name": "two_way_overtaking",
    "random_seed": 1,
    "evaluation_time": 400.560959,
    "number_of_generations": 1000,
    "population_size": 200,
    "num_parents_mating": 2,
    "best_solution": [
        1373.312255722239,
        1724.2894776312758,
        9.348988555632118,
        -10.842114403007626,
        2631.944359170976,
        342.86947549095595,
        4.679811946179068,
        -5.025777479191664,
        188.68884373381738,
        3079.8636499474214,
        15.007103995913141,
        -18.202700840062224
    ],
    "best_fitness": [
        -0.008269452400794366
    ],
    "mutate_eta": 5,
    "mutate_prob": 0.5,
    "crossover_eta": 5,
    "crossover_prob": 0.5,
    "error_message": null,
    "timestamp": "2024-06-23T10:00:22.801646"
}