{
    "algorithm_desc": "pygad_algorithm",
    "config_name": "two_way_overtaking",
    "random_seed": 1,
    "evaluation_time": 4.045896,
    "number_of_generations": 200,
    "population_size": 10,
    "num_parents_mating": 2,
    "best_solution": [
        982.8724209448346,
        1936.282190169941,
        16.641480532903095,
        13.657732309637694,
        2822.6259942640454,
        2550.332802998037,
        13.976202972935454,
        13.533838642630812,
        542.2349484474598,
        477.6864787524234,
        12.273728202430554,
        20.04710961235871
    ],
    "best_fitness": [
        -0.6198913784434668
    ],
    "mutate_eta": 20,
    "mutate_prob": 0.5,
    "crossover_eta": 5,
    "crossover_prob": 1,
    "error_message": null,
    "timestamp": "2024-06-21T14:01:14.896392"
}