{
    "algorithm_desc": "pygad_algorithm",
    "config_name": "two_way_overtaking",
    "random_seed": 1,
    "evaluation_time": 280.446192,
    "number_of_generations": 1000,
    "population_size": 150,
    "num_parents_mating": 2,
    "best_solution": [
        2199.8877636914813,
        1739.3087569222298,
        -0.019333453087259755,
        2.879084612195303,
        2199.8877636914813,
        3498.654300780546,
        0.0,
        1.8129318285095337,
        2211.8679780203424,
        3.0643056740304875,
        -1.1584214111887903,
        20.50694190932608
    ],
    "best_fitness": [
        -0.02654134040102384
    ],
    "mutate_eta": 10,
    "mutate_prob": 0.2,
    "crossover_eta": 15,
    "crossover_prob": 1,
    "error_message": null,
    "timestamp": "2024-06-23T15:36:52.464185"
}