{
    "algorithm_desc": "pygad_algorithm",
    "config_name": "two_way_overtaking",
    "random_seed": 1,
    "evaluation_time": 14.57178,
    "number_of_generations": 400,
    "population_size": 20,
    "num_parents_mating": 4,
    "best_solution": [
        1735.279522421793,
        1724.9972034592051,
        8.275850021713353,
        0.7715011586098619,
        3391.174174526828,
        1725.0823579544247,
        0.8391547126073498,
        0.0,
        14.542557990444127,
        1489.8057745647504,
        19.466005683825912,
        3.1061723932032734
    ],
    "best_fitness": [
        -0.07705826344296125
    ],
    "mutate_eta": 10,
    "mutate_prob": 0.2,
    "crossover_eta": 5,
    "crossover_prob": 0.5,
    "error_message": null,
    "timestamp": "2024-06-21T06:20:46.451084"
}