{
    "algorithm_desc": "pygad_algorithm",
    "config_name": "two_way_overtaking",
    "random_seed": 1,
    "evaluation_time": 80.090771,
    "number_of_generations": 2000,
    "population_size": 20,
    "num_parents_mating": 4,
    "best_solution": [
        1653.8902259387698,
        1186.0153371713855,
        -16.62992129870293,
        10.276707496562707,
        1900.3050543450634,
        2932.60880340973,
        -18.56779679267687,
        8.146146204251494,
        3318.5478663505737,
        501.93387822197826,
        -17.03857828971657,
        11.279747746189376
    ],
    "best_fitness": [
        -0.7616459483279114
    ],
    "mutate_eta": 5,
    "mutate_prob": 0.8,
    "crossover_eta": 10,
    "crossover_prob": 0.2,
    "error_message": null,
    "timestamp": "2024-06-22T21:52:45.909940"
}