{
    "algorithm_desc": "pygad_algorithm",
    "config_name": "two_way_overtaking",
    "random_seed": 1,
    "evaluation_time": 41.600801,
    "number_of_generations": 400,
    "population_size": 50,
    "num_parents_mating": 10,
    "best_solution": [
        1792.6522508567666,
        646.4964527489092,
        19.001153295920183,
        4.9312712253543936,
        3253.577803827243,
        1079.0823862200818,
        8.040913437303317,
        1.9607108912083469,
        673.9752073828394,
        2604.3699525823445,
        19.025450513182406,
        -16.22602047421796
    ],
    "best_fitness": [
        -0.6525151160666929
    ],
    "mutate_eta": 1,
    "mutate_prob": 0.8,
    "crossover_eta": 10,
    "crossover_prob": 0.8,
    "error_message": null,
    "timestamp": "2024-06-21T11:12:37.648402"
}