{
    "algorithm_desc": "pygad_algorithm",
    "config_name": "two_way_overtaking",
    "random_seed": 1,
    "evaluation_time": 9.892374,
    "number_of_generations": 100,
    "population_size": 50,
    "num_parents_mating": 10,
    "best_solution": [
        1483.0519457402268,
        2390.784827038078,
        6.509635740533685,
        6.197155748398508,
        2893.9662834108844,
        3420.023739568825,
        0.871151166533263,
        0.40105082135709225,
        155.09079541586607,
        1159.6063638180954,
        17.021445917344344,
        17.02476379502054
    ],
    "best_fitness": [
        -0.09468317258519493
    ],
    "mutate_eta": 5,
    "mutate_prob": 0.2,
    "crossover_eta": 10,
    "crossover_prob": 0.8,
    "error_message": null,
    "timestamp": "2024-06-21T19:22:01.535964"
}