{
    "algorithm_desc": "pygad_algorithm",
    "config_name": "two_way_overtaking",
    "random_seed": 1,
    "evaluation_time": 16.483758,
    "number_of_generations": 50,
    "population_size": 150,
    "num_parents_mating": 8,
    "best_solution": [
        1843.1840502108187,
        2070.742913741937,
        9.394982437159246,
        -11.207683708180259,
        3308.6570740618313,
        583.4132975463338,
        11.623591545767688,
        -7.492990689005978,
        996.4963563636934,
        3100.654269053432,
        19.95591286593104,
        -18.127993814921876
    ],
    "best_fitness": [
        -0.6304657074319688
    ],
    "mutate_eta": 5,
    "mutate_prob": 0.8,
    "crossover_eta": 15,
    "crossover_prob": 0.2,
    "error_message": null,
    "timestamp": "2024-06-21T02:15:41.973842"
}