{
    "algorithm_desc": "pygad_algorithm",
    "config_name": "two_way_overtaking",
    "random_seed": 1,
    "evaluation_time": 37.612294,
    "number_of_generations": 2000,
    "population_size": 10,
    "num_parents_mating": 10,
    "best_solution": [
        1911.7965221694462,
        1837.6297389950362,
        -13.454183382612609,
        -11.17991223825838,
        630.3518144044075,
        483.7403864718578,
        -5.067295550274791,
        -3.056055652739879,
        3106.358367634812,
        3184.5717706466353,
        -18.53860438296487,
        -17.334169364802356
    ],
    "best_fitness": [
        -0.11369898890223352
    ],
    "mutate_eta": 20,
    "mutate_prob": 0.2,
    "crossover_eta": 20,
    "crossover_prob": 0.5,
    "error_message": null,
    "timestamp": "2024-06-22T12:50:12.746337"
}