{
    "algorithm_desc": "pygad_algorithm",
    "config_name": "two_way_overtaking",
    "random_seed": 1,
    "evaluation_time": 2.114796,
    "number_of_generations": 100,
    "population_size": 10,
    "num_parents_mating": 2,
    "best_solution": [
        400.89792834322594,
        1519.670133371257,
        -3.1434626878047176,
        18.90245435070547,
        177.4009554611138,
        1941.1626239903753,
        -4.467746827873036,
        7.547024372975219,
        917.1191936457667,
        76.21962266813482,
        -19.82083586246382,
        18.390813599898692
    ],
    "best_fitness": [
        -0.9199648104400151
    ],
    "mutate_eta": 15,
    "mutate_prob": 0.8,
    "crossover_eta": 1,
    "crossover_prob": 0.2,
    "error_message": null,
    "timestamp": "2024-06-21T14:08:19.591147"
}