{
    "algorithm_desc": "pygad_algorithm",
    "config_name": "two_way_overtaking",
    "random_seed": 1,
    "evaluation_time": 0.548993,
    "number_of_generations": 50,
    "population_size": 5,
    "num_parents_mating": 2,
    "best_solution": [
        1608.6537408379722,
        2251.7091610348716,
        15.474545648471342,
        13.995914231561308,
        2826.590022338542,
        2777.913111735037,
        2.782994840198736,
        -13.312875577561858,
        326.00779585519945,
        1240.7133313166714,
        16.764993142403263,
        13.539398413985744
    ],
    "best_fitness": [
        -1.1054585098755327
    ],
    "mutate_eta": 15,
    "mutate_prob": 0.5,
    "crossover_eta": 5,
    "crossover_prob": 0.5,
    "error_message": null,
    "timestamp": "2024-06-21T16:58:57.076592"
}