{
    "algorithm_desc": "pygad_algorithm",
    "config_name": "two_way_overtaking",
    "random_seed": 1,
    "evaluation_time": 1.981478,
    "number_of_generations": 50,
    "population_size": 20,
    "num_parents_mating": 8,
    "best_solution": [
        1987.7968373492008,
        2092.6585532878644,
        -7.939349272644046,
        -3.679266960376669,
        1040.3450585558674,
        1626.1078912702194,
        -3.892787984454845,
        -2.0501499270702332,
        3336.172015802406,
        2208.114623565048,
        -19.006389074909304,
        -1.2233675504966897
    ],
    "best_fitness": [
        -0.4691114701071671
    ],
    "mutate_eta": 1,
    "mutate_prob": 0.2,
    "crossover_eta": 20,
    "crossover_prob": 0.2,
    "error_message": null,
    "timestamp": "2024-06-23T02:13:46.828362"
}