{
    "algorithm_desc": "pygad_algorithm",
    "config_name": "two_way_overtaking",
    "random_seed": 1,
    "evaluation_time": 70.160604,
    "number_of_generations": 2000,
    "population_size": 20,
    "num_parents_mating": 2,
    "best_solution": [
        1739.9625460207394,
        2199.8877636914813,
        -6.014454384297759,
        0.0,
        6.454214924714485,
        2199.8877636914813,
        -3.9705913410694507,
        0.0,
        3496.812529178429,
        2201.3149993332854,
        -19.708753686952377,
        0.7665424800370495
    ],
    "best_fitness": [
        -0.02809328415563911
    ],
    "mutate_eta": 20,
    "mutate_prob": 0.2,
    "crossover_eta": 1,
    "crossover_prob": 0.2,
    "error_message": null,
    "timestamp": "2024-06-23T13:27:57.972656"
}