{
    "algorithm_desc": "pygad_algorithm",
    "config_name": "two_way_overtaking",
    "random_seed": 1,
    "evaluation_time": 97.861147,
    "number_of_generations": 1000,
    "population_size": 50,
    "num_parents_mating": 4,
    "best_solution": [
        1848.1287825426557,
        1397.3015273267808,
        7.313374994077591,
        -4.405069964894018,
        3326.772952731043,
        390.7094081360443,
        3.7214719508696525,
        -2.3893809013648806,
        304.6180876286522,
        1889.6908299311983,
        17.480954752184296,
        -8.67225024305253
    ],
    "best_fitness": [
        -0.12797537729795716
    ],
    "mutate_eta": 15,
    "mutate_prob": 0.5,
    "crossover_eta": 15,
    "crossover_prob": 0.2,
    "error_message": null,
    "timestamp": "2024-06-21T02:45:06.541626"
}