{
    "algorithm_desc": "pygad_algorithm",
    "config_name": "two_way_overtaking",
    "random_seed": 1,
    "evaluation_time": 9.916777,
    "number_of_generations": 100,
    "population_size": 50,
    "num_parents_mating": 2,
    "best_solution": [
        2358.112217408867,
        1289.595276383655,
        -7.058224835480747,
        -14.633317269218939,
        951.8789688461101,
        44.557222249622995,
        -3.250104418722863,
        -11.173675012183963,
        2480.5548165177192,
        3140.09550369318,
        -7.10174615868215,
        -18.388814352357798
    ],
    "best_fitness": [
        -0.24162714315221678
    ],
    "mutate_eta": 20,
    "mutate_prob": 0.5,
    "crossover_eta": 15,
    "crossover_prob": 0.2,
    "error_message": null,
    "timestamp": "2024-06-23T06:55:14.356066"
}