{
    "algorithm_desc": "pygad_algorithm",
    "config_name": "two_way_overtaking",
    "random_seed": 1,
    "evaluation_time": 4.196657,
    "number_of_generations": 200,
    "population_size": 10,
    "num_parents_mating": 8,
    "best_solution": [
        1413.6064300003404,
        78.2616649303255,
        -7.157194265276194,
        4.425595893310398,
        87.10983985728605,
        821.930012337046,
        -6.683996243277825,
        -19.327422533583338,
        3394.1389470265362,
        809.7002739721723,
        -14.745779920698823,
        2.0287594432000695
    ],
    "best_fitness": [
        -1.1194148713599803
    ],
    "mutate_eta": 1,
    "mutate_prob": 0.8,
    "crossover_eta": 20,
    "crossover_prob": 1,
    "error_message": null,
    "timestamp": "2024-06-22T09:20:10.413070"
}