{
    "algorithm_desc": "pygad_algorithm",
    "config_name": "two_way_overtaking",
    "random_seed": 1,
    "evaluation_time": 18.892573,
    "number_of_generations": 200,
    "population_size": 50,
    "num_parents_mating": 8,
    "best_solution": [
        1741.8765014708422,
        1803.6902519374296,
        9.260411394774117,
        5.420439986430907,
        3368.5264108334163,
        2775.6292055677322,
        5.518271992364898,
        3.3113124184343405,
        203.08909762799703,
        903.3145656667997,
        18.502055559439277,
        10.178630405997051
    ],
    "best_fitness": [
        -0.005376676010534588
    ],
    "mutate_eta": 1,
    "mutate_prob": 0.2,
    "crossover_eta": 20,
    "crossover_prob": 0.5,
    "error_message": null,
    "timestamp": "2024-06-22T02:00:13.675923"
}