{
    "algorithm_desc": "pygad_algorithm",
    "config_name": "two_way_overtaking",
    "random_seed": 1,
    "evaluation_time": 35.025497,
    "number_of_generations": 1000,
    "population_size": 20,
    "num_parents_mating": 4,
    "best_solution": [
        1425.7519691779512,
        1615.7234028669673,
        -7.666256382826061,
        -12.473926060520604,
        474.09681801265407,
        81.09055761380868,
        -2.2419795337565525,
        -3.7219085449377403,
        2438.5875933631532,
        3159.9659936181474,
        -11.09797204191607,
        -18.32386353173212
    ],
    "best_fitness": [
        -0.012577340734339288
    ],
    "mutate_eta": 5,
    "mutate_prob": 0.2,
    "crossover_eta": 1,
    "crossover_prob": 0.2,
    "error_message": null,
    "timestamp": "2024-06-21T13:13:54.810254"
}