{
    "algorithm_desc": "pygad_algorithm",
    "config_name": "two_way_overtaking",
    "random_seed": 1,
    "evaluation_time": 809.923622,
    "number_of_generations": 2000,
    "population_size": 200,
    "num_parents_mating": 10,
    "best_solution": [
        1710.8832584965928,
        1601.9093082147838,
        -10.332117157424678,
        10.98226227476366,
        511.35276448823487,
        2980.3089594026846,
        -1.212339911710668,
        1.6720695661939118,
        2869.2683885100532,
        234.0633128577678,
        -20.056901175825057,
        19.5908705915363
    ],
    "best_fitness": [
        -0.05941224359715194
    ],
    "mutate_eta": 15,
    "mutate_prob": 0.5,
    "crossover_eta": 15,
    "crossover_prob": 0.2,
    "error_message": null,
    "timestamp": "2024-06-21T10:09:34.609454"
}