{
    "algorithm_desc": "pygad_algorithm",
    "config_name": "two_way_overtaking",
    "random_seed": 1,
    "evaluation_time": 2.117776,
    "number_of_generations": 50,
    "population_size": 20,
    "num_parents_mating": 2,
    "best_solution": [
        1452.3583633799406,
        672.9742968783728,
        16.014999465636052,
        -0.9101802845394893,
        3239.415313059451,
        49.323029673550344,
        17.61437514988127,
        3.3910922277783193,
        762.5004347232804,
        2390.394855197922,
        9.169847947884993,
        -8.003155988794383
    ],
    "best_fitness": [
        -1.1601186946636282
    ],
    "mutate_eta": 5,
    "mutate_prob": 0.8,
    "crossover_eta": 5,
    "crossover_prob": 0.5,
    "error_message": null,
    "timestamp": "2024-06-23T05:25:52.661699"
}