{
    "algorithm_desc": "pygad_algorithm",
    "config_name": "two_way_overtaking",
    "random_seed": 1,
    "evaluation_time": 83.600661,
    "number_of_generations": 200,
    "population_size": 200,
    "num_parents_mating": 4,
    "best_solution": [
        1861.4976286898232,
        1850.1238129399635,
        3.957363449649584,
        18.59301069551769,
        2122.779792937946,
        3068.1491427064766,
        -0.5885079536909075,
        9.51075687853691,
        3242.2188927797642,
        367.84359155083115,
        2.2621493176515273,
        20.092392889379582
    ],
    "best_fitness": [
        -0.5561186400490642
    ],
    "mutate_eta": 5,
    "mutate_prob": 0.8,
    "crossover_eta": 20,
    "crossover_prob": 0.2,
    "error_message": null,
    "timestamp": "2024-06-20T16:59:23.169019"
}