{
    "algorithm_desc": "pygad_algorithm",
    "config_name": "two_way_overtaking",
    "random_seed": 1,
    "evaluation_time": 80.396739,
    "number_of_generations": 2000,
    "population_size": 20,
    "num_parents_mating": 4,
    "best_solution": [
        2020.2939036005632,
        260.23120708007247,
        -13.244395207592039,
        0.0,
        179.9488074013566,
        166.7128680139126,
        -9.00278225,
        0.42276922478935575,
        3334.908933022506,
        1486.579355690472,
        -18.20988411124146,
        -6.041038347289593
    ],
    "best_fitness": [
        -0.23920743692030397
    ],
    "mutate_eta": 1,
    "mutate_prob": 0.5,
    "crossover_eta": 15,
    "crossover_prob": 0.8,
    "error_message": null,
    "timestamp": "2024-06-22T10:39:49.469069"
}