{
    "algorithm_desc": "pygad_algorithm",
    "config_name": "two_way_overtaking",
    "random_seed": 1,
    "evaluation_time": 21.038131,
    "number_of_generations": 200,
    "population_size": 50,
    "num_parents_mating": 4,
    "best_solution": [
        2367.9397402586296,
        380.7302163212175,
        15.626968850089568,
        18.987749765633893,
        3319.9467000383693,
        2061.177645568397,
        -1.4635329324690112,
        16.093290623948043,
        328.6154783717319,
        484.3536854471651,
        18.750718283229503,
        16.61582439501378
    ],
    "best_fitness": [
        -0.8073591550514704
    ],
    "mutate_eta": 5,
    "mutate_prob": 0.8,
    "crossover_eta": 1,
    "crossover_prob": 0.8,
    "error_message": null,
    "timestamp": "2024-06-22T11:41:50.898137"
}