{
    "algorithm_desc": "pygad_algorithm",
    "config_name": "two_way_overtaking",
    "random_seed": 1,
    "evaluation_time": 8.616444,
    "number_of_generations": 1000,
    "population_size": 5,
    "num_parents_mating": 2,
    "best_solution": [
        2016.005756299221,
        1909.423738440427,
        -13.767803627105334,
        -7.422403527852792,
        381.36235758682545,
        1058.2558187763595,
        -4.023543320835202,
        -2.0859459124258954,
        3473.0812199300053,
        2665.9469625762117,
        -20.322200876660407,
        -10.373231061102361
    ],
    "best_fitness": [
        -0.050828722965784445
    ],
    "mutate_eta": 10,
    "mutate_prob": 0.2,
    "crossover_eta": 20,
    "crossover_prob": 1,
    "error_message": null,
    "timestamp": "2024-06-20T20:16:11.137925"
}