{
    "algorithm_desc": "pygad_algorithm",
    "config_name": "two_way_overtaking",
    "random_seed": 1,
    "evaluation_time": 157.580225,
    "number_of_generations": 400,
    "population_size": 200,
    "num_parents_mating": 2,
    "best_solution": [
        3218.92017261202,
        1661.642651551363,
        0.2688171768942773,
        4.168812503339147,
        3288.960825594973,
        3487.7071964500046,
        0.09480659114259993,
        2.461214638584874,
        3268.89849542159,
        8.842853000664952,
        0.6487907810684632,
        14.92721307342132
    ],
    "best_fitness": [
        -0.0641992498792407
    ],
    "mutate_eta": 20,
    "mutate_prob": 0.5,
    "crossover_eta": 5,
    "crossover_prob": 0.2,
    "error_message": null,
    "timestamp": "2024-06-23T09:46:24.908905"
}