{
    "algorithm_desc": "pygad_algorithm",
    "config_name": "two_way_overtaking",
    "random_seed": 1,
    "evaluation_time": 1.035954,
    "number_of_generations": 50,
    "population_size": 10,
    "num_parents_mating": 10,
    "best_solution": [
        2430.408963509927,
        2740.3056731548954,
        -15.927620695143492,
        -8.549544963308835,
        453.4465668759502,
        1526.4430028837899,
        -5.067295550274791,
        -2.298345748658715,
        978.130582820189,
        3226.124791608675,
        2.160554162062997,
        -10.066105817453705
    ],
    "best_fitness": [
        -0.9531883797607467
    ],
    "mutate_eta": 15,
    "mutate_prob": 0.2,
    "crossover_eta": 1,
    "crossover_prob": 0.5,
    "error_message": null,
    "timestamp": "2024-06-22T08:51:48.069775"
}