{
    "algorithm_desc": "pygad_algorithm",
    "config_name": "two_way_overtaking",
    "random_seed": 1,
    "evaluation_time": 2.174347,
    "number_of_generations": 50,
    "population_size": 20,
    "num_parents_mating": 2,
    "best_solution": [
        1613.1093771493602,
        2863.718663582775,
        11.390677093031346,
        -7.972756253330726,
        2798.8516165477954,
        1547.7980804404406,
        -7.205093299253509,
        -3.9954350203644964,
        462.0267914986786,
        1597.5332740096196,
        19.961350010965234,
        9.034121973144803
    ],
    "best_fitness": [
        -1.138183209138298
    ],
    "mutate_eta": 1,
    "mutate_prob": 0.8,
    "crossover_eta": 1,
    "crossover_prob": 1,
    "error_message": null,
    "timestamp": "2024-06-23T05:18:17.356905"
}