{
    "algorithm_desc": "pygad_algorithm",
    "config_name": "two_way_overtaking",
    "random_seed": 1,
    "evaluation_time": 38.396054,
    "number_of_generations": 1000,
    "population_size": 20,
    "num_parents_mating": 2,
    "best_solution": [
        1394.2975793100115,
        1141.489375968085,
        -9.935203205303075,
        14.680296704827732,
        699.8828817655282,
        2114.1508442994095,
        -3.350968248735679,
        6.220895200434516,
        2877.791002046481,
        42.66920034730431,
        -11.92577840956279,
        15.948948326856033
    ],
    "best_fitness": [
        -0.28109559825434755
    ],
    "mutate_eta": 20,
    "mutate_prob": 0.5,
    "crossover_eta": 15,
    "crossover_prob": 0.5,
    "error_message": null,
    "timestamp": "2024-06-21T15:15:32.364610"
}