{
    "algorithm_desc": "pygad_algorithm",
    "config_name": "two_way_overtaking",
    "random_seed": 1,
    "evaluation_time": 4.262057,
    "number_of_generations": 100,
    "population_size": 20,
    "num_parents_mating": 2,
    "best_solution": [
        2273.23524076076,
        2030.207053678786,
        4.040071576659837,
        10.007276152418974,
        1229.7474722123832,
        3490.130841942258,
        -4.26103187608383,
        -0.5152584295420475,
        1688.844441980918,
        231.9559161438095,
        -3.2843882766646786,
        15.459771702574898
    ],
    "best_fitness": [
        -0.9611025645842836
    ],
    "mutate_eta": 1,
    "mutate_prob": 0.8,
    "crossover_eta": 5,
    "crossover_prob": 0.8,
    "error_message": null,
    "timestamp": "2024-06-21T17:04:03.952220"
}