{
    "algorithm_desc": "pygad_algorithm",
    "config_name": "two_way_overtaking",
    "random_seed": 1,
    "evaluation_time": 8.336506,
    "number_of_generations": 400,
    "population_size": 10,
    "num_parents_mating": 10,
    "best_solution": [
        2169.777254899621,
        1667.60473212116,
        -6.426544487717631,
        -14.004440997345608,
        2619.0433913478178,
        358.15080263305697,
        5.817689723235947,
        -16.76413921454837,
        3299.7358742854613,
        3265.9467123685286,
        -11.63201656547442,
        -20.068588212122062
    ],
    "best_fitness": [
        -0.7757177705881948
    ],
    "mutate_eta": 10,
    "mutate_prob": 1,
    "crossover_eta": 5,
    "crossover_prob": 0.2,
    "error_message": null,
    "timestamp": "2024-06-21T17:34:37.826421"
}