{
    "algorithm_desc": "pygad_algorithm",
    "config_name": "two_way_overtaking",
    "random_seed": 1,
    "evaluation_time": 8.998998,
    "number_of_generations": 1000,
    "population_size": 5,
    "num_parents_mating": 2,
    "best_solution": [
        2029.7014786740376,
        3121.573509003154,
        8.313188295020883,
        3.9620391569516187,
        3495.018427004933,
        3377.2836887372378,
        5.7808911006399875,
        2.0845243358720005,
        45.867876587373345,
        3125.860578629558,
        17.05676711723789,
        1.867564057919239
    ],
    "best_fitness": [
        -0.4053517445851309
    ],
    "mutate_eta": 5,
    "mutate_prob": 0.5,
    "crossover_eta": 1,
    "crossover_prob": 0.5,
    "error_message": null,
    "timestamp": "2024-06-21T19:07:11.021792"
}