{
    "algorithm_desc": "pygad_algorithm",
    "config_name": "two_way_overtaking",
    "random_seed": 1,
    "evaluation_time": 14.53648,
    "number_of_generations": 50,
    "population_size": 150,
    "num_parents_mating": 10,
    "best_solution": [
        1099.9438818457406,
        1727.3258121068534,
        0.0,
        16.154060963626378,
        1052.654436086415,
        3421.177852378262,
        0.0,
        15.668906655214904,
        1099.9438818457406,
        9.265724683156728,
        0.25345734085698624,
        20.479972710498195
    ],
    "best_fitness": [
        -0.05467214413521759
    ],
    "mutate_eta": 5,
    "mutate_prob": 0.2,
    "crossover_eta": 5,
    "crossover_prob": 0.8,
    "error_message": null,
    "timestamp": "2024-06-20T22:21:59.592190"
}