{
    "algorithm_desc": "pygad_algorithm",
    "config_name": "two_way_overtaking",
    "random_seed": 1,
    "evaluation_time": 4.099205,
    "number_of_generations": 100,
    "population_size": 20,
    "num_parents_mating": 10,
    "best_solution": [
        1495.5133083585335,
        1883.9271028416101,
        11.556972453921027,
        -10.378252973813785,
        3080.9019605127314,
        457.332467699085,
        10.550378005856814,
        -9.58349268493798,
        2141.939693677333,
        2597.062687434588,
        7.5352039190748314,
        -17.792533593281522
    ],
    "best_fitness": [
        -0.7872984208537106
    ],
    "mutate_eta": 10,
    "mutate_prob": 0.5,
    "crossover_eta": 5,
    "crossover_prob": 0.2,
    "error_message": null,
    "timestamp": "2024-06-21T17:34:33.615786"
}