{
    "algorithm_desc": "pygad_algorithm",
    "config_name": "two_way_overtaking",
    "random_seed": 1,
    "evaluation_time": 19.407886,
    "number_of_generations": 50,
    "population_size": 200,
    "num_parents_mating": 10,
    "best_solution": [
        3299.8316455372214,
        1699.4454052407789,
        0.0,
        -3.452274833321354,
        3299.8316455372214,
        8.514563440051026,
        0.0,
        -2.5331282407977156,
        3220.104966907548,
        3495.615686783086,
        -0.11807732099981294,
        -13.934088987421031
    ],
    "best_fitness": [
        -0.03926079748891309
    ],
    "mutate_eta": 15,
    "mutate_prob": 0.2,
    "crossover_eta": 15,
    "crossover_prob": 0.8,
    "error_message": null,
    "timestamp": "2024-06-21T06:07:48.794814"
}