{
    "algorithm_desc": "pygad_algorithm",
    "config_name": "two_way_overtaking",
    "random_seed": 1,
    "evaluation_time": 1.071052,
    "number_of_generations": 50,
    "population_size": 10,
    "num_parents_mating": 8,
    "best_solution": [
        2208.3572011883566,
        3262.9001091045175,
        16.75526887923015,
        -2.0265459625198616,
        3412.4695908549756,
        3062.158929243333,
        4.029231466253929,
        -1.982206897404403,
        710.7024675510492,
        2238.24632813962,
        3.2008485896373315,
        11.419386228381256
    ],
    "best_fitness": [
        -0.9144189260112238
    ],
    "mutate_eta": 20,
    "mutate_prob": 0.5,
    "crossover_eta": 15,
    "crossover_prob": 0.2,
    "error_message": null,
    "timestamp": "2024-06-21T22:43:31.506910"
}