{
    "algorithm_desc": "pygad_algorithm",
    "config_name": "two_way_overtaking",
    "random_seed": 1,
    "evaluation_time": 659.044632,
    "number_of_generations": 2000,
    "population_size": 150,
    "num_parents_mating": 8,
    "best_solution": [
        2340.6373782862597,
        192.31929525109592,
        6.5027506972286275,
        3.658973817794333,
        3360.1623562603504,
        870.4535922087684,
        1.0348985757795823,
        0.6494395433521696,
        801.9985209988569,
        964.1506365545488,
        13.020958396280562,
        0.2280885102743646
    ],
    "best_fitness": [
        -0.4577738133106243
    ],
    "mutate_eta": 5,
    "mutate_prob": 1,
    "crossover_eta": 1,
    "crossover_prob": 0.5,
    "error_message": null,
    "timestamp": "2024-06-23T17:13:55.268650"
}