{
    "algorithm_desc": "pygad_algorithm",
    "config_name": "two_way_overtaking",
    "random_seed": 1,
    "evaluation_time": 9.150903,
    "number_of_generations": 50,
    "population_size": 100,
    "num_parents_mating": 2,
    "best_solution": [
        2484.7806645363626,
        1808.7112671994676,
        -1.7724802781631048,
        3.4492170669973774,
        1719.3785506364916,
        3475.4999105042784,
        -0.5321417747252326,
        1.2101171330498985,
        3088.5803762314317,
        72.98888210296329,
        -2.5089238505931633,
        5.312682425095382
    ],
    "best_fitness": [
        -0.0469651862010949
    ],
    "mutate_eta": 15,
    "mutate_prob": 0.2,
    "crossover_eta": 15,
    "crossover_prob": 0.2,
    "error_message": null,
    "timestamp": "2024-06-20T18:24:40.215207"
}