{
    "algorithm_desc": "pygad_algorithm",
    "config_name": "two_way_overtaking",
    "random_seed": 1,
    "evaluation_time": 198.286022,
    "number_of_generations": 1000,
    "population_size": 100,
    "num_parents_mating": 2,
    "best_solution": [
        2207.6349721783863,
        1557.5913637010742,
        6.875562001713849,
        -6.598134156453753,
        3451.89399680015,
        262.8669487392171,
        3.3801114391265585,
        -2.760447201565043,
        903.9471364989315,
        2791.1673074884034,
        18.12724486109824,
        -18.70920813493908
    ],
    "best_fitness": [
        -0.03609076965099807
    ],
    "mutate_eta": 1,
    "mutate_prob": 0.5,
    "crossover_eta": 15,
    "crossover_prob": 0.5,
    "error_message": null,
    "timestamp": "2024-06-21T01:01:16.515879"
}