{
    "algorithm_desc": "pygad_algorithm",
    "config_name": "two_way_overtaking",
    "random_seed": 1,
    "evaluation_time": 4.298843,
    "number_of_generations": 200,
    "population_size": 10,
    "num_parents_mating": 8,
    "best_solution": [
        192.57631716172253,
        1901.8247742670308,
        -8.461405908702936,
        13.939459544621563,
        434.15431709824827,
        3389.340855515455,
        -18.47418034148769,
        3.728235722132215,
        1116.0058700441268,
        1213.5365942935575,
        -14.111427782518664,
        15.118410632439321
    ],
    "best_fitness": [
        -1.0001780712151433
    ],
    "mutate_eta": 1,
    "mutate_prob": 0.8,
    "crossover_eta": 5,
    "crossover_prob": 0.2,
    "error_message": null,
    "timestamp": "2024-06-22T17:07:40.377250"
}