{
    "algorithm_desc": "pygad_algorithm",
    "config_name": "two_way_overtaking",
    "random_seed": 1,
    "evaluation_time": 104.343138,
    "number_of_generations": 1000,
    "population_size": 50,
    "num_parents_mating": 4,
    "best_solution": [
        1051.3694487850657,
        1718.441208071642,
        13.903949438741833,
        19.03496448964693,
        2613.7811953593055,
        2671.56380475724,
        9.752939076673051,
        4.779447259025286,
        442.4143318789619,
        154.75770326542815,
        18.750718283229503,
        19.034678072178785
    ],
    "best_fitness": [
        -0.6030691765110135
    ],
    "mutate_eta": 15,
    "mutate_prob": 0.8,
    "crossover_eta": 15,
    "crossover_prob": 0.8,
    "error_message": null,
    "timestamp": "2024-06-20T19:14:20.531782"
}