{
    "algorithm_desc": "pygad_algorithm",
    "config_name": "two_way_overtaking",
    "random_seed": 1,
    "evaluation_time": 0.989797,
    "number_of_generations": 50,
    "population_size": 10,
    "num_parents_mating": 2,
    "best_solution": [
        1430.1297366199371,
        1127.4532976516937,
        9.00278225,
        -7.822799499846621,
        3299.8316455372214,
        339.50397635117565,
        6.373254890378124,
        -6.3426458302097934,
        549.9719409228703,
        2778.8966295787995,
        20.382896035716207,
        -18.105369859550112
    ],
    "best_fitness": [
        -0.31198985801603596
    ],
    "mutate_eta": 10,
    "mutate_prob": 0.2,
    "crossover_eta": 20,
    "crossover_prob": 1,
    "error_message": null,
    "timestamp": "2024-06-21T01:17:48.797555"
}