{
    "algorithm_desc": "pygad_algorithm",
    "config_name": "two_way_overtaking",
    "random_seed": 1,
    "evaluation_time": 8.086148,
    "number_of_generations": 200,
    "population_size": 20,
    "num_parents_mating": 2,
    "best_solution": [
        1865.0215140742857,
        1666.931207022117,
        0.7748059312157274,
        9.51073220385955,
        1431.2382547888683,
        3493.6396998347122,
        1.1534178906592274,
        7.838742228276956,
        514.9150079204596,
        181.80377366119848,
        9.639300744061622,
        20.336627084478884
    ],
    "best_fitness": [
        -0.29344980965511086
    ],
    "mutate_eta": 1,
    "mutate_prob": 0.5,
    "crossover_eta": 5,
    "crossover_prob": 0.8,
    "error_message": null,
    "timestamp": "2024-06-23T05:25:24.987144"
}