{
    "algorithm_desc": "pygad_algorithm",
    "config_name": "two_way_overtaking",
    "random_seed": 1,
    "evaluation_time": 203.784984,
    "number_of_generations": 2000,
    "population_size": 50,
    "num_parents_mating": 10,
    "best_solution": [
        2179.2739244998097,
        1820.8512047275708,
        -6.648731167603666,
        7.977719666268374,
        1146.1307529839362,
        3217.967123018891,
        -5.493683345499118,
        7.586976127063856,
        3365.759953195573,
        23.018632291424478,
        -15.15415338498638,
        18.486238041698606
    ],
    "best_fitness": [
        -0.26502154972673075
    ],
    "mutate_eta": 1,
    "mutate_prob": 0.5,
    "crossover_eta": 5,
    "crossover_prob": 0.8,
    "error_message": null,
    "timestamp": "2024-06-22T21:03:39.693298"
}