{
    "algorithm_desc": "pygad_algorithm",
    "config_name": "two_way_overtaking",
    "random_seed": 1,
    "evaluation_time": 35.251161,
    "number_of_generations": 400,
    "population_size": 50,
    "num_parents_mating": 2,
    "best_solution": [
        2711.8420839372807,
        1736.7473238197792,
        -7.013023609425362,
        -14.47327213577664,
        1807.8234376906414,
        144.3331492957523,
        -1.9875976046069503,
        -3.478956225998626,
        3498.953637000269,
        3361.7210246417585,
        -8.942157301097414,
        -19.138085139547794
    ],
    "best_fitness": [
        -0.009676944507066682
    ],
    "mutate_eta": 5,
    "mutate_prob": 0.2,
    "crossover_eta": 1,
    "crossover_prob": 0.2,
    "error_message": null,
    "timestamp": "2024-06-23T04:41:44.895876"
}