{
    "algorithm_desc": "pygad_algorithm",
    "config_name": "two_way_overtaking",
    "random_seed": 1,
    "evaluation_time": 2.831468,
    "number_of_generations": 1000,
    "population_size": 2,
    "num_parents_mating": 2,
    "best_solution": [
        1997.0540720730933,
        2171.1625723971415,
        11.960501658577328,
        3.209269621111229,
        3353.49035969884,
        2376.7409279790036,
        8.973164137539996,
        2.049148812178146,
        678.5624557134614,
        3044.867278100579,
        10.827287148993236,
        -2.291329393921128
    ],
    "best_fitness": [
        -0.7479885808275352
    ],
    "mutate_eta": 5,
    "mutate_prob": 0.5,
    "crossover_eta": 10,
    "crossover_prob": 0.5,
    "error_message": null,
    "timestamp": "2024-06-20T22:28:08.871553"
}