{
    "algorithm_desc": "pygad_algorithm",
    "config_name": "two_way_overtaking",
    "random_seed": 1,
    "evaluation_time": 9.437135,
    "number_of_generations": 50,
    "population_size": 100,
    "num_parents_mating": 2,
    "best_solution": [
        3299.8316455372214,
        1691.8824948218664,
        0.0,
        6.349972980924353,
        3299.8316455372214,
        3491.197474549153,
        0.0,
        4.298942425199289,
        3414.498802278895,
        42.95227818927877,
        -1.8093339882564514,
        20.173467223008174
    ],
    "best_fitness": [
        -0.054970523789941696
    ],
    "mutate_eta": 10,
    "mutate_prob": 0.2,
    "crossover_eta": 5,
    "crossover_prob": 0.8,
    "error_message": null,
    "timestamp": "2024-06-23T05:08:05.560252"
}