{
    "algorithm_desc": "pygad_algorithm",
    "config_name": "two_way_overtaking",
    "random_seed": 1,
    "evaluation_time": 4.124009,
    "number_of_generations": 200,
    "population_size": 10,
    "num_parents_mating": 2,
    "best_solution": [
        1785.7140075808613,
        1519.670133371257,
        0.957467742592641,
        16.824414826889218,
        608.3155245968907,
        2642.2132814488114,
        -2.1087384244698555,
        7.547024372975219,
        2603.766694278103,
        76.21962266813482,
        -15.39178982278207,
        20.559191923234067
    ],
    "best_fitness": [
        -0.8512914070993005
    ],
    "mutate_eta": 10,
    "mutate_prob": 0.8,
    "crossover_eta": 15,
    "crossover_prob": 0.2,
    "error_message": null,
    "timestamp": "2024-06-23T17:31:26.519950"
}