{
    "algorithm_desc": "pygad_algorithm",
    "config_name": "two_way_overtaking",
    "random_seed": 1,
    "evaluation_time": 38.543025,
    "number_of_generations": 1000,
    "population_size": 20,
    "num_parents_mating": 10,
    "best_solution": [
        1164.992721824234,
        2235.817950519057,
        9.992802505871005,
        8.712113868582549,
        2560.601629889583,
        3414.4649015099576,
        5.5121234507936165,
        4.133904677223995,
        122.51825374321773,
        649.9726116864824,
        16.745334105030985,
        17.871301391542858
    ],
    "best_fitness": [
        -0.09262792050683645
    ],
    "mutate_eta": 15,
    "mutate_prob": 0.2,
    "crossover_eta": 1,
    "crossover_prob": 0.5,
    "error_message": null,
    "timestamp": "2024-06-22T15:44:30.823612"
}