{
    "algorithm_desc": "pygad_algorithm",
    "config_name": "two_way_overtaking",
    "random_seed": 1,
    "evaluation_time": 40.632641,
    "number_of_generations": 100,
    "population_size": 200,
    "num_parents_mating": 4,
    "best_solution": [
        1919.3500743699697,
        1895.817943501457,
        -6.623272599961361,
        -14.835468146616059,
        827.6904806429425,
        385.9378737437221,
        -4.016854171944377,
        -7.037931055264293,
        3111.057251594578,
        3321.7587515212904,
        -10.629801846530084,
        -17.003926634730835
    ],
    "best_fitness": [
        -0.24011614948779683
    ],
    "mutate_eta": 20,
    "mutate_prob": 0.5,
    "crossover_eta": 15,
    "crossover_prob": 0.5,
    "error_message": null,
    "timestamp": "2024-06-21T08:52:37.186207"
}