{
    "algorithm_desc": "pygad_algorithm",
    "config_name": "two_way_overtaking",
    "random_seed": 1,
    "evaluation_time": 1.1255,
    "number_of_generations": 50,
    "population_size": 10,
    "num_parents_mating": 8,
    "best_solution": [
        2357.984362162183,
        663.5559006705499,
        -14.173902708940492,
        18.513687245879986,
        2669.3361773857237,
        2555.2889520909107,
        -17.931579715225016,
        10.031638575371542,
        593.4643298909143,
        1100.4602783676116,
        12.469346426369171,
        -15.328688363896145
    ],
    "best_fitness": [
        -1.283486304765263
    ],
    "mutate_eta": 10,
    "mutate_prob": 0.8,
    "crossover_eta": 5,
    "crossover_prob": 1,
    "error_message": null,
    "timestamp": "2024-06-21T02:52:15.010791"
}