{
    "algorithm_desc": "pygad_algorithm",
    "config_name": "two_way_overtaking",
    "random_seed": 1,
    "evaluation_time": 15.750388,
    "number_of_generations": 50,
    "population_size": 150,
    "num_parents_mating": 4,
    "best_solution": [
        3413.768245641186,
        844.816952732922,
        -0.9444942997296302,
        17.221261939687423,
        2591.050493105478,
        2722.5574321493086,
        3.280242927114152,
        9.51075687853691,
        2229.4112225114977,
        232.95707556660355,
        16.056120140027822,
        19.8322556993486
    ],
    "best_fitness": [
        -0.736473020231929
    ],
    "mutate_eta": 5,
    "mutate_prob": 0.8,
    "crossover_eta": 10,
    "crossover_prob": 0.2,
    "error_message": null,
    "timestamp": "2024-06-23T06:46:11.436555"
}