{
    "algorithm_desc": "pygad_algorithm",
    "config_name": "two_way_overtaking",
    "random_seed": 1,
    "evaluation_time": 21.48588,
    "number_of_generations": 50,
    "population_size": 200,
    "num_parents_mating": 2,
    "best_solution": [
        1879.8797456392565,
        1452.5246273467828,
        -0.5972169382656318,
        8.797873111478971,
        2349.508305255626,
        2776.9359269836646,
        -1.685386472661584,
        4.7099397179709825,
        2890.984712929271,
        63.933511982060374,
        -11.46284137492688,
        18.151136729130563
    ],
    "best_fitness": [
        -0.4907237839870283
    ],
    "mutate_eta": 1,
    "mutate_prob": 0.8,
    "crossover_eta": 20,
    "crossover_prob": 0.8,
    "error_message": null,
    "timestamp": "2024-06-22T01:58:32.852947"
}