{
    "algorithm_desc": "pygad_algorithm",
    "config_name": "two_way_overtaking",
    "random_seed": 1,
    "evaluation_time": 80.76175,
    "number_of_generations": 400,
    "population_size": 100,
    "num_parents_mating": 2,
    "best_solution": [
        1994.575619031432,
        1685.567836920555,
        7.991609137189812,
        3.9620391569516187,
        3473.8175231024156,
        2575.2208130493323,
        5.336031380953429,
        2.0845243358720005,
        247.25093376578593,
        1006.5377054383179,
        14.017478929945,
        6.718603159876963
    ],
    "best_fitness": [
        -0.08810984684291762
    ],
    "mutate_eta": 15,
    "mutate_prob": 0.5,
    "crossover_eta": 15,
    "crossover_prob": 0.8,
    "error_message": null,
    "timestamp": "2024-06-20T21:37:47.669885"
}