{
    "algorithm_desc": "pygad_algorithm",
    "config_name": "two_way_overtaking",
    "random_seed": 1,
    "evaluation_time": 1.095126,
    "number_of_generations": 50,
    "population_size": 10,
    "num_parents_mating": 8,
    "best_solution": [
        3032.194456810086,
        817.6765290653452,
        9.186739719978387,
        20.31136053565732,
        2411.845551457949,
        1901.7784621977223,
        1.5271455097735434,
        12.745482834736038,
        1663.2045394035108,
        69.71590363476653,
        20.145829630136305,
        12.32957357096668
    ],
    "best_fitness": [
        -1.1580378509967368
    ],
    "mutate_eta": 20,
    "mutate_prob": 0.8,
    "crossover_eta": 1,
    "crossover_prob": 0.8,
    "error_message": null,
    "timestamp": "2024-06-22T05:31:12.823673"
}