{
    "algorithm_desc": "pygad_algorithm",
    "config_name": "two_way_overtaking",
    "random_seed": 1,
    "evaluation_time": 3.334743,
    "number_of_generations": 400,
    "population_size": 5,
    "num_parents_mating": 4,
    "best_solution": [
        212.2675323952278,
        2111.7381188592235,
        7.096271616940303,
        6.995152169405628,
        940.4661413748636,
        2906.3614847846275,
        3.8452662748073685,
        3.323369706340987,
        329.12522262190214,
        962.1039043884082,
        3.791083073513061,
        20.080417839581763
    ],
    "best_fitness": [
        -0.6446525034063734
    ],
    "mutate_eta": 10,
    "mutate_prob": 0.2,
    "crossover_eta": 20,
    "crossover_prob": 0.2,
    "error_message": null,
    "timestamp": "2024-06-22T01:05:56.332092"
}