{
    "algorithm_desc": "pygad_algorithm",
    "config_name": "two_way_overtaking",
    "random_seed": 1,
    "evaluation_time": 107.551958,
    "number_of_generations": 400,
    "population_size": 150,
    "num_parents_mating": 4,
    "best_solution": [
        1518.3841384632021,
        1955.8052005858062,
        15.140704800255527,
        12.636376301394584,
        2904.686380063959,
        3124.5422660213694,
        10.257611594794277,
        8.660333649216977,
        81.84958245791945,
        753.8341634732659,
        18.462052980400806,
        15.13846563157768
    ],
    "best_fitness": [
        -0.0010495601850022667
    ],
    "mutate_eta": 10,
    "mutate_prob": 0.2,
    "crossover_eta": 20,
    "crossover_prob": 0.2,
    "error_message": null,
    "timestamp": "2024-06-21T20:49:25.987316"
}