{
    "algorithm_desc": "pygad_algorithm",
    "config_name": "two_way_overtaking",
    "random_seed": 1,
    "evaluation_time": 39.960296,
    "number_of_generations": 200,
    "population_size": 100,
    "num_parents_mating": 2,
    "best_solution": [
        1994.575619031432,
        3399.45298499181,
        7.613682660952708,
        -10.385872335863244,
        3087.016935676147,
        1664.1186653405734,
        2.871048257542057,
        -4.6436431054029175,
        224.59534839006946,
        3250.7286236320033,
        20.194769694903883,
        -8.364774490023231
    ],
    "best_fitness": [
        -0.3432056230177029
    ],
    "mutate_eta": 10,
    "mutate_prob": 0.5,
    "crossover_eta": 1,
    "crossover_prob": 0.5,
    "error_message": null,
    "timestamp": "2024-06-21T10:53:43.774919"
}