{
    "algorithm_desc": "pygad_algorithm",
    "config_name": "two_way_overtaking",
    "random_seed": 1,
    "evaluation_time": 79.89451,
    "number_of_generations": 2000,
    "population_size": 20,
    "num_parents_mating": 10,
    "best_solution": [
        1008.0608292321822,
        2231.930313132227,
        -5.071665997498755,
        -6.709190284132877,
        1405.4631877038219,
        418.88881988936953,
        -6.103251011126378,
        -2.866247961785149,
        2025.7915637216993,
        3417.199315797711,
        -14.699122824364473,
        -10.598332752080243
    ],
    "best_fitness": [
        -0.5501457198704813
    ],
    "mutate_eta": 20,
    "mutate_prob": 0.5,
    "crossover_eta": 5,
    "crossover_prob": 0.5,
    "error_message": null,
    "timestamp": "2024-06-21T04:55:35.856101"
}