{
    "algorithm_desc": "pygad_algorithm",
    "config_name": "two_way_overtaking",
    "random_seed": 1,
    "evaluation_time": 2.106271,
    "number_of_generations": 50,
    "population_size": 20,
    "num_parents_mating": 8,
    "best_solution": [
        385.2677774645628,
        1870.7467009444247,
        19.139961508536743,
        -7.420730059382066,
        2312.9369863460174,
        1229.534295941573,
        8.031595631457378,
        -4.4680879406412295,
        1036.4547322356655,
        3358.507658680082,
        11.710582052448231,
        -19.876971065258374
    ],
    "best_fitness": [
        -0.5951480075410501
    ],
    "mutate_eta": 15,
    "mutate_prob": 0.5,
    "crossover_eta": 5,
    "crossover_prob": 0.2,
    "error_message": null,
    "timestamp": "2024-06-22T04:20:10.822214"
}