{
    "algorithm_desc": "pygad_algorithm",
    "config_name": "two_way_overtaking",
    "random_seed": 1,
    "evaluation_time": 1.041694,
    "number_of_generations": 100,
    "population_size": 5,
    "num_parents_mating": 4,
    "best_solution": [
        56.484586660112804,
        2185.500666438518,
        19.213337696838828,
        -10.779912651311411,
        1028.4559086518823,
        680.8763999338321,
        12.711013913992062,
        4.8296212904124545,
        1743.078395635078,
        2784.031678569269,
        -9.657372282089131,
        -18.636183214914055
    ],
    "best_fitness": [
        -1.090308787122397
    ],
    "mutate_eta": 1,
    "mutate_prob": 0.8,
    "crossover_eta": 1,
    "crossover_prob": 0.8,
    "error_message": null,
    "timestamp": "2024-06-23T02:06:27.631768"
}