{
    "algorithm_desc": "pygad_algorithm",
    "config_name": "two_way_overtaking",
    "random_seed": 1,
    "evaluation_time": 3.880905,
    "number_of_generations": 100,
    "population_size": 20,
    "num_parents_mating": 4,
    "best_solution": [
        1714.4353018231013,
        1105.4367636128432,
        10.953996666793099,
        -0.3118167049359215,
        3427.458149575839,
        1120.5438027249172,
        6.175592931384276,
        0.0,
        216.85343660895623,
        1040.4404477695905,
        18.6806424610999,
        -0.5477097673470794
    ],
    "best_fitness": [
        -0.12556816919381844
    ],
    "mutate_eta": 15,
    "mutate_prob": 0.2,
    "crossover_eta": 20,
    "crossover_prob": 0.8,
    "error_message": null,
    "timestamp": "2024-06-22T10:39:45.472349"
}