{
    "algorithm_desc": "pygad_algorithm",
    "config_name": "two_way_overtaking",
    "random_seed": 1,
    "evaluation_time": 4.37451,
    "number_of_generations": 100,
    "population_size": 20,
    "num_parents_mating": 8,
    "best_solution": [
        1133.9108300909884,
        2061.962767408751,
        6.096650033454658,
        11.633446294059667,
        1389.6506425808982,
        2706.72229397533,
        3.6168388014265744,
        7.154124857958717,
        575.3440841115444,
        855.0112252672463,
        -7.041565618122517,
        18.281359994754823
    ],
    "best_fitness": [
        -0.8679533809211634
    ],
    "mutate_eta": 20,
    "mutate_prob": 1,
    "crossover_eta": 10,
    "crossover_prob": 0.2,
    "error_message": null,
    "timestamp": "2024-06-22T15:43:40.873941"
}