{
    "algorithm_desc": "pygad_algorithm",
    "config_name": "two_way_overtaking",
    "random_seed": 1,
    "evaluation_time": 728.824685,
    "number_of_generations": 2000,
    "population_size": 200,
    "num_parents_mating": 8,
    "best_solution": [
        1751.6548216666345,
        2780.7227800630612,
        4.030754054881733,
        0.002535235092814503,
        3499.967904383031,
        2781.213807028091,
        1.3014833830864632,
        0.0,
        0.1610493144755809,
        2779.370512681512,
        9.905779157781641,
        -0.32887905941865014
    ],
    "best_fitness": [
        -0.025530058419225805
    ],
    "mutate_eta": 20,
    "mutate_prob": 0.2,
    "crossover_eta": 15,
    "crossover_prob": 0.2,
    "error_message": null,
    "timestamp": "2024-06-21T10:39:28.127114"
}