{
    "algorithm_desc": "pygad_algorithm",
    "config_name": "two_way_overtaking",
    "random_seed": 1,
    "evaluation_time": 416.244514,
    "number_of_generations": 1000,
    "population_size": 200,
    "num_parents_mating": 4,
    "best_solution": [
        1454.8017320105675,
        1115.981934649023,
        -10.273929576402004,
        13.312779734127368,
        385.818481788253,
        2493.2790180307247,
        -8.74075135189871,
        6.380077089577604,
        3378.2690581048023,
        92.10354527417324,
        -17.148586677999557,
        15.864386206446092
    ],
    "best_fitness": [
        -0.3836321788461079
    ],
    "mutate_eta": 10,
    "mutate_prob": 0.8,
    "crossover_eta": 20,
    "crossover_prob": 0.2,
    "error_message": null,
    "timestamp": "2024-06-22T23:11:37.153719"
}