{
    "algorithm_desc": "pygad_algorithm",
    "config_name": "two_way_overtaking",
    "random_seed": 1,
    "evaluation_time": 553.998682,
    "number_of_generations": 2000,
    "population_size": 150,
    "num_parents_mating": 8,
    "best_solution": [
        1805.033888947725,
        2233.4024243283634,
        -9.499036493436982,
        9.07836366932121,
        480.73327748280866,
        3499.461066309794,
        -8.78118183319335,
        8.395253112464292,
        3121.228278529515,
        975.5625823421605,
        -13.17421869594881,
        12.222829332603723
    ],
    "best_fitness": [
        -2.091541089308011e-05
    ],
    "mutate_eta": 15,
    "mutate_prob": 0.2,
    "crossover_eta": 5,
    "crossover_prob": 0.8,
    "error_message": null,
    "timestamp": "2024-06-20T21:49:26.100581"
}