{
    "algorithm_desc": "pygad_algorithm",
    "config_name": "two_way_overtaking",
    "random_seed": 1,
    "evaluation_time": 9.836066,
    "number_of_generations": 100,
    "population_size": 50,
    "num_parents_mating": 8,
    "best_solution": [
        2385.886977842951,
        1739.2800657014586,
        0.0,
        -8.172130074184814,
        2408.5407802089285,
        29.477880383859233,
        0.0,
        -5.557850198012288,
        2255.1446151264995,
        3445.4698478267032,
        0.0,
        -14.253673566486166
    ],
    "best_fitness": [
        -0.07208988254624776
    ],
    "mutate_eta": 10,
    "mutate_prob": 0.2,
    "crossover_eta": 5,
    "crossover_prob": 1,
    "error_message": null,
    "timestamp": "2024-06-22T13:14:27.458328"
}