{
    "algorithm_desc": "pygad_algorithm",
    "config_name": "two_way_overtaking",
    "random_seed": 1,
    "evaluation_time": 3.760864,
    "number_of_generations": 400,
    "population_size": 5,
    "num_parents_mating": 4,
    "best_solution": [
        1469.3277735213771,
        2926.1138006177475,
        8.280826860896305,
        -0.16880264915908327,
        3213.839738698199,
        2271.1363572693012,
        4.095838682659419,
        -4.250661742344558,
        761.0752128278698,
        2597.8338354779225,
        17.39390876588952,
        2.0165993463416783
    ],
    "best_fitness": [
        -0.8150402972303463
    ],
    "mutate_eta": 5,
    "mutate_prob": 0.5,
    "crossover_eta": 1,
    "crossover_prob": 1,
    "error_message": null,
    "timestamp": "2024-06-23T03:20:59.995504"
}