{
    "algorithm_desc": "pygad_algorithm",
    "config_name": "two_way_overtaking",
    "random_seed": 1,
    "evaluation_time": 40.352051,
    "number_of_generations": 2000,
    "population_size": 10,
    "num_parents_mating": 10,
    "best_solution": [
        2568.8946590666774,
        980.39550916338,
        1.732434657156933,
        2.7450717884620524,
        2318.76510282753,
        1810.2630038428013,
        -0.25890824591863293,
        1.0940219863757115,
        1171.4420375739494,
        135.22841090254977,
        19.687027669911394,
        14.154327902567651
    ],
    "best_fitness": [
        -0.7222539242483332
    ],
    "mutate_eta": 1,
    "mutate_prob": 0.8,
    "crossover_eta": 5,
    "crossover_prob": 1,
    "error_message": null,
    "timestamp": "2024-06-23T03:52:36.561025"
}