{
    "algorithm_desc": "pygad_algorithm",
    "config_name": "two_way_overtaking",
    "random_seed": 1,
    "evaluation_time": 74.051443,
    "number_of_generations": 2000,
    "population_size": 20,
    "num_parents_mating": 4,
    "best_solution": [
        1342.2706142547574,
        1742.697120570918,
        -9.794469805666335,
        -12.228567703464247,
        208.0801505069475,
        328.80564014026385,
        -6.340397309343363,
        -7.8941420151484,
        2507.2874665871086,
        3205.7052650348496,
        -16.219589269118977,
        -19.455175900152675
    ],
    "best_fitness": [
        -0.0010324587830904226
    ],
    "mutate_eta": 1,
    "mutate_prob": 0.2,
    "crossover_eta": 10,
    "crossover_prob": 1,
    "error_message": null,
    "timestamp": "2024-06-23T10:41:14.675289"
}