{
    "algorithm_desc": "pygad_algorithm",
    "config_name": "two_way_overtaking",
    "random_seed": 1,
    "evaluation_time": 373.88628,
    "number_of_generations": 1000,
    "population_size": 200,
    "num_parents_mating": 10,
    "best_solution": [
        3295.5121214691467,
        1707.1184159074676,
        0.17530072155246046,
        -4.522861441637961,
        3295.409993942228,
        0.10653492050749502,
        0.0,
        -1.355766978686244,
        3225.925989263907,
        3499.1749269380675,
        1.6598816960107392,
        -20.173867276695603
    ],
    "best_fitness": [
        -0.0253864375572617
    ],
    "mutate_eta": 1,
    "mutate_prob": 0.2,
    "crossover_eta": 5,
    "crossover_prob": 0.8,
    "error_message": null,
    "timestamp": "2024-06-21T22:43:50.170815"
}