{
    "algorithm_desc": "pygad_algorithm",
    "config_name": "two_way_overtaking",
    "random_seed": 1,
    "evaluation_time": 7.565929,
    "number_of_generations": 200,
    "population_size": 20,
    "num_parents_mating": 10,
    "best_solution": [
        2060.8191841969206,
        1363.3529013154393,
        8.272814304890566,
        7.6890195134212505,
        3093.282322823748,
        2988.2744430235884,
        1.398648011210092,
        1.8262922967475959,
        725.1816134723997,
        113.3870517839255,
        10.777808144376763,
        9.656331253776223
    ],
    "best_fitness": [
        -0.09838805250048321
    ],
    "mutate_eta": 15,
    "mutate_prob": 0.2,
    "crossover_eta": 15,
    "crossover_prob": 0.2,
    "error_message": null,
    "timestamp": "2024-06-23T10:08:23.824736"
}