{
    "algorithm_desc": "pygad_algorithm",
    "config_name": "two_way_overtaking",
    "random_seed": 1,
    "evaluation_time": 7.93327,
    "number_of_generations": 400,
    "population_size": 10,
    "num_parents_mating": 8,
    "best_solution": [
        1387.2741505254296,
        2129.611460945372,
        15.246974219289086,
        -5.81643450757457,
        3008.5733594589296,
        2402.111579999883,
        2.69565085021123,
        -0.030213182965631802,
        272.95806987904746,
        1140.8902910075124,
        11.398808348322454,
        12.215369863052274
    ],
    "best_fitness": [
        -0.8568929832052085
    ],
    "mutate_eta": 1,
    "mutate_prob": 0.8,
    "crossover_eta": 1,
    "crossover_prob": 0.2,
    "error_message": null,
    "timestamp": "2024-06-23T00:58:27.998266"
}