{
    "algorithm_desc": "pygad_algorithm",
    "config_name": "two_way_overtaking",
    "random_seed": 1,
    "evaluation_time": 2.033963,
    "number_of_generations": 100,
    "population_size": 10,
    "num_parents_mating": 2,
    "best_solution": [
        2445.370565197803,
        1408.348858489341,
        0.14428047445948877,
        17.030370048137875,
        860.9136397854385,
        2872.240312072251,
        -6.560211907435987,
        9.90473359148097,
        1779.5196276699505,
        114.4020502994847,
        1.673110730276214,
        19.30972193904696
    ],
    "best_fitness": [
        -0.7725503123444073
    ],
    "mutate_eta": 20,
    "mutate_prob": 0.5,
    "crossover_eta": 15,
    "crossover_prob": 0.8,
    "error_message": null,
    "timestamp": "2024-06-23T06:50:37.063551"
}