{
    "algorithm_desc": "pygad_algorithm",
    "config_name": "two_way_overtaking",
    "random_seed": 1,
    "evaluation_time": 215.639151,
    "number_of_generations": 2000,
    "population_size": 50,
    "num_parents_mating": 4,
    "best_solution": [
        2066.6015790489755,
        514.923893285818,
        -18.889092909250827,
        -7.288186231453922,
        245.7008954026188,
        152.42000791255887,
        -6.536199686667384,
        -1.2437715653876005,
        2897.57632569647,
        2548.8556987383245,
        -20.55341504201032,
        -13.653681270019483
    ],
    "best_fitness": [
        -0.3692438898827795
    ],
    "mutate_eta": 20,
    "mutate_prob": 1,
    "crossover_eta": 15,
    "crossover_prob": 0.8,
    "error_message": null,
    "timestamp": "2024-06-23T06:09:21.371970"
}