{
    "algorithm_desc": "pygad_algorithm",
    "config_name": "two_way_overtaking",
    "random_seed": 1,
    "evaluation_time": 16.507308,
    "number_of_generations": 50,
    "population_size": 150,
    "num_parents_mating": 4,
    "best_solution": [
        3489.6043934907393,
        2029.7014786740376,
        9.587624402926405,
        -19.296672693530518,
        3090.799836659719,
        356.57245258631065,
        -0.9787620314788796,
        -1.8935060567653998,
        2507.0771042110027,
        2052.831610453073,
        15.39609656085834,
        -19.758583330811895
    ],
    "best_fitness": [
        -0.7945864582322785
    ],
    "mutate_eta": 10,
    "mutate_prob": 0.8,
    "crossover_eta": 15,
    "crossover_prob": 1,
    "error_message": null,
    "timestamp": "2024-06-23T18:51:35.556316"
}