{
    "algorithm_desc": "pygad_algorithm",
    "config_name": "two_way_overtaking",
    "random_seed": 1,
    "evaluation_time": 19.877445,
    "number_of_generations": 100,
    "population_size": 100,
    "num_parents_mating": 4,
    "best_solution": [
        2590.464660271734,
        2066.150069065456,
        8.507666362598332,
        -8.303471475069328,
        2988.153519052626,
        266.3879066760936,
        0.808334281698702,
        -1.819811166753638,
        1611.809985262924,
        3307.9409454708843,
        13.494329324680216,
        -15.070597463614927
    ],
    "best_fitness": [
        -0.3004068291598781
    ],
    "mutate_eta": 15,
    "mutate_prob": 0.5,
    "crossover_eta": 10,
    "crossover_prob": 0.2,
    "error_message": null,
    "timestamp": "2024-06-23T02:46:51.220588"
}