{
    "algorithm_desc": "pygad_algorithm",
    "config_name": "two_way_overtaking",
    "random_seed": 1,
    "evaluation_time": 8.430475,
    "number_of_generations": 200,
    "population_size": 20,
    "num_parents_mating": 8,
    "best_solution": [
        2376.105776968516,
        2243.759369110391,
        18.726414349457578,
        7.993867187271967,
        2911.2077619626375,
        3367.9034694977677,
        6.605145522196999,
        -2.214183159901001,
        798.5731865470722,
        3367.831487864333,
        20.114090605806247,
        5.469028878610086
    ],
    "best_fitness": [
        -1.0167869220983343
    ],
    "mutate_eta": 5,
    "mutate_prob": 0.8,
    "crossover_eta": 5,
    "crossover_prob": 1,
    "error_message": null,
    "timestamp": "2024-06-22T07:21:41.630293"
}