{
    "algorithm_desc": "pygad_algorithm",
    "config_name": "two_way_overtaking",
    "random_seed": 1,
    "evaluation_time": 1.915743,
    "number_of_generations": 200,
    "population_size": 5,
    "num_parents_mating": 2,
    "best_solution": [
        3110.754331336685,
        65.98397861652383,
        12.787911344541868,
        10.036553513552857,
        3294.303850348293,
        1960.0707511762807,
        4.739077340967643,
        5.169457117954352,
        1733.603321458927,
        1268.5911014175672,
        15.84749747642173,
        -5.692936235104398
    ],
    "best_fitness": [
        -0.9746796884691465
    ],
    "mutate_eta": 10,
    "mutate_prob": 0.8,
    "crossover_eta": 15,
    "crossover_prob": 0.2,
    "error_message": null,
    "timestamp": "2024-06-23T14:59:46.253841"
}