{
    "algorithm_desc": "pygad_algorithm",
    "config_name": "two_way_overtaking",
    "random_seed": 1,
    "evaluation_time": 854.481152,
    "number_of_generations": 2000,
    "population_size": 200,
    "num_parents_mating": 8,
    "best_solution": [
        1991.1949170630528,
        3425.8777095870755,
        -11.460799364953209,
        -3.836743517449605,
        308.6054015055557,
        2896.495149404126,
        -3.0422288529810757,
        -0.8480072077605172,
        2760.3644181876525,
        1562.9340210156338,
        -15.712186110900245,
        2.890337774388712
    ],
    "best_fitness": [
        -0.49340750252767035
    ],
    "mutate_eta": 20,
    "mutate_prob": 0.8,
    "crossover_eta": 1,
    "crossover_prob": 0.8,
    "error_message": null,
    "timestamp": "2024-06-21T03:50:59.451273"
}