{
    "algorithm_desc": "pygad_algorithm",
    "config_name": "two_way_overtaking",
    "random_seed": 1,
    "evaluation_time": 83.379602,
    "number_of_generations": 400,
    "population_size": 100,
    "num_parents_mating": 10,
    "best_solution": [
        2216.608664021148,
        1426.3723759366703,
        -11.560973048085078,
        6.645091714579603,
        459.34444899669734,
        1744.7567327738743,
        -5.521140987418191,
        2.2093523899406726,
        3345.7742340034742,
        14.468861400875166,
        -18.137223844047977,
        17.862110016239505
    ],
    "best_fitness": [
        -0.2713062937972598
    ],
    "mutate_eta": 20,
    "mutate_prob": 0.5,
    "crossover_eta": 10,
    "crossover_prob": 0.5,
    "error_message": null,
    "timestamp": "2024-06-22T17:10:54.572789"
}