{
    "algorithm_desc": "pygad_algorithm",
    "config_name": "two_way_overtaking",
    "random_seed": 1,
    "evaluation_time": 149.714974,
    "number_of_generations": 400,
    "population_size": 200,
    "num_parents_mating": 10,
    "best_solution": [
        1718.4645478686039,
        2749.8597046143514,
        -10.058608451960238,
        0.0,
        1.932413588302484,
        2749.8597046143514,
        -6.913036119089307,
        0.0,
        3499.832416465043,
        2748.80290725996,
        -17.258317176219848,
        0.4090919067637522
    ],
    "best_fitness": [
        -0.026100919366700705
    ],
    "mutate_eta": 1,
    "mutate_prob": 0.2,
    "crossover_eta": 20,
    "crossover_prob": 0.5,
    "error_message": null,
    "timestamp": "2024-06-22T18:17:29.115193"
}