{
    "algorithm_desc": "pygad_algorithm",
    "config_name": "two_way_overtaking",
    "random_seed": 1,
    "evaluation_time": 20.551116,
    "number_of_generations": 50,
    "population_size": 200,
    "num_parents_mating": 8,
    "best_solution": [
        1494.900193217196,
        1320.6476573117943,
        13.681317398330776,
        8.766791877595693,
        2946.1099276766813,
        2038.760486637521,
        7.040650453079277,
        4.3789444474458925,
        191.00933742056858,
        277.8712072515428,
        17.96343451807214,
        17.785590230811422
    ],
    "best_fitness": [
        -0.24448903516669115
    ],
    "mutate_eta": 10,
    "mutate_prob": 0.5,
    "crossover_eta": 20,
    "crossover_prob": 1,
    "error_message": null,
    "timestamp": "2024-06-22T13:22:44.395049"
}