{
    "algorithm_desc": "pygad_algorithm",
    "config_name": "two_way_overtaking",
    "random_seed": 1,
    "evaluation_time": 35.448428,
    "number_of_generations": 200,
    "population_size": 100,
    "num_parents_mating": 2,
    "best_solution": [
        2571.372333839685,
        1808.7112671994676,
        -1.7724802781631048,
        3.4492170669973774,
        1810.0228415279043,
        3450.3502621217604,
        -0.5321417747252326,
        1.1294683573056616,
        3403.8540171048135,
        195.00151832434375,
        -2.8922228093862756,
        5.312682425095382
    ],
    "best_fitness": [
        -0.004616450507444511
    ],
    "mutate_eta": 10,
    "mutate_prob": 0.2,
    "crossover_eta": 15,
    "crossover_prob": 0.2,
    "error_message": null,
    "timestamp": "2024-06-23T09:11:14.008623"
}