{
    "algorithm_desc": "pygad_algorithm",
    "config_name": "two_way_overtaking",
    "random_seed": 1,
    "evaluation_time": 9.600903,
    "number_of_generations": 100,
    "population_size": 50,
    "num_parents_mating": 10,
    "best_solution": [
        1724.911987139549,
        1772.0455526707349,
        14.865727972910406,
        -9.164234104160162,
        3257.5473998799994,
        816.8558429603105,
        2.410167825088312,
        -2.0357953138672755,
        209.95469754094083,
        2645.145488915082,
        18.56391168298584,
        -11.166544231106172
    ],
    "best_fitness": [
        -0.06418250920215825
    ],
    "mutate_eta": 10,
    "mutate_prob": 0.2,
    "crossover_eta": 20,
    "crossover_prob": 0.2,
    "error_message": null,
    "timestamp": "2024-06-21T23:37:15.728214"
}