{
    "algorithm_desc": "pygad_algorithm",
    "config_name": "two_way_overtaking",
    "random_seed": 1,
    "evaluation_time": 0.176422,
    "number_of_generations": 50,
    "population_size": 2,
    "num_parents_mating": 2,
    "best_solution": [
        1829.5782037274769,
        2381.5402269664064,
        -10.295039341346802,
        -13.440169425477585,
        418.0996761680515,
        1312.065802379008,
        -5.719906249005204,
        -3.025972429746872,
        3352.6133555267565,
        1695.1254466069213,
        -1.2082944715478483,
        0.0
    ],
    "best_fitness": [
        -1.0353814282464422
    ],
    "mutate_eta": 5,
    "mutate_prob": 0.2,
    "crossover_eta": 10,
    "crossover_prob": 0.2,
    "error_message": null,
    "timestamp": "2024-06-21T20:24:43.227237"
}