{
    "algorithm_desc": "pygad_algorithm",
    "config_name": "two_way_overtaking",
    "random_seed": 1,
    "evaluation_time": 641.38437,
    "number_of_generations": 2000,
    "population_size": 150,
    "num_parents_mating": 10,
    "best_solution": [
        1726.0651700965345,
        1461.729818055961,
        12.561031459929723,
        11.210208009986594,
        3083.8999553209546,
        3193.6986506004805,
        11.517839056853212,
        8.611769757007458,
        344.24106507864946,
        456.9613735733095,
        18.166688555288225,
        19.644857861228807
    ],
    "best_fitness": [
        -0.32607653630347244
    ],
    "mutate_eta": 10,
    "mutate_prob": 0.8,
    "crossover_eta": 5,
    "crossover_prob": 1,
    "error_message": null,
    "timestamp": "2024-06-23T01:15:15.742934"
}