{
    "algorithm_desc": "pygad_algorithm",
    "config_name": "two_way_overtaking",
    "random_seed": 1,
    "evaluation_time": 2.052432,
    "number_of_generations": 50,
    "population_size": 20,
    "num_parents_mating": 2,
    "best_solution": [
        1184.458521711367,
        2168.407870647244,
        -11.228255432709968,
        -9.511381944033765,
        55.37434996294699,
        672.2648555159506,
        -9.00278225,
        -7.924346385289107,
        2902.4537735827907,
        2753.9336491636977,
        -17.34521342662317,
        -10.103879102310293
    ],
    "best_fitness": [
        -0.25206162679277666
    ],
    "mutate_eta": 5,
    "mutate_prob": 0.2,
    "crossover_eta": 15,
    "crossover_prob": 1,
    "error_message": null,
    "timestamp": "2024-06-22T01:28:01.892180"
}