{
    "algorithm_desc": "pygad_algorithm",
    "config_name": "two_way_overtaking",
    "random_seed": 1,
    "evaluation_time": 1.913297,
    "number_of_generations": 100,
    "population_size": 10,
    "num_parents_mating": 10,
    "best_solution": [
        2308.836152184515,
        1816.05171821356,
        -2.025620629895858,
        -8.309257857956515,
        2187.8905779823963,
        1328.5199807905146,
        0.32602212414747456,
        -1.9001549815320615,
        3299.8316455372214,
        3374.98958807357,
        -13.98008676693515,
        -19.618948053795183
    ],
    "best_fitness": [
        -0.6006010750599908
    ],
    "mutate_eta": 1,
    "mutate_prob": 0.2,
    "crossover_eta": 5,
    "crossover_prob": 0.2,
    "error_message": null,
    "timestamp": "2024-06-23T10:13:38.040745"
}