{
    "algorithm_desc": "pygad_algorithm",
    "config_name": "two_way_overtaking",
    "random_seed": 1,
    "evaluation_time": 194.462663,
    "number_of_generations": 2000,
    "population_size": 50,
    "num_parents_mating": 10,
    "best_solution": [
        3018.131915133846,
        1778.3181504376505,
        -1.633380069608915,
        -15.007219538309837,
        2817.9603572855053,
        1.1335459883914378,
        -1.4038712488311695,
        -12.783554331908938,
        3190.6557527297364,
        3479.635855791839,
        -2.3384863271335306,
        -19.544894425119814
    ],
    "best_fitness": [
        -0.029648196790482265
    ],
    "mutate_eta": 1,
    "mutate_prob": 0.2,
    "crossover_eta": 1,
    "crossover_prob": 0.5,
    "error_message": null,
    "timestamp": "2024-06-23T13:24:43.338866"
}