{
    "algorithm_desc": "pygad_algorithm",
    "config_name": "two_way_overtaking",
    "random_seed": 1,
    "evaluation_time": 86.595473,
    "number_of_generations": 200,
    "population_size": 200,
    "num_parents_mating": 4,
    "best_solution": [
        2068.881126145174,
        2287.8540291329236,
        1.467755938731898,
        -14.8926935513294,
        2247.771257102516,
        481.7572005244042,
        0.40233392608302054,
        -3.023906634043314,
        3404.44966289404,
        2786.216346350632,
        -14.826586365435746,
        -13.854465811070675
    ],
    "best_fitness": [
        -0.5522311338797208
    ],
    "mutate_eta": 10,
    "mutate_prob": 1,
    "crossover_eta": 5,
    "crossover_prob": 0.5,
    "error_message": null,
    "timestamp": "2024-06-21T04:05:14.338655"
}