{
    "algorithm_desc": "pygad_algorithm",
    "config_name": "two_way_overtaking",
    "random_seed": 1,
    "evaluation_time": 5.446299,
    "number_of_generations": 50,
    "population_size": 50,
    "num_parents_mating": 10,
    "best_solution": [
        1859.862470650173,
        1307.2233055219199,
        4.436393136986734,
        20.248732250612,
        2506.677715579114,
        2990.0486779085422,
        8.284809244084219,
        9.795315144056065,
        392.8575454521567,
        422.98489918889993,
        12.043559418589233,
        16.079365672404016
    ],
    "best_fitness": [
        -0.7530827897617635
    ],
    "mutate_eta": 10,
    "mutate_prob": 0.8,
    "crossover_eta": 15,
    "crossover_prob": 0.5,
    "error_message": null,
    "timestamp": "2024-06-20T19:51:19.520592"
}