{
    "algorithm_desc": "pygad_algorithm",
    "config_name": "two_way_overtaking",
    "random_seed": 1,
    "evaluation_time": 64.208412,
    "number_of_generations": 200,
    "population_size": 150,
    "num_parents_mating": 8,
    "best_solution": [
        1477.9750469400767,
        2849.7088530891815,
        -11.049132456737498,
        5.343810429701364,
        422.2776529149602,
        3272.755820850427,
        -1.136788561947153,
        1.0205874788500964,
        2926.579754259326,
        2343.5659195686803,
        -19.8696262041933,
        7.0819337566849505
    ],
    "best_fitness": [
        -0.38107918490046283
    ],
    "mutate_eta": 20,
    "mutate_prob": 0.8,
    "crossover_eta": 1,
    "crossover_prob": 0.5,
    "error_message": null,
    "timestamp": "2024-06-21T10:29:31.120400"
}