{
    "algorithm_desc": "pygad_algorithm",
    "config_name": "two_way_overtaking",
    "random_seed": 1,
    "evaluation_time": 7.367961,
    "number_of_generations": 400,
    "population_size": 10,
    "num_parents_mating": 4,
    "best_solution": [
        1739.2367816925716,
        1283.8407363925403,
        9.10675183759269,
        -8.331350323588758,
        3019.099031494263,
        3.5027584675189627,
        1.8176635768014364,
        -1.6351978922347818,
        211.55722632507394,
        2414.2253860041014,
        16.78142332368936,
        -14.007868976297395
    ],
    "best_fitness": [
        -0.05385912879688328
    ],
    "mutate_eta": 5,
    "mutate_prob": 0.2,
    "crossover_eta": 20,
    "crossover_prob": 0.8,
    "error_message": null,
    "timestamp": "2024-06-22T17:48:59.802471"
}