{
    "algorithm_desc": "pygad_algorithm",
    "config_name": "two_way_overtaking",
    "random_seed": 1,
    "evaluation_time": 16.803482,
    "number_of_generations": 400,
    "population_size": 20,
    "num_parents_mating": 10,
    "best_solution": [
        2836.8988502815696,
        1228.3061002892755,
        4.663714989381063,
        15.074659014055946,
        3449.324583260911,
        2913.723010644492,
        3.051440355160242,
        8.077189775572524,
        638.9510208148461,
        1135.8084824176756,
        11.790206873665724,
        14.25987119756683
    ],
    "best_fitness": [
        -0.459125417255857
    ],
    "mutate_eta": 5,
    "mutate_prob": 0.8,
    "crossover_eta": 5,
    "crossover_prob": 0.2,
    "error_message": null,
    "timestamp": "2024-06-23T13:49:03.588932"
}