{
    "algorithm_desc": "pygad_algorithm",
    "config_name": "two_way_overtaking",
    "random_seed": 1,
    "evaluation_time": 85.13637,
    "number_of_generations": 2000,
    "population_size": 20,
    "num_parents_mating": 8,
    "best_solution": [
        831.4551870612119,
        2442.2632593936737,
        -11.10796076661179,
        -8.149008717257496,
        541.8171266539707,
        2181.0078490627893,
        -5.564002161199175,
        -1.952267481686036,
        2382.851369285905,
        3013.8027624005176,
        -20.12333637828091,
        -16.169634955837157
    ],
    "best_fitness": [
        -0.6879185256994464
    ],
    "mutate_eta": 10,
    "mutate_prob": 1,
    "crossover_eta": 10,
    "crossover_prob": 0.5,
    "error_message": null,
    "timestamp": "2024-06-21T21:38:45.727675"
}