{
    "algorithm_desc": "pygad_algorithm",
    "config_name": "two_way_overtaking",
    "random_seed": 1,
    "evaluation_time": 9.481929,
    "number_of_generations": 1000,
    "population_size": 5,
    "num_parents_mating": 2,
    "best_solution": [
        2900.731338517369,
        1816.5236665685784,
        -5.539954672261189,
        -10.450528585804184,
        2107.7525662992757,
        485.71012114648596,
        -0.45628794169856235,
        -7.181058318681641,
        2209.03114360553,
        3417.743449175417,
        -6.7644055419190785,
        -18.572520051541375
    ],
    "best_fitness": [
        -0.6639965481735879
    ],
    "mutate_eta": 5,
    "mutate_prob": 0.8,
    "crossover_eta": 10,
    "crossover_prob": 1,
    "error_message": null,
    "timestamp": "2024-06-20T17:10:37.082208"
}