{
    "algorithm_desc": "pygad_algorithm",
    "config_name": "two_way_overtaking",
    "random_seed": 1,
    "evaluation_time": 70.712933,
    "number_of_generations": 2000,
    "population_size": 20,
    "num_parents_mating": 2,
    "best_solution": [
        1794.243098043962,
        2199.8877636914813,
        -7.21071612526781,
        0.0,
        6.454214924714485,
        2199.8877636914813,
        -3.9705913410694507,
        0.0,
        3496.812529178429,
        2201.3149993332854,
        -17.886958311585452,
        0.6175649416535833
    ],
    "best_fitness": [
        -0.028152275018421716
    ],
    "mutate_eta": 5,
    "mutate_prob": 0.2,
    "crossover_eta": 5,
    "crossover_prob": 0.5,
    "error_message": null,
    "timestamp": "2024-06-21T03:49:48.624409"
}