{
    "algorithm_desc": "pygad_algorithm",
    "config_name": "two_way_overtaking",
    "random_seed": 1,
    "evaluation_time": 84.132524,
    "number_of_generations": 2000,
    "population_size": 20,
    "num_parents_mating": 2,
    "best_solution": [
        1190.6483528465913,
        1822.1628936332831,
        -10.827013375014223,
        13.357322345393563,
        23.370031094271827,
        2529.8490228438013,
        0.4845382034955854,
        4.8321381955780645,
        2357.1671571042375,
        60.780187489254565,
        -12.136848957758277,
        17.136336386057394
    ],
    "best_fitness": [
        -0.5524934470111522
    ],
    "mutate_eta": 1,
    "mutate_prob": 1,
    "crossover_eta": 10,
    "crossover_prob": 1,
    "error_message": null,
    "timestamp": "2024-06-21T18:26:13.882818"
}