{
    "algorithm_desc": "pygad_algorithm",
    "config_name": "two_way_overtaking",
    "random_seed": 1,
    "evaluation_time": 1.073013,
    "number_of_generations": 50,
    "population_size": 10,
    "num_parents_mating": 2,
    "best_solution": [
        1592.5627829289983,
        3004.361328717373,
        20.225112423772153,
        18.18054075069177,
        3427.458149575839,
        3327.2914750440164,
        19.091521906456975,
        8.146146204251494,
        546.6433510322233,
        2263.656406944046,
        20.196109967958982,
        -2.1529622952961383
    ],
    "best_fitness": [
        -1.1714353076180792
    ],
    "mutate_eta": 15,
    "mutate_prob": 0.8,
    "crossover_eta": 1,
    "crossover_prob": 0.2,
    "error_message": null,
    "timestamp": "2024-06-21T20:49:24.805532"
}