{
    "algorithm_desc": "pygad_algorithm",
    "config_name": "two_way_overtaking",
    "random_seed": 1,
    "evaluation_time": 19.813358,
    "number_of_generations": 1000,
    "population_size": 10,
    "num_parents_mating": 10,
    "best_solution": [
        1961.7812007900786,
        2188.141029169318,
        -0.6583889310189797,
        7.105653339686022,
        276.876050342513,
        2694.995865346401,
        7.700369730634559,
        9.875617507918594,
        2080.9265056359677,
        209.5442450371583,
        -1.3646002220155218,
        13.630828461734183
    ],
    "best_fitness": [
        -0.7746283672725341
    ],
    "mutate_eta": 10,
    "mutate_prob": 0.8,
    "crossover_eta": 5,
    "crossover_prob": 0.2,
    "error_message": null,
    "timestamp": "2024-06-21T20:39:45.613154"
}