{
    "algorithm_desc": "pygad_algorithm",
    "config_name": "two_way_overtaking",
    "random_seed": 1,
    "evaluation_time": 605.650988,
    "number_of_generations": 2000,
    "population_size": 150,
    "num_parents_mating": 4,
    "best_solution": [
        1245.860030855808,
        1562.2968634933998,
        -6.29369062089749,
        9.251041404543145,
        226.49101547572786,
        3130.73551710022,
        -3.876750512475425,
        6.0084287392235645,
        2222.8736893352234,
        45.590682879848856,
        -12.877622095969361,
        20.442842819265216
    ],
    "best_fitness": [
        -0.0158646364886314
    ],
    "mutate_eta": 5,
    "mutate_prob": 0.5,
    "crossover_eta": 20,
    "crossover_prob": 0.5,
    "error_message": null,
    "timestamp": "2024-06-21T03:30:00.270930"
}