{
    "algorithm_desc": "pygad_algorithm",
    "config_name": "two_way_overtaking",
    "random_seed": 1,
    "evaluation_time": 87.720028,
    "number_of_generations": 200,
    "population_size": 200,
    "num_parents_mating": 2,
    "best_solution": [
        1689.5376766881043,
        2954.883561051542,
        11.976571279619868,
        -12.342637453304215,
        2322.842020041363,
        1389.7104848628512,
        0.8482460720718876,
        -5.623019229190325,
        366.46929938143427,
        3296.4065405545725,
        15.346907638796672,
        -14.079813947124665
    ],
    "best_fitness": [
        -0.5284893160022609
    ],
    "mutate_eta": 1,
    "mutate_prob": 1,
    "crossover_eta": 20,
    "crossover_prob": 1,
    "error_message": null,
    "timestamp": "2024-06-21T14:21:48.955296"
}