{
    "algorithm_desc": "pygad_algorithm",
    "config_name": "two_way_overtaking",
    "random_seed": 1,
    "evaluation_time": 28.521881,
    "number_of_generations": 100,
    "population_size": 150,
    "num_parents_mating": 10,
    "best_solution": [
        1928.0875188626794,
        1741.5237042322099,
        2.909714855793254,
        13.522350423248298,
        2368.2409633685743,
        3472.8368306149055,
        0.7724415481549869,
        3.0818370050057666,
        1518.242646172336,
        43.744347795033725,
        3.9417242383090745,
        19.16311964100025
    ],
    "best_fitness": [
        -0.02430320851684923
    ],
    "mutate_eta": 20,
    "mutate_prob": 0.2,
    "crossover_eta": 10,
    "crossover_prob": 1,
    "error_message": null,
    "timestamp": "2024-06-23T01:50:25.407402"
}