{
    "algorithm_desc": "pygad_algorithm",
    "config_name": "two_way_overtaking",
    "random_seed": 1,
    "evaluation_time": 3.904209,
    "number_of_generations": 400,
    "population_size": 5,
    "num_parents_mating": 4,
    "best_solution": [
        2664.097695466749,
        1179.0402514932778,
        4.6827966181527145,
        18.92407750495633,
        3286.2930150993943,
        2638.8102894941208,
        -0.760985564180892,
        16.180269059431843,
        1671.3967165021759,
        248.10492571624465,
        13.93213511428899,
        20.310162869834677
    ],
    "best_fitness": [
        -0.7326864393369537
    ],
    "mutate_eta": 5,
    "mutate_prob": 1,
    "crossover_eta": 15,
    "crossover_prob": 0.5,
    "error_message": null,
    "timestamp": "2024-06-23T15:48:41.065010"
}