{
    "algorithm_desc": "pygad_algorithm",
    "config_name": "two_way_overtaking",
    "random_seed": 1,
    "evaluation_time": 2.424473,
    "number_of_generations": 200,
    "population_size": 5,
    "num_parents_mating": 2,
    "best_solution": [
        1878.2306539087654,
        3386.6311412939117,
        -9.00278225,
        -15.277928587369514,
        933.2354575307232,
        1867.78670739924,
        -4.54308106996605,
        -7.635717021647915,
        3168.209680765641,
        2193.2305435341714,
        -12.816768107279785,
        -1.4493496637572498
    ],
    "best_fitness": [
        -0.6521414003600572
    ],
    "mutate_eta": 1,
    "mutate_prob": 0.2,
    "crossover_eta": 5,
    "crossover_prob": 0.5,
    "error_message": null,
    "timestamp": "2024-06-20T16:07:59.789170"
}