{
    "algorithm_desc": "pygad_algorithm",
    "config_name": "two_way_overtaking",
    "random_seed": 1,
    "evaluation_time": 64.008803,
    "number_of_generations": 200,
    "population_size": 150,
    "num_parents_mating": 2,
    "best_solution": [
        1078.4628223129605,
        2302.3435554333296,
        18.493648990272796,
        15.166178368392153,
        2248.723438492012,
        3126.419738940978,
        3.1435663149972726,
        5.8748285952259,
        1495.4514946312133,
        357.42259105852173,
        19.42147967017865,
        19.19803548156178
    ],
    "best_fitness": [
        -0.6288685014120021
    ],
    "mutate_eta": 15,
    "mutate_prob": 0.8,
    "crossover_eta": 10,
    "crossover_prob": 1,
    "error_message": null,
    "timestamp": "2024-06-22T19:59:48.468558"
}