{
    "algorithm_desc": "pygad_algorithm",
    "config_name": "two_way_overtaking",
    "random_seed": 1,
    "evaluation_time": 18.410734,
    "number_of_generations": 50,
    "population_size": 200,
    "num_parents_mating": 2,
    "best_solution": [
        3254.248641298778,
        1794.189234306413,
        0.0,
        11.229021994510607,
        3261.0761880302657,
        3499.4197791277616,
        0.0,
        10.346880031032672,
        3216.482273658897,
        9.265724683156728,
        -0.023521762301314197,
        11.952240569947612
    ],
    "best_fitness": [
        -0.03491277698606734
    ],
    "mutate_eta": 20,
    "mutate_prob": 0.2,
    "crossover_eta": 5,
    "crossover_prob": 0.5,
    "error_message": null,
    "timestamp": "2024-06-21T19:31:00.190756"
}