{
    "algorithm_desc": "pygad_algorithm",
    "config_name": "two_way_overtaking",
    "random_seed": 1,
    "evaluation_time": 38.999795,
    "number_of_generations": 2000,
    "population_size": 10,
    "num_parents_mating": 10,
    "best_solution": [
        3114.963223983546,
        2451.5681214807173,
        5.408996191788713,
        -6.99238928720575,
        2612.2754707251474,
        821.3497267242042,
        5.286955818753693,
        -5.799990981882541,
        1234.2234312901749,
        3465.73541432701,
        19.02625601558126,
        -18.384189250300633
    ],
    "best_fitness": [
        -0.5928546775984292
    ],
    "mutate_eta": 20,
    "mutate_prob": 0.5,
    "crossover_eta": 20,
    "crossover_prob": 0.2,
    "error_message": null,
    "timestamp": "2024-06-23T15:41:35.232860"
}