{
    "algorithm_desc": "pygad_algorithm",
    "config_name": "two_way_overtaking",
    "random_seed": 1,
    "evaluation_time": 3.927024,
    "number_of_generations": 100,
    "population_size": 20,
    "num_parents_mating": 4,
    "best_solution": [
        1597.198487495997,
        1933.6990546313325,
        -2.1323728761844514,
        -2.156739275974246,
        9.234635971880179,
        1187.9028318733222,
        -1.6121479252644733,
        -0.48524962148249884,
        3393.4757863063373,
        1649.915822768611,
        -13.800191108472712,
        0.6859076227194372
    ],
    "best_fitness": [
        -0.5074613962082858
    ],
    "mutate_eta": 20,
    "mutate_prob": 0.5,
    "crossover_eta": 1,
    "crossover_prob": 0.2,
    "error_message": null,
    "timestamp": "2024-06-21T10:27:39.711900"
}