{
    "algorithm_desc": "pygad_algorithm",
    "config_name": "two_way_overtaking",
    "random_seed": 1,
    "evaluation_time": 1.108834,
    "number_of_generations": 50,
    "population_size": 10,
    "num_parents_mating": 8,
    "best_solution": [
        2228.368498965727,
        2008.3100420787353,
        -19.05039491585491,
        15.364328615406912,
        856.2192300172284,
        2203.627848516196,
        -19.160749443877663,
        0.6666569959403539,
        3021.292685998473,
        3444.442903597209,
        -20.1714600122699,
        -10.171951168434997
    ],
    "best_fitness": [
        -1.1441389923119107
    ],
    "mutate_eta": 1,
    "mutate_prob": 0.8,
    "crossover_eta": 5,
    "crossover_prob": 0.5,
    "error_message": null,
    "timestamp": "2024-06-22T22:26:59.027461"
}