{
    "algorithm_desc": "pygad_algorithm",
    "config_name": "two_way_overtaking",
    "random_seed": 1,
    "evaluation_time": 10.9479,
    "number_of_generations": 50,
    "population_size": 100,
    "num_parents_mating": 8,
    "best_solution": [
        1715.6661587862004,
        578.5310615130373,
        -14.940225354662285,
        12.721181816687512,
        402.691644533186,
        2079.271489377662,
        -12.17631478407536,
        6.304933506160591,
        2915.8176855476063,
        2426.843246640011,
        -19.325790050022714,
        -17.33703354898177
    ],
    "best_fitness": [
        -0.8394613388422789
    ],
    "mutate_eta": 10,
    "mutate_prob": 1,
    "crossover_eta": 15,
    "crossover_prob": 0.5,
    "error_message": null,
    "timestamp": "2024-06-21T01:17:31.773217"
}