{
    "algorithm_desc": "pygad_algorithm",
    "config_name": "two_way_overtaking",
    "random_seed": 1,
    "evaluation_time": 149.333684,
    "number_of_generations": 400,
    "population_size": 200,
    "num_parents_mating": 8,
    "best_solution": [
        1713.9052842720791,
        3299.8316455372214,
        9.49459341785861,
        0.0,
        3491.025293574943,
        3299.8316455372214,
        6.961853768811377,
        0.0,
        0.1610493144755809,
        3299.8316455372214,
        12.461760078712508,
        -0.17376966957759876
    ],
    "best_fitness": [
        -0.027774625996188795
    ],
    "mutate_eta": 5,
    "mutate_prob": 0.2,
    "crossover_eta": 20,
    "crossover_prob": 0.8,
    "error_message": null,
    "timestamp": "2024-06-22T20:42:18.256521"
}