{
    "algorithm_desc": "pygad_algorithm",
    "config_name": "two_way_overtaking",
    "random_seed": 1,
    "evaluation_time": 41.050553,
    "number_of_generations": 400,
    "population_size": 50,
    "num_parents_mating": 8,
    "best_solution": [
        1689.2887838401778,
        1607.567731238347,
        2.7009937000855437,
        -13.323831928480079,
        3167.439569089899,
        251.11930157720903,
        1.5655959770801822,
        -11.932361720035514,
        3162.9104042729195,
        2627.732500762013,
        -19.858980669433723,
        -16.58920847497307
    ],
    "best_fitness": [
        -0.6503457471973386
    ],
    "mutate_eta": 20,
    "mutate_prob": 0.8,
    "crossover_eta": 15,
    "crossover_prob": 0.2,
    "error_message": null,
    "timestamp": "2024-06-22T05:24:10.343410"
}