{
    "algorithm_desc": "pygad_algorithm",
    "config_name": "two_way_overtaking",
    "random_seed": 1,
    "evaluation_time": 427.742025,
    "number_of_generations": 1000,
    "population_size": 200,
    "num_parents_mating": 10,
    "best_solution": [
        1553.8903290403412,
        2131.5035391411507,
        -12.107241876749478,
        14.632006601576933,
        502.64792709132445,
        3366.8298731490563,
        -0.9954843224423975,
        4.371014875541427,
        2708.069826059998,
        1365.8962165591954,
        -16.961626798537278,
        19.647229213902534
    ],
    "best_fitness": [
        -0.4024470596197317
    ],
    "mutate_eta": 1,
    "mutate_prob": 0.8,
    "crossover_eta": 10,
    "crossover_prob": 1,
    "error_message": null,
    "timestamp": "2024-06-23T09:15:25.629661"
}