{
    "algorithm_desc": "pygad_algorithm",
    "config_name": "two_way_overtaking",
    "random_seed": 1,
    "evaluation_time": 210.892407,
    "number_of_generations": 1000,
    "population_size": 100,
    "num_parents_mating": 2,
    "best_solution": [
        2185.0824153063195,
        982.970318259131,
        -6.16373584580605,
        9.677688043129397,
        1271.3558853020434,
        2536.8156184843497,
        -4.222976799816802,
        8.037912520451545,
        2650.4493139859856,
        277.71546662851574,
        -13.815357677041677,
        13.461841097097455
    ],
    "best_fitness": [
        -0.45168311320963095
    ],
    "mutate_eta": 5,
    "mutate_prob": 0.8,
    "crossover_eta": 10,
    "crossover_prob": 1,
    "error_message": null,
    "timestamp": "2024-06-21T16:09:31.686041"
}