{
    "algorithm_desc": "pygad_algorithm",
    "config_name": "two_way_overtaking",
    "random_seed": 1,
    "evaluation_time": 8.177994,
    "number_of_generations": 200,
    "population_size": 20,
    "num_parents_mating": 2,
    "best_solution": [
        2342.6047524585015,
        1583.3948755622598,
        -12.363425699828468,
        -15.2063986057275,
        1114.235154714019,
        114.40407808702624,
        -9.327303149254336,
        -13.099744452684487,
        3168.669858193604,
        3141.6599533264716,
        -14.664169312828232,
        -17.0843488818119
    ],
    "best_fitness": [
        -0.22082802634329973
    ],
    "mutate_eta": 5,
    "mutate_prob": 0.5,
    "crossover_eta": 20,
    "crossover_prob": 1,
    "error_message": null,
    "timestamp": "2024-06-23T06:07:49.688851"
}