{
    "algorithm_desc": "pygad_algorithm",
    "config_name": "two_way_overtaking",
    "random_seed": 1,
    "evaluation_time": 56.916885,
    "number_of_generations": 200,
    "population_size": 150,
    "num_parents_mating": 10,
    "best_solution": [
        1928.0875188626794,
        1744.4747015731036,
        2.909714855793254,
        11.762513321593481,
        2368.2409633685743,
        3484.1603072340363,
        0.7724415481549869,
        3.0750454380955254,
        1497.6361437566243,
        26.948579449553645,
        3.9417242383090745,
        17.15994545036139
    ],
    "best_fitness": [
        -0.010687555083687768
    ],
    "mutate_eta": 15,
    "mutate_prob": 0.2,
    "crossover_eta": 1,
    "crossover_prob": 1,
    "error_message": null,
    "timestamp": "2024-06-21T00:30:11.274526"
}