{
    "algorithm_desc": "pygad_algorithm",
    "config_name": "two_way_overtaking",
    "random_seed": 1,
    "evaluation_time": 38.185731,
    "number_of_generations": 200,
    "population_size": 100,
    "num_parents_mating": 10,
    "best_solution": [
        1812.347410458753,
        2132.5428263450854,
        -8.525171269086266,
        6.691148346370063,
        401.8206886764293,
        3332.785745949783,
        -1.6266033064061851,
        1.3977838020733806,
        3306.6475986711134,
        957.6037144121673,
        -20.42674782557044,
        15.099512160475896
    ],
    "best_fitness": [
        -0.0019720932698438992
    ],
    "mutate_eta": 1,
    "mutate_prob": 0.2,
    "crossover_eta": 20,
    "crossover_prob": 1,
    "error_message": null,
    "timestamp": "2024-06-21T04:48:16.936707"
}