{
    "algorithm_desc": "pygad_algorithm",
    "config_name": "two_way_overtaking",
    "random_seed": 1,
    "evaluation_time": 110.506544,
    "number_of_generations": 400,
    "population_size": 150,
    "num_parents_mating": 2,
    "best_solution": [
        2058.7178086798313,
        1756.7422404170695,
        0.7409954545615243,
        5.972428617557608,
        2168.7052039833575,
        3498.654300780546,
        0.0,
        0.013402930442182992,
        1703.3935597141835,
        8.05912018979138,
        4.420468408267386,
        19.98079783175359
    ],
    "best_fitness": [
        -0.05326751418153065
    ],
    "mutate_eta": 5,
    "mutate_prob": 0.2,
    "crossover_eta": 10,
    "crossover_prob": 0.8,
    "error_message": null,
    "timestamp": "2024-06-20T17:39:01.066313"
}