{
    "algorithm_desc": "pygad_algorithm",
    "config_name": "two_way_overtaking",
    "random_seed": 1,
    "evaluation_time": 9.76109,
    "number_of_generations": 50,
    "population_size": 100,
    "num_parents_mating": 10,
    "best_solution": [
        1812.347410458753,
        2132.5428263450854,
        -8.525171269086266,
        6.984836765448986,
        331.10730999449436,
        3299.8316455372214,
        -1.6209297498090258,
        1.3977838020733806,
        3299.8316455372214,
        954.2868175929523,
        -18.70775221715026,
        15.62180787960186
    ],
    "best_fitness": [
        -0.019863853403610274
    ],
    "mutate_eta": 1,
    "mutate_prob": 0.2,
    "crossover_eta": 5,
    "crossover_prob": 1,
    "error_message": null,
    "timestamp": "2024-06-21T02:00:14.277544"
}