{
    "algorithm_desc": "pygad_algorithm",
    "config_name": "two_way_overtaking",
    "random_seed": 1,
    "evaluation_time": 1.11451,
    "number_of_generations": 50,
    "population_size": 10,
    "num_parents_mating": 4,
    "best_solution": [
        1800.799215893612,
        1392.4110646658503,
        -12.360042266584086,
        -2.0567158290636343,
        382.8401996775461,
        406.2667594378754,
        -13.28067235752608,
        6.985600161758647,
        2719.8438024652405,
        2412.9198422046147,
        -10.597074437950265,
        -6.497369582785376
    ],
    "best_fitness": [
        -1.1417974421658623
    ],
    "mutate_eta": 1,
    "mutate_prob": 0.8,
    "crossover_eta": 1,
    "crossover_prob": 0.2,
    "error_message": null,
    "timestamp": "2024-06-22T02:32:57.518267"
}