{
    "algorithm_desc": "pygad_algorithm",
    "config_name": "two_way_overtaking",
    "random_seed": 1,
    "evaluation_time": 102.267679,
    "number_of_generations": 1000,
    "population_size": 50,
    "num_parents_mating": 8,
    "best_solution": [
        872.0512293729878,
        1556.632453199514,
        16.426488563048686,
        -0.17734047318456092,
        2396.520313855778,
        844.9283746964803,
        3.3549685469456065,
        -0.512484523136294,
        177.38448263205075,
        2754.751321507515,
        20.00603019164454,
        -4.708975774584294
    ],
    "best_fitness": [
        -0.6056192478137588
    ],
    "mutate_eta": 15,
    "mutate_prob": 0.8,
    "crossover_eta": 20,
    "crossover_prob": 0.2,
    "error_message": null,
    "timestamp": "2024-06-21T13:59:32.473454"
}