{
    "algorithm_desc": "pygad_algorithm",
    "config_name": "two_way_overtaking",
    "random_seed": 1,
    "evaluation_time": 9.375186,
    "number_of_generations": 100,
    "population_size": 50,
    "num_parents_mating": 2,
    "best_solution": [
        2473.2743532769223,
        1886.9961130221498,
        -3.5521074658619334,
        -11.741039868527093,
        1934.0795644388145,
        176.39236711368895,
        -2.8264980511408524,
        -9.092842756288814,
        3077.1114010495285,
        3486.8010504841627,
        -6.932778139783236,
        -19.881190593320675
    ],
    "best_fitness": [
        -0.04841988078246445
    ],
    "mutate_eta": 5,
    "mutate_prob": 0.2,
    "crossover_eta": 10,
    "crossover_prob": 1,
    "error_message": null,
    "timestamp": "2024-06-21T12:09:31.578805"
}