{
    "algorithm_desc": "pygad_algorithm",
    "config_name": "two_way_overtaking",
    "random_seed": 1,
    "evaluation_time": 1.042253,
    "number_of_generations": 50,
    "population_size": 10,
    "num_parents_mating": 2,
    "best_solution": [
        1776.38098720738,
        2489.7016405652803,
        -8.44344620426866,
        -13.244395207592039,
        1626.8391901005632,
        931.5953610056022,
        -1.413110584920286,
        -1.7069123171149023,
        277.66233103256775,
        3451.796376344814,
        -1.438523183660525,
        -16.643107884793288
    ],
    "best_fitness": [
        -0.7786758363636139
    ],
    "mutate_eta": 10,
    "mutate_prob": 0.5,
    "crossover_eta": 10,
    "crossover_prob": 0.5,
    "error_message": null,
    "timestamp": "2024-06-22T20:12:42.565403"
}