{
    "algorithm_desc": "pygad_algorithm",
    "config_name": "two_way_overtaking",
    "random_seed": 1,
    "evaluation_time": 370.581031,
    "number_of_generations": 2000,
    "population_size": 100,
    "num_parents_mating": 4,
    "best_solution": [
        3299.8316455372214,
        1726.8876670128611,
        0.0,
        9.134522110610696,
        3299.8316455372214,
        3499.8592030166083,
        0.0,
        7.668231458684371,
        3299.8316455372214,
        1.5494097109578497,
        -0.6547050472870097,
        20.40995950111403
    ],
    "best_fitness": [
        -0.025832583276164205
    ],
    "mutate_eta": 15,
    "mutate_prob": 0.2,
    "crossover_eta": 1,
    "crossover_prob": 1,
    "error_message": null,
    "timestamp": "2024-06-21T01:10:59.590481"
}