{
    "algorithm_desc": "pygad_algorithm",
    "config_name": "two_way_overtaking",
    "random_seed": 1,
    "evaluation_time": 5.297208,
    "number_of_generations": 50,
    "population_size": 50,
    "num_parents_mating": 8,
    "best_solution": [
        3174.57885681171,
        1948.0754692503401,
        9.497672759824749,
        -17.723344705493492,
        2115.1083123551543,
        1117.3581726785237,
        19.492792375870962,
        -17.52483290469223,
        1875.4340518713354,
        3331.9276072240436,
        13.298605883385555,
        -19.266665571213984
    ],
    "best_fitness": [
        -1.0086620078195474
    ],
    "mutate_eta": 15,
    "mutate_prob": 0.8,
    "crossover_eta": 10,
    "crossover_prob": 0.2,
    "error_message": null,
    "timestamp": "2024-06-23T13:30:02.434014"
}