{
    "algorithm_desc": "pygad_algorithm",
    "config_name": "two_way_overtaking",
    "random_seed": 1,
    "evaluation_time": 21.15719,
    "number_of_generations": 50,
    "population_size": 200,
    "num_parents_mating": 4,
    "best_solution": [
        2360.617002805951,
        1869.471366709402,
        -6.440266473778387,
        18.59301069551769,
        2075.430276114233,
        3088.4583823672415,
        -0.5885079536909075,
        9.51075687853691,
        2784.4041042938325,
        232.95707556660355,
        -12.69420452875892,
        20.092392889379582
    ],
    "best_fitness": [
        -0.5727254314565547
    ],
    "mutate_eta": 15,
    "mutate_prob": 0.8,
    "crossover_eta": 20,
    "crossover_prob": 0.2,
    "error_message": null,
    "timestamp": "2024-06-22T09:01:24.620474"
}