{
    "algorithm_desc": "pygad_algorithm",
    "config_name": "two_way_overtaking",
    "random_seed": 1,
    "evaluation_time": 201.8326,
    "number_of_generations": 1000,
    "population_size": 100,
    "num_parents_mating": 10,
    "best_solution": [
        2137.1287641257263,
        1555.6335766973693,
        -17.024801001514447,
        -14.533962956811944,
        772.1686959832974,
        381.1837752977218,
        -13.39930001599469,
        -11.029677903722453,
        3216.1337332246703,
        2726.700214813865,
        -18.708339623980336,
        -17.700476151383825
    ],
    "best_fitness": [
        -0.1370296257331141
    ],
    "mutate_eta": 20,
    "mutate_prob": 0.5,
    "crossover_eta": 10,
    "crossover_prob": 0.2,
    "error_message": null,
    "timestamp": "2024-06-21T11:26:33.707848"
}