{
    "algorithm_desc": "pygad_algorithm",
    "config_name": "two_way_overtaking",
    "random_seed": 1,
    "evaluation_time": 56.207388,
    "number_of_generations": 200,
    "population_size": 150,
    "num_parents_mating": 4,
    "best_solution": [
        2858.024650230767,
        1752.3307983670225,
        0.05923804794618803,
        1.7968746089292722,
        2801.408703003515,
        3494.5016803711223,
        -0.007289360473993867,
        0.2218883751739007,
        2764.0239655443515,
        9.59097259222924,
        2.305438233540304,
        20.465458740756908
    ],
    "best_fitness": [
        -0.03991730217229722
    ],
    "mutate_eta": 15,
    "mutate_prob": 0.2,
    "crossover_eta": 5,
    "crossover_prob": 0.5,
    "error_message": null,
    "timestamp": "2024-06-22T19:22:39.163269"
}