{
    "algorithm_desc": "pygad_algorithm",
    "config_name": "two_way_overtaking",
    "random_seed": 1,
    "evaluation_time": 85.717365,
    "number_of_generations": 400,
    "population_size": 100,
    "num_parents_mating": 8,
    "best_solution": [
        1966.4008037427209,
        1523.6202996749005,
        -14.492502946599519,
        -11.174339438470101,
        1430.7083538250574,
        765.3571635271968,
        -6.182419016244149,
        -1.1414495361425203,
        2909.8156060425813,
        3055.1182199254076,
        -15.389300524657436,
        -15.498478359536492
    ],
    "best_fitness": [
        -0.6118756109082327
    ],
    "mutate_eta": 1,
    "mutate_prob": 0.8,
    "crossover_eta": 10,
    "crossover_prob": 0.8,
    "error_message": null,
    "timestamp": "2024-06-20T18:34:37.684330"
}