{
    "algorithm_desc": "pygad_algorithm",
    "config_name": "two_way_overtaking",
    "random_seed": 1,
    "evaluation_time": 82.326052,
    "number_of_generations": 400,
    "population_size": 100,
    "num_parents_mating": 2,
    "best_solution": [
        2146.102467267895,
        1497.1034088999047,
        0.0,
        -9.52327503927285,
        1961.2091188354952,
        55.460595479699336,
        0.39564066078109406,
        -7.669688067045511,
        2529.1457523321046,
        3239.8900068142148,
        -2.839296057379485,
        -18.7791466324731
    ],
    "best_fitness": [
        -0.2022516436697704
    ],
    "mutate_eta": 1,
    "mutate_prob": 0.5,
    "crossover_eta": 15,
    "crossover_prob": 1,
    "error_message": null,
    "timestamp": "2024-06-23T13:37:16.980796"
}