{
    "algorithm_desc": "pygad_algorithm",
    "config_name": "two_way_overtaking",
    "random_seed": 1,
    "evaluation_time": 9.235685,
    "number_of_generations": 1000,
    "population_size": 5,
    "num_parents_mating": 2,
    "best_solution": [
        944.7635581487355,
        581.9441056608749,
        -11.010036303429374,
        2.0641150861163027,
        50.74346255165513,
        1321.8260543970123,
        -7.37803369578881,
        -0.2172957215095792,
        2882.88476248561,
        59.240840739967716,
        -18.936100292036716,
        10.911307160204334
    ],
    "best_fitness": [
        -0.5501854056718398
    ],
    "mutate_eta": 1,
    "mutate_prob": 0.5,
    "crossover_eta": 5,
    "crossover_prob": 1,
    "error_message": null,
    "timestamp": "2024-06-22T12:50:50.460473"
}