{
    "algorithm_desc": "pygad_algorithm",
    "config_name": "two_way_overtaking",
    "random_seed": 1,
    "evaluation_time": 31.708006,
    "number_of_generations": 100,
    "population_size": 150,
    "num_parents_mating": 8,
    "best_solution": [
        2663.1094941341453,
        1079.270346815607,
        7.244819938688302,
        14.85827426099982,
        1645.2869928725847,
        3131.8900732019256,
        -2.749601144722913,
        6.662567409227904,
        572.8794530503523,
        206.8943816112981,
        18.118959073857283,
        19.001199595607233
    ],
    "best_fitness": [
        -0.759444523782397
    ],
    "mutate_eta": 10,
    "mutate_prob": 0.8,
    "crossover_eta": 10,
    "crossover_prob": 1,
    "error_message": null,
    "timestamp": "2024-06-20T23:55:31.316213"
}