{
    "algorithm_desc": "pygad_algorithm",
    "config_name": "two_way_overtaking",
    "random_seed": 1,
    "evaluation_time": 19.549404,
    "number_of_generations": 200,
    "population_size": 50,
    "num_parents_mating": 10,
    "best_solution": [
        1478.0802889346169,
        2390.784827038078,
        7.559496810607495,
        6.197155748398508,
        2948.7902455582143,
        3393.486798340586,
        0.871151166533263,
        0.8792279237686849,
        21.540099016403413,
        1186.2786147759837,
        17.021445917344344,
        13.648217261554514
    ],
    "best_fitness": [
        -0.06626376480213451
    ],
    "mutate_eta": 5,
    "mutate_prob": 0.2,
    "crossover_eta": 1,
    "crossover_prob": 0.8,
    "error_message": null,
    "timestamp": "2024-06-21T02:52:16.231474"
}