{
    "algorithm_desc": "pygad_algorithm",
    "config_name": "two_way_overtaking",
    "random_seed": 1,
    "evaluation_time": 1.776008,
    "number_of_generations": 100,
    "population_size": 10,
    "num_parents_mating": 2,
    "best_solution": [
        2616.8959586823253,
        1950.0102883394125,
        -8.268197199474484,
        -15.25370895998682,
        1601.9382522239025,
        339.50397635117565,
        -3.966459539734309,
        -8.335591894315481,
        2976.7622337859325,
        3388.946473584272,
        -8.4856578019023,
        -19.202621578760834
    ],
    "best_fitness": [
        -0.2058308104155393
    ],
    "mutate_eta": 5,
    "mutate_prob": 0.2,
    "crossover_eta": 10,
    "crossover_prob": 0.2,
    "error_message": null,
    "timestamp": "2024-06-22T08:37:00.134127"
}