{
    "algorithm_desc": "pygad_algorithm",
    "config_name": "two_way_overtaking",
    "random_seed": 1,
    "evaluation_time": 10.490935,
    "number_of_generations": 100,
    "population_size": 50,
    "num_parents_mating": 10,
    "best_solution": [
        2839.622605496438,
        904.0112073710745,
        4.250222020298015,
        5.633506282200681,
        2188.6945109040166,
        2629.304939974017,
        4.237213740132109,
        3.6461672985742517,
        882.3342147772153,
        542.1798046192652,
        11.636589217823115,
        2.8392136040229197
    ],
    "best_fitness": [
        -0.7516944935184846
    ],
    "mutate_eta": 20,
    "mutate_prob": 0.5,
    "crossover_eta": 1,
    "crossover_prob": 1,
    "error_message": null,
    "timestamp": "2024-06-22T02:18:41.898032"
}