{
    "algorithm_desc": "pygad_algorithm",
    "config_name": "two_way_overtaking",
    "random_seed": 1,
    "evaluation_time": 71.455796,
    "number_of_generations": 400,
    "population_size": 100,
    "num_parents_mating": 4,
    "best_solution": [
        3299.8316455372214,
        1734.2140734973075,
        0.0,
        15.470764542332375,
        3299.8316455372214,
        3491.2674901699943,
        0.0,
        13.483451258388492,
        3299.1922789599644,
        10.530049579678735,
        0.27934600886646876,
        20.238681464495933
    ],
    "best_fitness": [
        -0.03041632201228845
    ],
    "mutate_eta": 15,
    "mutate_prob": 0.2,
    "crossover_eta": 20,
    "crossover_prob": 0.2,
    "error_message": null,
    "timestamp": "2024-06-21T13:36:15.650296"
}