{
    "algorithm_desc": "pygad_algorithm",
    "config_name": "two_way_overtaking",
    "random_seed": 1,
    "evaluation_time": 605.316945,
    "number_of_generations": 2000,
    "population_size": 150,
    "num_parents_mating": 8,
    "best_solution": [
        1920.4018989521903,
        2365.993437271253,
        -11.47578803653213,
        3.3879393142960303,
        185.02901650353553,
        2759.520097341941,
        -8.113793229922575,
        2.3319345846315223,
        3455.240709271505,
        1899.8860051135396,
        -19.940960794145564,
        5.389481145663122
    ],
    "best_fitness": [
        -0.08396313889239551
    ],
    "mutate_eta": 1,
    "mutate_prob": 0.5,
    "crossover_eta": 10,
    "crossover_prob": 0.2,
    "error_message": null,
    "timestamp": "2024-06-22T17:30:10.838797"
}