{
    "algorithm_desc": "pygad_algorithm",
    "config_name": "two_way_overtaking",
    "random_seed": 1,
    "evaluation_time": 72.708462,
    "number_of_generations": 2000,
    "population_size": 20,
    "num_parents_mating": 2,
    "best_solution": [
        1726.1228802473272,
        2168.407870647244,
        -3.718150370027395,
        -0.03977574983280974,
        6.454214924714485,
        2199.8877636914813,
        -1.6170463092303535,
        0.02917691928083954,
        3491.2602500186954,
        2187.7698047825165,
        -18.017632841536376,
        0.6175649416535833
    ],
    "best_fitness": [
        -0.02935752483401091
    ],
    "mutate_eta": 20,
    "mutate_prob": 0.2,
    "crossover_eta": 1,
    "crossover_prob": 0.8,
    "error_message": null,
    "timestamp": "2024-06-20T15:13:28.613471"
}