{
    "algorithm_desc": "pygad_algorithm",
    "config_name": "two_way_overtaking",
    "random_seed": 1,
    "evaluation_time": 19.345662,
    "number_of_generations": 100,
    "population_size": 100,
    "num_parents_mating": 8,
    "best_solution": [
        3299.8316455372214,
        2222.263476921264,
        0.25672104208481983,
        -14.139523672355494,
        3299.8316455372214,
        339.8272546988571,
        0.0,
        -7.413609027585206,
        2012.5523147616432,
        3489.8756808497583,
        3.0320884769181298,
        -16.623222874800625
    ],
    "best_fitness": [
        -0.2042269199719941
    ],
    "mutate_eta": 15,
    "mutate_prob": 0.2,
    "crossover_eta": 5,
    "crossover_prob": 1,
    "error_message": null,
    "timestamp": "2024-06-20T19:57:45.240440"
}