{
    "algorithm_desc": "pygad_algorithm",
    "config_name": "two_way_overtaking",
    "random_seed": 1,
    "evaluation_time": 40.708584,
    "number_of_generations": 200,
    "population_size": 100,
    "num_parents_mating": 8,
    "best_solution": [
        1194.7333037231342,
        1702.3487728600942,
        10.968513152916618,
        4.512192258070641,
        2692.472734183824,
        2525.3637122264136,
        3.505936925920814,
        -0.04687906344756598,
        147.5328005646166,
        1394.4515783392605,
        20.161435694958108,
        8.373074465735954
    ],
    "best_fitness": [
        -0.37563106044636274
    ],
    "mutate_eta": 5,
    "mutate_prob": 0.5,
    "crossover_eta": 1,
    "crossover_prob": 0.2,
    "error_message": null,
    "timestamp": "2024-06-21T00:22:32.318574"
}