{
    "algorithm_desc": "pygad_algorithm",
    "config_name": "two_way_overtaking",
    "random_seed": 1,
    "evaluation_time": 3.750712,
    "number_of_generations": 400,
    "population_size": 5,
    "num_parents_mating": 2,
    "best_solution": [
        362.1084464074047,
        1119.4588637098116,
        -5.209035036365391,
        13.023791924065442,
        419.15874584661174,
        3051.536979524999,
        -20.105632505398205,
        -6.511702121355489,
        2138.380428091071,
        258.27397289046434,
        -8.529548781902127,
        13.539398413985744
    ],
    "best_fitness": [
        -0.976484358620715
    ],
    "mutate_eta": 1,
    "mutate_prob": 0.5,
    "crossover_eta": 1,
    "crossover_prob": 1,
    "error_message": null,
    "timestamp": "2024-06-23T15:09:19.209114"
}