{
    "algorithm_desc": "pygad_algorithm",
    "config_name": "two_way_overtaking",
    "random_seed": 1,
    "evaluation_time": 8.755683,
    "number_of_generations": 1000,
    "population_size": 5,
    "num_parents_mating": 2,
    "best_solution": [
        1633.7662320149511,
        3247.0510834204497,
        -7.812429707879025,
        -11.614587064895389,
        440.7663972618775,
        1796.5921095283536,
        -5.36434349205947,
        -8.307956167882551,
        3473.505785792921,
        3358.3984365528904,
        -15.03196046526163,
        -11.46777495848067
    ],
    "best_fitness": [
        -0.27754698061289507
    ],
    "mutate_eta": 20,
    "mutate_prob": 0.2,
    "crossover_eta": 5,
    "crossover_prob": 0.5,
    "error_message": null,
    "timestamp": "2024-06-20T14:54:03.635330"
}