{
    "algorithm_desc": "pygad_algorithm",
    "config_name": "two_way_overtaking",
    "random_seed": 1,
    "evaluation_time": 191.715839,
    "number_of_generations": 2000,
    "population_size": 50,
    "num_parents_mating": 10,
    "best_solution": [
        1477.402951792708,
        2316.8645223402746,
        7.576071028677951,
        6.095786141747627,
        2888.8362892661316,
        3449.484961859374,
        0.871151166533263,
        0.6973604405881026,
        74.74915728910231,
        1186.2786147759837,
        17.021445917344344,
        14.624299984273428
    ],
    "best_fitness": [
        -0.0006235594764043116
    ],
    "mutate_eta": 5,
    "mutate_prob": 0.2,
    "crossover_eta": 10,
    "crossover_prob": 0.8,
    "error_message": null,
    "timestamp": "2024-06-20T20:54:15.128417"
}