{
    "algorithm_desc": "pygad_algorithm",
    "config_name": "two_way_overtaking",
    "random_seed": 1,
    "evaluation_time": 21.229444,
    "number_of_generations": 100,
    "population_size": 100,
    "num_parents_mating": 4,
    "best_solution": [
        444.8477919415403,
        2467.452308586664,
        15.959634117466216,
        6.297323019975849,
        2515.1918603302884,
        2060.5221757178065,
        3.7514350678098225,
        -2.7158405019339504,
        400.93633769455164,
        573.5153221797873,
        15.682662844369482,
        9.132188613653806
    ],
    "best_fitness": [
        -0.7010709104555722
    ],
    "mutate_eta": 15,
    "mutate_prob": 0.8,
    "crossover_eta": 10,
    "crossover_prob": 0.8,
    "error_message": null,
    "timestamp": "2024-06-22T07:23:58.592798"
}