{
    "algorithm_desc": "pygad_algorithm",
    "config_name": "two_way_overtaking",
    "random_seed": 1,
    "evaluation_time": 7.800931,
    "number_of_generations": 400,
    "population_size": 10,
    "num_parents_mating": 8,
    "best_solution": [
        2067.8800038003246,
        729.9306346357695,
        5.40203271249521,
        14.591548862465444,
        3207.4571970222446,
        2035.1436596063677,
        7.722419277301018,
        9.852469838940504,
        1045.1728344211597,
        9.42724952191848,
        20.27002989332211,
        10.310909338248756
    ],
    "best_fitness": [
        -0.8431080548381406
    ],
    "mutate_eta": 10,
    "mutate_prob": 0.5,
    "crossover_eta": 10,
    "crossover_prob": 0.8,
    "error_message": null,
    "timestamp": "2024-06-22T02:03:46.999910"
}