{
    "algorithm_desc": "pygad_algorithm",
    "config_name": "two_way_overtaking",
    "random_seed": 1,
    "evaluation_time": 19.418958,
    "number_of_generations": 1000,
    "population_size": 10,
    "num_parents_mating": 8,
    "best_solution": [
        1621.6380028687906,
        2867.640848895361,
        16.75526887923015,
        9.55535748189886,
        3242.260848076827,
        2351.554837678318,
        4.029231466253929,
        -2.3271937013488433,
        251.39436381379454,
        974.5568195472822,
        17.819718322394948,
        13.59449110879558
    ],
    "best_fitness": [
        -0.6498794149315025
    ],
    "mutate_eta": 15,
    "mutate_prob": 0.5,
    "crossover_eta": 10,
    "crossover_prob": 1,
    "error_message": null,
    "timestamp": "2024-06-21T00:03:19.725254"
}