{
    "algorithm_desc": "pygad_algorithm",
    "config_name": "two_way_overtaking",
    "random_seed": 1,
    "evaluation_time": 8.320708,
    "number_of_generations": 200,
    "population_size": 20,
    "num_parents_mating": 8,
    "best_solution": [
        3231.2945685456198,
        1671.1781387054998,
        18.041046823875654,
        14.14024863200114,
        3469.6268526802533,
        3186.613106049694,
        1.1021718768447961,
        4.00307018386151,
        1666.1265240856665,
        965.7251260524428,
        19.752290871493962,
        13.461841097097455
    ],
    "best_fitness": [
        -0.5836890301094753
    ],
    "mutate_eta": 10,
    "mutate_prob": 0.8,
    "crossover_eta": 10,
    "crossover_prob": 0.2,
    "error_message": null,
    "timestamp": "2024-06-23T17:31:30.759000"
}