{
    "algorithm_desc": "pygad_algorithm",
    "config_name": "two_way_overtaking",
    "random_seed": 1,
    "evaluation_time": 1.024621,
    "number_of_generations": 50,
    "population_size": 10,
    "num_parents_mating": 4,
    "best_solution": [
        2624.4052560373643,
        1787.093996742169,
        -15.817506066147555,
        19.715502516138663,
        1512.819002266319,
        3299.8316455372214,
        -5.303011842658115,
        8.44050354873848,
        1306.7066647959573,
        570.0337135236126,
        1.693451944271068,
        19.846766429503525
    ],
    "best_fitness": [
        -0.6280743039874039
    ],
    "mutate_eta": 20,
    "mutate_prob": 0.2,
    "crossover_eta": 1,
    "crossover_prob": 0.5,
    "error_message": null,
    "timestamp": "2024-06-21T06:06:51.764071"
}