{
    "algorithm_desc": "pygad_algorithm",
    "config_name": "two_way_overtaking",
    "random_seed": 1,
    "evaluation_time": 18.153775,
    "number_of_generations": 2000,
    "population_size": 5,
    "num_parents_mating": 4,
    "best_solution": [
        1488.1208086730908,
        1936.8375136471225,
        -8.668068073126115,
        -7.305645485551413,
        28.57068126189094,
        250.32971765787298,
        -2.8086434051650286,
        -4.471221726934157,
        2721.642800525866,
        3065.5001781070678,
        -17.59742698702158,
        -16.100415609041782
    ],
    "best_fitness": [
        -0.2634917357568025
    ],
    "mutate_eta": 5,
    "mutate_prob": 0.5,
    "crossover_eta": 1,
    "crossover_prob": 0.5,
    "error_message": null,
    "timestamp": "2024-06-23T11:14:51.361875"
}