{
    "algorithm_desc": "pygad_algorithm",
    "config_name": "two_way_overtaking",
    "random_seed": 1,
    "evaluation_time": 37.255477,
    "number_of_generations": 2000,
    "population_size": 10,
    "num_parents_mating": 8,
    "best_solution": [
        724.3137045278199,
        1521.365926591345,
        2.764271522729473,
        6.981903534319091,
        1605.6288161799994,
        3204.1655903392198,
        1.4509075000157026,
        4.372580680692085,
        131.68638463068615,
        43.44533487696406,
        6.950447742567256,
        19.733201191693254
    ],
    "best_fitness": [
        -0.09506073009044932
    ],
    "mutate_eta": 15,
    "mutate_prob": 0.2,
    "crossover_eta": 20,
    "crossover_prob": 0.5,
    "error_message": null,
    "timestamp": "2024-06-21T12:16:07.020664"
}