{
    "algorithm_desc": "pygad_algorithm",
    "config_name": "two_way_overtaking",
    "random_seed": 1,
    "evaluation_time": 106.731198,
    "number_of_generations": 1000,
    "population_size": 50,
    "num_parents_mating": 8,
    "best_solution": [
        2001.7301273463263,
        2745.737841551668,
        -0.9464682336554837,
        -13.958955032414547,
        1813.2672454200997,
        853.8355254315735,
        -1.5025011496841323,
        -6.576472718007901,
        44.601036135572095,
        3209.6415553419056,
        10.955062793666531,
        -17.21813499250944
    ],
    "best_fitness": [
        -0.48020071173328654
    ],
    "mutate_eta": 1,
    "mutate_prob": 0.8,
    "crossover_eta": 1,
    "crossover_prob": 1,
    "error_message": null,
    "timestamp": "2024-06-23T17:24:54.670347"
}