{
    "algorithm_desc": "pygad_algorithm",
    "config_name": "two_way_overtaking",
    "random_seed": 1,
    "evaluation_time": 2.010724,
    "number_of_generations": 100,
    "population_size": 10,
    "num_parents_mating": 10,
    "best_solution": [
        2045.9390049286624,
        1284.2964951839194,
        -8.22315599362775,
        17.215443819640505,
        1383.5673266962326,
        3008.2281088016966,
        0.0,
        5.725845596132551,
        3284.2050022475264,
        549.9719409228703,
        -10.250206884032652,
        18.18608298829166
    ],
    "best_fitness": [
        -0.39332696740527623
    ],
    "mutate_eta": 20,
    "mutate_prob": 0.2,
    "crossover_eta": 10,
    "crossover_prob": 1,
    "error_message": null,
    "timestamp": "2024-06-21T09:36:58.122986"
}