{
    "algorithm_desc": "pygad_algorithm",
    "config_name": "two_way_overtaking",
    "random_seed": 1,
    "evaluation_time": 17.336228,
    "number_of_generations": 2000,
    "population_size": 5,
    "num_parents_mating": 4,
    "best_solution": [
        1829.8309786216812,
        2018.6312042591082,
        -6.767870978234614,
        9.686127315890715,
        759.2204796372073,
        3464.5920866799042,
        -3.926197468401046,
        5.971763029792285,
        3290.405416709577,
        963.7479509326824,
        -16.541980833038846,
        15.883536108400044
    ],
    "best_fitness": [
        -0.09967179950440391
    ],
    "mutate_eta": 5,
    "mutate_prob": 0.2,
    "crossover_eta": 15,
    "crossover_prob": 1,
    "error_message": null,
    "timestamp": "2024-06-23T12:45:46.016622"
}