{
    "algorithm_desc": "pygad_algorithm",
    "config_name": "two_way_overtaking",
    "random_seed": 1,
    "evaluation_time": 80.340015,
    "number_of_generations": 400,
    "population_size": 100,
    "num_parents_mating": 2,
    "best_solution": [
        1994.575619031432,
        3399.45298499181,
        7.613682660952708,
        -10.385872335863244,
        3087.016935676147,
        1664.1186653405734,
        2.871048257542057,
        -4.6436431054029175,
        224.59534839006946,
        3498.2153686477222,
        20.194769694903883,
        -8.364774490023231
    ],
    "best_fitness": [
        -0.33894641433180106
    ],
    "mutate_eta": 20,
    "mutate_prob": 0.5,
    "crossover_eta": 5,
    "crossover_prob": 0.5,
    "error_message": null,
    "timestamp": "2024-06-23T06:12:57.182787"
}