{
    "algorithm_desc": "pygad_algorithm",
    "config_name": "two_way_overtaking",
    "random_seed": 1,
    "evaluation_time": 9.531204,
    "number_of_generations": 50,
    "population_size": 100,
    "num_parents_mating": 2,
    "best_solution": [
        1433.0055648883617,
        3206.5409885882946,
        -5.734889396951356,
        -18.073854394024096,
        1269.706705187174,
        1392.0552270213684,
        0.0,
        -2.8316665636551512,
        3222.112285465306,
        3446.711092506417,
        -10.481289643906557,
        -18.960801276635102
    ],
    "best_fitness": [
        -0.3806541987142905
    ],
    "mutate_eta": 15,
    "mutate_prob": 0.2,
    "crossover_eta": 10,
    "crossover_prob": 1,
    "error_message": null,
    "timestamp": "2024-06-21T09:54:35.830001"
}