{
    "algorithm_desc": "pygad_algorithm",
    "config_name": "two_way_overtaking",
    "random_seed": 1,
    "evaluation_time": 411.289304,
    "number_of_generations": 1000,
    "population_size": 200,
    "num_parents_mating": 2,
    "best_solution": [
        1547.1845643326483,
        1766.7326139679215,
        4.870893336112001,
        4.959245030625905,
        2860.4079026899344,
        3019.229140554524,
        2.574892610566412,
        2.461214638584874,
        119.45120309203611,
        389.7984433522198,
        18.08024791704397,
        19.437864083387375
    ],
    "best_fitness": [
        -0.034111522746912114
    ],
    "mutate_eta": 20,
    "mutate_prob": 0.5,
    "crossover_eta": 15,
    "crossover_prob": 1,
    "error_message": null,
    "timestamp": "2024-06-22T14:07:45.943654"
}