{
    "algorithm_desc": "pygad_algorithm",
    "config_name": "two_way_overtaking",
    "random_seed": 1,
    "evaluation_time": 19.533686,
    "number_of_generations": 200,
    "population_size": 50,
    "num_parents_mating": 2,
    "best_solution": [
        2152.2716029249464,
        1289.595276383655,
        -7.058224835480747,
        -14.633317269218939,
        951.8789688461101,
        44.557222249622995,
        -3.250104418722863,
        -4.403958889372767,
        2480.5548165177192,
        3168.259313369736,
        -7.10174615868215,
        -16.848289185028705
    ],
    "best_fitness": [
        -0.2356431283473617
    ],
    "mutate_eta": 15,
    "mutate_prob": 0.5,
    "crossover_eta": 20,
    "crossover_prob": 0.2,
    "error_message": null,
    "timestamp": "2024-06-22T20:40:28.180942"
}