{
    "algorithm_desc": "pygad_algorithm",
    "config_name": "two_way_overtaking",
    "random_seed": 1,
    "evaluation_time": 38.09067,
    "number_of_generations": 100,
    "population_size": 200,
    "num_parents_mating": 10,
    "best_solution": [
        1714.48698392071,
        2749.8597046143514,
        -10.121049061059347,
        0.0,
        9.7563585912403,
        2749.8597046143514,
        -4.979056190626533,
        0.0,
        3499.832416465043,
        2747.89495632374,
        -17.258317176219848,
        0.4090919067637522
    ],
    "best_fitness": [
        -0.028271620225153535
    ],
    "mutate_eta": 1,
    "mutate_prob": 0.2,
    "crossover_eta": 1,
    "crossover_prob": 0.5,
    "error_message": null,
    "timestamp": "2024-06-20T17:54:23.714711"
}