{
    "algorithm_desc": "pygad_algorithm",
    "config_name": "two_way_overtaking",
    "random_seed": 1,
    "evaluation_time": 5.335642,
    "number_of_generations": 50,
    "population_size": 50,
    "num_parents_mating": 4,
    "best_solution": [
        2217.190785467106,
        2555.6149528180877,
        -14.424708411097331,
        -0.0874008739612755,
        25.266932055297453,
        3080.0810375861997,
        -5.432433278379515,
        -1.1391148401235291,
        2723.5229643470357,
        3079.232048551352,
        -11.827470744332718,
        -10.36049527388659
    ],
    "best_fitness": [
        -0.9581858573728155
    ],
    "mutate_eta": 15,
    "mutate_prob": 0.8,
    "crossover_eta": 15,
    "crossover_prob": 0.5,
    "error_message": null,
    "timestamp": "2024-06-21T17:29:36.071862"
}