{
    "algorithm_desc": "pygad_algorithm",
    "config_name": "two_way_overtaking",
    "random_seed": 1,
    "evaluation_time": 1.067349,
    "number_of_generations": 400,
    "population_size": 2,
    "num_parents_mating": 2,
    "best_solution": [
        2167.2465427663365,
        2441.2832343956543,
        -4.3037709238508235,
        -16.72656872122439,
        2089.945560313272,
        644.0357056961277,
        -0.18453020163527256,
        -13.253234021659946,
        3491.1160681547203,
        3077.451177014163,
        -15.047682944832818,
        -17.887377413329308
    ],
    "best_fitness": [
        -0.5923300477009744
    ],
    "mutate_eta": 15,
    "mutate_prob": 0.2,
    "crossover_eta": 1,
    "crossover_prob": 0.5,
    "error_message": null,
    "timestamp": "2024-06-21T22:43:32.671553"
}