{
    "algorithm_desc": "pygad_algorithm",
    "config_name": "two_way_overtaking",
    "random_seed": 1,
    "evaluation_time": 303.798762,
    "number_of_generations": 1000,
    "population_size": 150,
    "num_parents_mating": 10,
    "best_solution": [
        1950.5813898371327,
        1747.4440313867024,
        4.135667306735183,
        8.270550378011599,
        2745.1715905615606,
        3384.533260458744,
        3.6655826504069076,
        7.436695669705422,
        1258.819025062751,
        58.67274050444804,
        6.308273412371822,
        17.713148975571144
    ],
    "best_fitness": [
        -0.048248565857611676
    ],
    "mutate_eta": 15,
    "mutate_prob": 0.5,
    "crossover_eta": 10,
    "crossover_prob": 0.2,
    "error_message": null,
    "timestamp": "2024-06-23T03:42:28.900966"
}