{
    "algorithm_desc": "pygad_algorithm",
    "config_name": "two_way_overtaking",
    "random_seed": 1,
    "evaluation_time": 202.864299,
    "number_of_generations": 2000,
    "population_size": 50,
    "num_parents_mating": 8,
    "best_solution": [
        1314.6436507362334,
        1481.882064285202,
        9.997689957734089,
        5.761970220883914,
        2896.4923665501587,
        2590.083627958183,
        5.979010302407737,
        3.245474166880559,
        48.34536304510356,
        75.27363492851141,
        15.879933740217574,
        13.685519517733958
    ],
    "best_fitness": [
        -0.1255997775482678
    ],
    "mutate_eta": 20,
    "mutate_prob": 0.5,
    "crossover_eta": 1,
    "crossover_prob": 1,
    "error_message": null,
    "timestamp": "2024-06-22T00:37:54.125937"
}