{
    "algorithm_desc": "pygad_algorithm",
    "config_name": "two_way_overtaking",
    "random_seed": 1,
    "evaluation_time": 0.657622,
    "number_of_generations": 200,
    "population_size": 2,
    "num_parents_mating": 2,
    "best_solution": [
        2762.454835861982,
        2614.455213663376,
        -4.162740538924737,
        -19.708492859553978,
        1825.0374411842397,
        155.15871456785,
        -6.331964703062308,
        -17.00263267177183,
        526.4073002975664,
        2453.1250785660495,
        3.943826111372406,
        8.027276094960452
    ],
    "best_fitness": [
        -1.3972941066700086
    ],
    "mutate_eta": 20,
    "mutate_prob": 1,
    "crossover_eta": 10,
    "crossover_prob": 0.5,
    "error_message": null,
    "timestamp": "2024-06-21T20:45:54.986899"
}