{
    "algorithm_desc": "pygad_algorithm",
    "config_name": "two_way_overtaking",
    "random_seed": 1,
    "evaluation_time": 1.321253,
    "number_of_generations": 400,
    "population_size": 2,
    "num_parents_mating": 2,
    "best_solution": [
        867.7825634732034,
        2576.3442966496864,
        -10.637276706095314,
        -4.783982258459256,
        124.5522187933149,
        820.9172930538089,
        -17.24771494761582,
        14.308545062079041,
        2790.6926191088687,
        3461.554949259755,
        -12.093525183425808,
        12.855222839086885
    ],
    "best_fitness": [
        -1.353197430183934
    ],
    "mutate_eta": 1,
    "mutate_prob": 1,
    "crossover_eta": 1,
    "crossover_prob": 0.2,
    "error_message": null,
    "timestamp": "2024-06-23T01:04:08.180083"
}