{
    "algorithm_desc": "pygad_algorithm",
    "config_name": "two_way_overtaking",
    "random_seed": 1,
    "evaluation_time": 744.693,
    "number_of_generations": 2000,
    "population_size": 200,
    "num_parents_mating": 4,
    "best_solution": [
        3299.8316455372214,
        1749.9156943498062,
        -0.039391257832008364,
        1.0886560217090882,
        3299.8316455372214,
        3499.9031585242383,
        0.0,
        0.28377016003304334,
        3363.042963508131,
        1.7757873531786261,
        0.30624850228021216,
        17.494291354340113
    ],
    "best_fitness": [
        -0.02557109189082853
    ],
    "mutate_eta": 10,
    "mutate_prob": 0.2,
    "crossover_eta": 10,
    "crossover_prob": 0.8,
    "error_message": null,
    "timestamp": "2024-06-20T15:38:48.240308"
}