{
    "algorithm_desc": "pygad_algorithm",
    "config_name": "two_way_overtaking",
    "random_seed": 1,
    "evaluation_time": 91.367596,
    "number_of_generations": 1000,
    "population_size": 50,
    "num_parents_mating": 4,
    "best_solution": [
        1192.437828006094,
        1864.6049828610205,
        13.774981810444984,
        6.739172323660558,
        2833.430057425904,
        2610.362929379244,
        6.206358932495206,
        2.798218655117296,
        0.27237354219600274,
        513.6148536393907,
        16.546783259164464,
        9.494821225640901
    ],
    "best_fitness": [
        -0.10256588356703117
    ],
    "mutate_eta": 15,
    "mutate_prob": 0.2,
    "crossover_eta": 20,
    "crossover_prob": 1,
    "error_message": null,
    "timestamp": "2024-06-21T13:05:48.029631"
}