{
    "algorithm_desc": "pygad_algorithm",
    "config_name": "two_way_overtaking",
    "random_seed": 1,
    "evaluation_time": 84.175073,
    "number_of_generations": 400,
    "population_size": 100,
    "num_parents_mating": 8,
    "best_solution": [
        1329.1444937427748,
        1990.2890059701178,
        -6.697106329939018,
        -17.759657438881177,
        772.9966774675344,
        317.9876588311598,
        -2.758204058263683,
        -4.6558929087088465,
        2935.5494597987017,
        3200.62992246592,
        -18.95634743518234,
        -12.789618735644055
    ],
    "best_fitness": [
        -0.4967021435405228
    ],
    "mutate_eta": 20,
    "mutate_prob": 0.8,
    "crossover_eta": 20,
    "crossover_prob": 0.2,
    "error_message": null,
    "timestamp": "2024-06-22T22:04:27.330501"
}