{
    "algorithm_desc": "pygad_algorithm",
    "config_name": "two_way_overtaking",
    "random_seed": 1,
    "evaluation_time": 30.620823,
    "number_of_generations": 100,
    "population_size": 150,
    "num_parents_mating": 2,
    "best_solution": [
        1085.787363722911,
        1790.9928022561967,
        11.129100615699453,
        9.49459341785861,
        2977.65268190804,
        2516.0756646436994,
        5.080891680749637,
        1.881704049762643,
        251.19941582776124,
        85.77049190775854,
        15.144747767595824,
        16.667607652428018
    ],
    "best_fitness": [
        -0.2627997484341116
    ],
    "mutate_eta": 10,
    "mutate_prob": 0.5,
    "crossover_eta": 5,
    "crossover_prob": 1,
    "error_message": null,
    "timestamp": "2024-06-23T02:12:56.161271"
}