{
    "algorithm_desc": "pygad_algorithm",
    "config_name": "two_way_overtaking",
    "random_seed": 1,
    "evaluation_time": 383.04246,
    "number_of_generations": 2000,
    "population_size": 100,
    "num_parents_mating": 10,
    "best_solution": [
        1760.4671971219689,
        2201.16564380681,
        -10.17095060887589,
        2.0893789085825993,
        2.0057617962172536,
        2569.967582820372,
        -5.499270915666209,
        1.1555796003283803,
        3495.8587312379814,
        1844.9735015397853,
        -16.709539401880356,
        3.8213667039962793
    ],
    "best_fitness": [
        -0.008172696446196927
    ],
    "mutate_eta": 20,
    "mutate_prob": 0.2,
    "crossover_eta": 5,
    "crossover_prob": 0.5,
    "error_message": null,
    "timestamp": "2024-06-23T14:32:43.749935"
}