{
    "algorithm_desc": "pygad_algorithm",
    "config_name": "two_way_overtaking",
    "random_seed": 1,
    "evaluation_time": 200.391826,
    "number_of_generations": 1000,
    "population_size": 100,
    "num_parents_mating": 8,
    "best_solution": [
        1878.09576302968,
        1773.6639992378985,
        10.968513152916618,
        -10.399299620658132,
        3109.6169910813373,
        416.3009234110457,
        2.1942625373225546,
        -2.760447201565043,
        534.8100151127068,
        3071.2398877171663,
        18.582739916890908,
        -16.97054658527718
    ],
    "best_fitness": [
        -0.03453411759233545
    ],
    "mutate_eta": 20,
    "mutate_prob": 0.5,
    "crossover_eta": 15,
    "crossover_prob": 0.2,
    "error_message": null,
    "timestamp": "2024-06-23T00:19:32.056078"
}