{
    "algorithm_desc": "pygad_algorithm",
    "config_name": "two_way_overtaking",
    "random_seed": 1,
    "evaluation_time": 81.649001,
    "number_of_generations": 2000,
    "population_size": 20,
    "num_parents_mating": 2,
    "best_solution": [
        1951.5522922416976,
        1295.1070675907351,
        -10.314886536665052,
        11.20594892560634,
        1515.9436569129748,
        3003.510314312963,
        -4.986830196582499,
        3.9720282643313816,
        3220.451844395163,
        12.766801727891409,
        -12.801379405023695,
        14.823119751366782
    ],
    "best_fitness": [
        -0.29890764482474697
    ],
    "mutate_eta": 5,
    "mutate_prob": 0.8,
    "crossover_eta": 1,
    "crossover_prob": 0.8,
    "error_message": null,
    "timestamp": "2024-06-21T12:46:55.798593"
}