{
    "algorithm_desc": "pygad_algorithm",
    "config_name": "two_way_overtaking",
    "random_seed": 1,
    "evaluation_time": 0.982939,
    "number_of_generations": 100,
    "population_size": 5,
    "num_parents_mating": 2,
    "best_solution": [
        1608.6537408379722,
        2382.6653154119845,
        15.474545648471342,
        13.995914231561308,
        3478.1653329563455,
        2777.913111735037,
        2.782994840198736,
        1.9934868280230837,
        326.00779585519945,
        1240.7133313166714,
        12.096448419756946,
        -6.972652903748012
    ],
    "best_fitness": [
        -1.0249195617801212
    ],
    "mutate_eta": 5,
    "mutate_prob": 0.5,
    "crossover_eta": 1,
    "crossover_prob": 0.5,
    "error_message": null,
    "timestamp": "2024-06-21T12:09:43.347472"
}