{
    "algorithm_desc": "pygad_algorithm",
    "config_name": "two_way_overtaking",
    "random_seed": 1,
    "evaluation_time": 778.219747,
    "number_of_generations": 2000,
    "population_size": 150,
    "num_parents_mating": 2,
    "best_solution": [
        2290.929749635809,
        1401.4872850243098,
        4.577484099216171,
        -12.141713210903003,
        2772.7706901979086,
        25.42205672157588,
        2.5400892116986427,
        -4.946976027243505,
        1132.0434397082238,
        3166.6794109255598,
        6.02951053383439,
        -17.083466628903192
    ],
    "best_fitness": [
        -0.2944821579837474
    ],
    "mutate_eta": 10,
    "mutate_prob": 1,
    "crossover_eta": 10,
    "crossover_prob": 0.2,
    "error_message": null,
    "timestamp": "2024-06-20T13:36:27.887139"
}