{
    "algorithm_desc": "pygad_algorithm",
    "config_name": "two_way_overtaking",
    "random_seed": 1,
    "evaluation_time": 371.87073,
    "number_of_generations": 2000,
    "population_size": 100,
    "num_parents_mating": 4,
    "best_solution": [
        3299.8316455372214,
        1787.57900252808,
        0.0,
        11.325025198063365,
        3299.8316455372214,
        3499.8592030166083,
        0.0,
        7.668231458684371,
        3280.7946397223864,
        1.5494097109578497,
        -0.2008741419805702,
        15.750753529135025
    ],
    "best_fitness": [
        -0.028455562488117002
    ],
    "mutate_eta": 10,
    "mutate_prob": 0.2,
    "crossover_eta": 10,
    "crossover_prob": 0.8,
    "error_message": null,
    "timestamp": "2024-06-23T02:31:43.642257"
}