{
    "algorithm_desc": "pygad_algorithm",
    "config_name": "two_way_overtaking",
    "random_seed": 1,
    "evaluation_time": 18.254989,
    "number_of_generations": 2000,
    "population_size": 5,
    "num_parents_mating": 2,
    "best_solution": [
        2388.8213005228686,
        1602.4969931128624,
        -18.988664588764387,
        15.938989142855654,
        843.8579043166776,
        921.4314707870934,
        -3.8123246129427564,
        0.4006007283632016,
        3384.304411734566,
        123.3013969259107,
        -19.835252786649814,
        17.02379710635376
    ],
    "best_fitness": [
        -0.5663897862648609
    ],
    "mutate_eta": 10,
    "mutate_prob": 0.8,
    "crossover_eta": 5,
    "crossover_prob": 0.5,
    "error_message": null,
    "timestamp": "2024-06-23T02:10:51.215202"
}