{
    "algorithm_desc": "pygad_algorithm",
    "config_name": "two_way_overtaking",
    "random_seed": 1,
    "evaluation_time": 33.893399,
    "number_of_generations": 2000,
    "population_size": 10,
    "num_parents_mating": 4,
    "best_solution": [
        1586.7617106691157,
        1371.8024742309403,
        11.850888244053891,
        -7.706331597187811,
        3108.880185270207,
        304.4684530188534,
        7.891860997525274,
        -4.981308887330014,
        43.58272099706301,
        2364.7007748219544,
        19.125308361189234,
        -11.850871487095556
    ],
    "best_fitness": [
        -0.013295986555248744
    ],
    "mutate_eta": 5,
    "mutate_prob": 0.2,
    "crossover_eta": 10,
    "crossover_prob": 0.2,
    "error_message": null,
    "timestamp": "2024-06-21T09:16:12.054827"
}