{
    "algorithm_desc": "pygad_algorithm",
    "config_name": "two_way_overtaking",
    "random_seed": 1,
    "evaluation_time": 64.315797,
    "number_of_generations": 200,
    "population_size": 150,
    "num_parents_mating": 8,
    "best_solution": [
        1216.6292524617445,
        1971.7215823312554,
        3.995472040450011,
        8.615979067001394,
        3343.5032615809464,
        1869.623371181571,
        6.585204480002339,
        -0.582532802254363,
        623.974397836799,
        49.52283342162678,
        2.985619262278327,
        14.430288214976343
    ],
    "best_fitness": [
        -0.798408375818861
    ],
    "mutate_eta": 15,
    "mutate_prob": 1,
    "crossover_eta": 10,
    "crossover_prob": 0.2,
    "error_message": null,
    "timestamp": "2024-06-21T07:37:13.277544"
}