{
    "algorithm_desc": "pygad_algorithm",
    "config_name": "two_way_overtaking",
    "random_seed": 1,
    "evaluation_time": 38.507856,
    "number_of_generations": 1000,
    "population_size": 20,
    "num_parents_mating": 4,
    "best_solution": [
        1761.0921723204435,
        1760.7518026991327,
        -10.303241345010656,
        -2.156739275974246,
        9.234635971880179,
        1581.948259998434,
        -1.6121479252644733,
        -0.48524962148249884,
        3393.4757863063373,
        2830.847388583255,
        -16.703557311949268,
        -7.029317836700127
    ],
    "best_fitness": [
        -0.17752644619505456
    ],
    "mutate_eta": 20,
    "mutate_prob": 0.5,
    "crossover_eta": 20,
    "crossover_prob": 0.2,
    "error_message": null,
    "timestamp": "2024-06-21T19:36:30.698074"
}