{
    "algorithm_desc": "pygad_algorithm",
    "config_name": "two_way_overtaking",
    "random_seed": 1,
    "evaluation_time": 146.665771,
    "number_of_generations": 400,
    "population_size": 200,
    "num_parents_mating": 2,
    "best_solution": [
        3307.5810609649293,
        1797.8061617128917,
        0.0,
        20.412447541898537,
        3242.4140517720625,
        3499.5975220137316,
        -0.3213213612480672,
        8.351636549750282,
        3404.873084890797,
        0.7723034725860556,
        0.0,
        20.55719455433441
    ],
    "best_fitness": [
        -0.040037269932290113
    ],
    "mutate_eta": 10,
    "mutate_prob": 0.2,
    "crossover_eta": 5,
    "crossover_prob": 0.8,
    "error_message": null,
    "timestamp": "2024-06-20T19:55:18.180646"
}