{
    "algorithm_desc": "pygad_algorithm",
    "config_name": "two_way_overtaking",
    "random_seed": 1,
    "evaluation_time": 108.140022,
    "number_of_generations": 400,
    "population_size": 150,
    "num_parents_mating": 2,
    "best_solution": [
        2202.6454542129177,
        1801.995242183157,
        0.0,
        2.6194741036993108,
        2201.456654231921,
        3498.654300780546,
        0.0,
        2.4235095745545188,
        2209.743431238656,
        8.05912018979138,
        -1.0440553024435708,
        20.069047794612878
    ],
    "best_fitness": [
        -0.029019940425733408
    ],
    "mutate_eta": 15,
    "mutate_prob": 0.2,
    "crossover_eta": 1,
    "crossover_prob": 0.5,
    "error_message": null,
    "timestamp": "2024-06-20T17:52:35.259351"
}