{
    "algorithm_desc": "pygad_algorithm",
    "config_name": "two_way_overtaking",
    "random_seed": 1,
    "evaluation_time": 41.450518,
    "number_of_generations": 100,
    "population_size": 200,
    "num_parents_mating": 10,
    "best_solution": [
        1737.333343826168,
        1415.1472483202458,
        -9.04554663616576,
        1.9246791230651077,
        419.7995452391834,
        2083.362521948091,
        -7.608594750164604,
        1.326441230068717,
        3096.6712792786034,
        1269.207763214408,
        -16.338617924776425,
        1.2819353490327892
    ],
    "best_fitness": [
        -0.3289594785722912
    ],
    "mutate_eta": 20,
    "mutate_prob": 0.5,
    "crossover_eta": 20,
    "crossover_prob": 0.2,
    "error_message": null,
    "timestamp": "2024-06-22T23:27:50.394277"
}