{
    "algorithm_desc": "pygad_algorithm",
    "config_name": "two_way_overtaking",
    "random_seed": 1,
    "evaluation_time": 596.981433,
    "number_of_generations": 2000,
    "population_size": 150,
    "num_parents_mating": 4,
    "best_solution": [
        2450.2718319201867,
        1952.7685579446734,
        14.79957380410734,
        17.464406119953225,
        3484.1690020251867,
        3438.6662454813436,
        12.524569742099736,
        13.71467535539275,
        1249.1552406141193,
        422.1297220057704,
        16.348183569905068,
        19.213216180283595
    ],
    "best_fitness": [
        -0.05736159083171211
    ],
    "mutate_eta": 20,
    "mutate_prob": 0.5,
    "crossover_eta": 10,
    "crossover_prob": 0.2,
    "error_message": null,
    "timestamp": "2024-06-21T05:42:13.952515"
}