{
    "algorithm_desc": "pygad_algorithm",
    "config_name": "two_way_overtaking",
    "random_seed": 1,
    "evaluation_time": 1.100677,
    "number_of_generations": 50,
    "population_size": 10,
    "num_parents_mating": 2,
    "best_solution": [
        2119.3071661729437,
        1082.9792456750888,
        16.118955350808477,
        19.498834420454855,
        2853.151530590418,
        2983.104547641544,
        16.564050129626914,
        13.533838642630812,
        186.26794857615135,
        1493.7783486492156,
        5.668988981287718,
        -20.140008146124003
    ],
    "best_fitness": [
        -1.0251148619861399
    ],
    "mutate_eta": 10,
    "mutate_prob": 0.5,
    "crossover_eta": 1,
    "crossover_prob": 1,
    "error_message": null,
    "timestamp": "2024-06-22T15:12:59.122138"
}