{
    "algorithm_desc": "pygad_algorithm",
    "config_name": "two_way_overtaking",
    "random_seed": 1,
    "evaluation_time": 8.332736,
    "number_of_generations": 200,
    "population_size": 20,
    "num_parents_mating": 2,
    "best_solution": [
        2273.23524076076,
        2030.207053678786,
        -2.8670600796320755,
        4.3605980013134875,
        2219.291256506218,
        2031.604452930514,
        -0.5808197631614824,
        0.005458244885861774,
        2849.866741552603,
        118.97488016167773,
        5.454944430248503,
        20.273813659723857
    ],
    "best_fitness": [
        -0.8004262444819037
    ],
    "mutate_eta": 20,
    "mutate_prob": 0.8,
    "crossover_eta": 5,
    "crossover_prob": 0.8,
    "error_message": null,
    "timestamp": "2024-06-22T09:47:05.789659"
}