{
    "algorithm_desc": "pygad_algorithm",
    "config_name": "two_way_overtaking",
    "random_seed": 1,
    "evaluation_time": 317.460286,
    "number_of_generations": 1000,
    "population_size": 150,
    "num_parents_mating": 2,
    "best_solution": [
        2441.3556310739887,
        1409.7872342383355,
        -9.721861391860818,
        11.375484417264584,
        1076.885948365483,
        2494.2453276332603,
        -8.7784431513932,
        8.23607036492356,
        2509.9319376899216,
        16.831793510169057,
        -9.418930473855054,
        16.536537792414613
    ],
    "best_fitness": [
        -0.4607070577912695
    ],
    "mutate_eta": 1,
    "mutate_prob": 1,
    "crossover_eta": 1,
    "crossover_prob": 0.2,
    "error_message": null,
    "timestamp": "2024-06-21T01:33:48.879001"
}