{
    "algorithm_desc": "pygad_algorithm",
    "config_name": "two_way_overtaking",
    "random_seed": 1,
    "evaluation_time": 9.815283,
    "number_of_generations": 100,
    "population_size": 50,
    "num_parents_mating": 10,
    "best_solution": [
        2561.1974781934127,
        2285.472251202821,
        4.596672954770039,
        -12.347393815110419,
        2755.294977321625,
        440.1140440791736,
        0.0,
        -0.2020241728706189,
        1182.9900103807688,
        3479.635855791839,
        12.815859755851683,
        -19.65198718271709
    ],
    "best_fitness": [
        -0.21477427005305175
    ],
    "mutate_eta": 1,
    "mutate_prob": 0.2,
    "crossover_eta": 10,
    "crossover_prob": 0.5,
    "error_message": null,
    "timestamp": "2024-06-20T17:52:25.283364"
}