{
    "algorithm_desc": "pygad_algorithm",
    "config_name": "two_way_overtaking",
    "random_seed": 1,
    "evaluation_time": 27.056075,
    "number_of_generations": 100,
    "population_size": 150,
    "num_parents_mating": 2,
    "best_solution": [
        1392.0967014081762,
        1715.3438346104488,
        0.0,
        8.259480409704597,
        1404.719123029391,
        3470.107232781165,
        0.0,
        6.73278874264026,
        1398.14335691641,
        9.265724683156728,
        0.49977009061129607,
        17.242742286027017
    ],
    "best_fitness": [
        -0.038132280099942434
    ],
    "mutate_eta": 5,
    "mutate_prob": 0.2,
    "crossover_eta": 5,
    "crossover_prob": 0.2,
    "error_message": null,
    "timestamp": "2024-06-23T02:38:06.555852"
}