{
    "algorithm_desc": "pygad_algorithm",
    "config_name": "two_way_overtaking",
    "random_seed": 1,
    "evaluation_time": 0.936963,
    "number_of_generations": 50,
    "population_size": 10,
    "num_parents_mating": 2,
    "best_solution": [
        2730.9086348474666,
        1127.4532976516937,
        -7.729711903907123,
        -12.05693501093383,
        1202.7634179945271,
        381.72734896571006,
        -3.966459539734309,
        -9.00278225,
        2976.7622337859325,
        3011.698669419859,
        -6.331964703062308,
        -20.209894092988442
    ],
    "best_fitness": [
        -0.42328568376813847
    ],
    "mutate_eta": 10,
    "mutate_prob": 0.2,
    "crossover_eta": 20,
    "crossover_prob": 0.5,
    "error_message": null,
    "timestamp": "2024-06-21T07:57:52.759587"
}