{
    "algorithm_desc": "pygad_algorithm",
    "config_name": "two_way_overtaking",
    "random_seed": 1,
    "evaluation_time": 4.148085,
    "number_of_generations": 100,
    "population_size": 20,
    "num_parents_mating": 8,
    "best_solution": [
        1210.0696941513336,
        2775.2982017267614,
        19.139961508536743,
        4.40791393644157,
        2838.4892179753438,
        3152.8912129238993,
        18.106975316265597,
        -1.4238328000781308,
        647.7420280860928,
        1549.2769797587014,
        19.512991682885698,
        8.316698227611067
    ],
    "best_fitness": [
        -0.8321391061470614
    ],
    "mutate_eta": 1,
    "mutate_prob": 0.5,
    "crossover_eta": 10,
    "crossover_prob": 1,
    "error_message": null,
    "timestamp": "2024-06-22T08:18:02.735164"
}