{
    "algorithm_desc": "pygad_algorithm",
    "config_name": "two_way_overtaking",
    "random_seed": 1,
    "evaluation_time": 10.142617,
    "number_of_generations": 100,
    "population_size": 50,
    "num_parents_mating": 4,
    "best_solution": [
        1649.915822768611,
        1808.7112671994676,
        0.0,
        7.039372081054186,
        1649.915822768611,
        3488.928356330217,
        0.0,
        1.6558987239921876,
        1589.8344802362813,
        142.49992899673651,
        -0.2678743269779602,
        18.396664458821043
    ],
    "best_fitness": [
        -0.07344031168822286
    ],
    "mutate_eta": 20,
    "mutate_prob": 0.2,
    "crossover_eta": 20,
    "crossover_prob": 0.8,
    "error_message": null,
    "timestamp": "2024-06-20T14:49:53.793679"
}