{
    "algorithm_desc": "pygad_algorithm",
    "config_name": "two_way_overtaking",
    "random_seed": 1,
    "evaluation_time": 279.904559,
    "number_of_generations": 1000,
    "population_size": 150,
    "num_parents_mating": 8,
    "best_solution": [
        2295.058688784695,
        1768.5803978705171,
        -0.24751344442651657,
        -6.663361811242391,
        2295.8945777215754,
        0.5800492408091218,
        0.0,
        -0.3465291549609262,
        2358.9694300173046,
        3499.250457597443,
        -1.5121313838733883,
        -19.956323549539874
    ],
    "best_fitness": [
        -0.02563746716896977
    ],
    "mutate_eta": 10,
    "mutate_prob": 0.2,
    "crossover_eta": 20,
    "crossover_prob": 0.5,
    "error_message": null,
    "timestamp": "2024-06-22T13:23:15.974966"
}