{
    "algorithm_desc": "pygad_algorithm",
    "config_name": "two_way_overtaking",
    "random_seed": 1,
    "evaluation_time": 20.716786,
    "number_of_generations": 50,
    "population_size": 200,
    "num_parents_mating": 8,
    "best_solution": [
        2212.8139971490677,
        1905.419401225992,
        -7.844194048793314,
        15.563583810979829,
        1897.9163784960024,
        3426.625810621378,
        -4.3015698386124654,
        9.691133855875076,
        3001.696337104989,
        262.1206500674752,
        -19.349095688594417,
        19.80208721569786
    ],
    "best_fitness": [
        -0.37629640059219926
    ],
    "mutate_eta": 15,
    "mutate_prob": 0.5,
    "crossover_eta": 15,
    "crossover_prob": 0.5,
    "error_message": null,
    "timestamp": "2024-06-21T08:50:32.492470"
}