{
    "algorithm_desc": "pygad_algorithm",
    "config_name": "two_way_overtaking",
    "random_seed": 1,
    "evaluation_time": 43.054813,
    "number_of_generations": 100,
    "population_size": 200,
    "num_parents_mating": 10,
    "best_solution": [
        1919.2733381466912,
        1905.2992479769273,
        8.847383030806,
        6.525239194365138,
        3337.199974812341,
        2903.847143367958,
        0.7362806771782751,
        4.9083777158497846,
        780.4551769307799,
        931.2768158051417,
        18.463628344897714,
        13.287454617447864
    ],
    "best_fitness": [
        -0.4217602528499139
    ],
    "mutate_eta": 15,
    "mutate_prob": 0.8,
    "crossover_eta": 15,
    "crossover_prob": 0.5,
    "error_message": null,
    "timestamp": "2024-06-23T09:37:38.049907"
}