{
    "algorithm_desc": "pygad_algorithm",
    "config_name": "two_way_overtaking",
    "random_seed": 1,
    "evaluation_time": 7.482055,
    "number_of_generations": 400,
    "population_size": 10,
    "num_parents_mating": 8,
    "best_solution": [
        844.0092616764389,
        801.0042893882932,
        11.82825105645626,
        -13.639853217299844,
        2608.2119312698073,
        211.13354056579027,
        9.817863364778272,
        -11.042653390038142,
        184.47084419873727,
        2163.979774529751,
        15.731347799612344,
        -19.105492556456685
    ],
    "best_fitness": [
        -0.43613857746866774
    ],
    "mutate_eta": 15,
    "mutate_prob": 0.2,
    "crossover_eta": 1,
    "crossover_prob": 1,
    "error_message": null,
    "timestamp": "2024-06-20T21:37:40.096855"
}