{
    "algorithm_desc": "pygad_algorithm",
    "config_name": "two_way_overtaking",
    "random_seed": 1,
    "evaluation_time": 2.024248,
    "number_of_generations": 50,
    "population_size": 20,
    "num_parents_mating": 10,
    "best_solution": [
        2298.5276292814915,
        1649.915822768611,
        9.699861191095792,
        -10.753097479693771,
        3290.5799063558184,
        364.94347252380936,
        9.630056483768378,
        -7.267993939830591,
        43.98289592197202,
        2934.8330963829917,
        18.29445504188906,
        -20.185067880523786
    ],
    "best_fitness": [
        -0.5954145216677539
    ],
    "mutate_eta": 15,
    "mutate_prob": 0.2,
    "crossover_eta": 20,
    "crossover_prob": 0.8,
    "error_message": null,
    "timestamp": "2024-06-23T19:22:53.648079"
}