{
    "algorithm_desc": "pygad_algorithm",
    "config_name": "two_way_overtaking",
    "random_seed": 1,
    "evaluation_time": 19.564517,
    "number_of_generations": 50,
    "population_size": 200,
    "num_parents_mating": 8,
    "best_solution": [
        1834.4071736392957,
        2749.8597046143514,
        -2.1188015934085485,
        0.0,
        61.361354338629766,
        2743.3784486007075,
        -0.09836925141521036,
        0.0,
        3496.3379645035693,
        2738.6506945722854,
        -20.429036312594153,
        1.2375089049916106
    ],
    "best_fitness": [
        -0.0447890199601919
    ],
    "mutate_eta": 5,
    "mutate_prob": 0.2,
    "crossover_eta": 10,
    "crossover_prob": 1,
    "error_message": null,
    "timestamp": "2024-06-23T17:31:06.534915"
}