{
    "algorithm_desc": "pygad_algorithm",
    "config_name": "two_way_overtaking",
    "random_seed": 1,
    "evaluation_time": 10.882741,
    "number_of_generations": 50,
    "population_size": 100,
    "num_parents_mating": 2,
    "best_solution": [
        1567.102136943523,
        2443.5478814914954,
        7.40238884169106,
        11.810763667621238,
        3308.6570740618313,
        3066.4896474479197,
        7.887873647763129,
        3.701007024510016,
        707.0432496477338,
        1219.9734825360906,
        19.99284534622676,
        11.007372677724184
    ],
    "best_fitness": [
        -0.7026628747423292
    ],
    "mutate_eta": 15,
    "mutate_prob": 0.8,
    "crossover_eta": 15,
    "crossover_prob": 0.8,
    "error_message": null,
    "timestamp": "2024-06-22T20:12:43.723049"
}