{
    "algorithm_desc": "pygad_algorithm",
    "config_name": "two_way_overtaking",
    "random_seed": 1,
    "evaluation_time": 39.632215,
    "number_of_generations": 200,
    "population_size": 100,
    "num_parents_mating": 2,
    "best_solution": [
        2841.2506075209035,
        1685.567836920555,
        0.0,
        -9.52327503927285,
        2582.3060631226986,
        162.08308666835512,
        0.39564066078109406,
        -6.9772449455401535,
        2158.8439807623035,
        3459.7663845237043,
        4.080673618980224,
        -16.447980928533134
    ],
    "best_fitness": [
        -0.24281992890880605
    ],
    "mutate_eta": 10,
    "mutate_prob": 0.5,
    "crossover_eta": 1,
    "crossover_prob": 0.2,
    "error_message": null,
    "timestamp": "2024-06-22T05:19:41.492627"
}