{
    "algorithm_desc": "pygad_algorithm",
    "config_name": "two_way_overtaking",
    "random_seed": 1,
    "evaluation_time": 40.401115,
    "number_of_generations": 400,
    "population_size": 50,
    "num_parents_mating": 8,
    "best_solution": [
        848.177034766861,
        2172.2220319954954,
        -1.7581411718116335,
        -12.636621152226365,
        1170.9729558938589,
        211.21233495410536,
        0.811100564714522,
        -4.577643318590535,
        1765.194735177736,
        3242.269771557955,
        -11.184614454765098,
        -19.138063589929665
    ],
    "best_fitness": [
        -0.4273189688845274
    ],
    "mutate_eta": 15,
    "mutate_prob": 0.5,
    "crossover_eta": 1,
    "crossover_prob": 0.8,
    "error_message": null,
    "timestamp": "2024-06-20T22:28:14.084868"
}