{
    "algorithm_desc": "pygad_algorithm",
    "config_name": "two_way_overtaking",
    "random_seed": 1,
    "evaluation_time": 71.878731,
    "number_of_generations": 2000,
    "population_size": 20,
    "num_parents_mating": 2,
    "best_solution": [
        1547.6784713222214,
        1587.0076227324396,
        -11.069099688601268,
        -9.511381944033765,
        137.2878874730905,
        356.8491135139103,
        -9.039576578161292,
        -7.888433486767932,
        2952.602141248063,
        2793.6737114623634,
        -16.300938949883463,
        -14.518756662206005
    ],
    "best_fitness": [
        -0.00023623260689240982
    ],
    "mutate_eta": 1,
    "mutate_prob": 0.2,
    "crossover_eta": 15,
    "crossover_prob": 1,
    "error_message": null,
    "timestamp": "2024-06-22T03:13:14.819773"
}