{
    "algorithm_desc": "pygad_algorithm",
    "config_name": "two_way_overtaking",
    "random_seed": 1,
    "evaluation_time": 4.196382,
    "number_of_generations": 100,
    "population_size": 20,
    "num_parents_mating": 4,
    "best_solution": [
        1960.0832698247998,
        2025.863031948514,
        -11.02705826685709,
        12.794213957122238,
        1129.206368072131,
        3024.3430160072985,
        -1.539228384484261,
        4.084136825005988,
        2488.7016222869897,
        759.157140159169,
        -19.335196694439986,
        19.035944862066444
    ],
    "best_fitness": [
        -0.5381015933652836
    ],
    "mutate_eta": 5,
    "mutate_prob": 0.5,
    "crossover_eta": 10,
    "crossover_prob": 1,
    "error_message": null,
    "timestamp": "2024-06-23T17:13:40.268320"
}