{
    "algorithm_desc": "pygad_algorithm",
    "config_name": "two_way_overtaking",
    "random_seed": 1,
    "evaluation_time": 184.637337,
    "number_of_generations": 2000,
    "population_size": 50,
    "num_parents_mating": 8,
    "best_solution": [
        1219.5264396343307,
        1744.4031990126439,
        1.4378750571398022,
        -7.728630749534023,
        1504.3687535123822,
        3.843643966108423,
        0.6259538504857751,
        -3.8171229728060503,
        907.3305549856395,
        3493.0227480942463,
        2.3049326758971134,
        -11.321932510893129
    ],
    "best_fitness": [
        -0.01799514167221636
    ],
    "mutate_eta": 1,
    "mutate_prob": 0.2,
    "crossover_eta": 1,
    "crossover_prob": 0.2,
    "error_message": null,
    "timestamp": "2024-06-20T14:28:41.715934"
}