{
    "algorithm_desc": "pygad_algorithm",
    "config_name": "two_way_overtaking",
    "random_seed": 1,
    "evaluation_time": 408.771768,
    "number_of_generations": 2000,
    "population_size": 100,
    "num_parents_mating": 10,
    "best_solution": [
        1866.125830743087,
        1662.8409711150205,
        -13.119043087342376,
        15.554863004337037,
        346.9746810420147,
        2956.2765864288567,
        -4.617264820631089,
        5.526380796259456,
        3341.409837341033,
        65.97415993069028,
        -17.59172159585452,
        19.206429661522158
    ],
    "best_fitness": [
        -0.19941263505514129
    ],
    "mutate_eta": 5,
    "mutate_prob": 0.5,
    "crossover_eta": 20,
    "crossover_prob": 0.5,
    "error_message": null,
    "timestamp": "2024-06-21T08:05:31.834337"
}