{
    "algorithm_desc": "pygad_algorithm",
    "config_name": "two_way_overtaking",
    "random_seed": 1,
    "evaluation_time": 328.87307,
    "number_of_generations": 1000,
    "population_size": 150,
    "num_parents_mating": 4,
    "best_solution": [
        1541.1347838031998,
        2107.4474301297096,
        7.855981017756029,
        -0.26152337590195174,
        3308.6754344083856,
        2689.7026056344303,
        4.372439778120519,
        -1.3896666729129912,
        743.6717320059457,
        518.1036637324721,
        9.237521663403022,
        5.993945492310335
    ],
    "best_fitness": [
        -0.5210597241897027
    ],
    "mutate_eta": 5,
    "mutate_prob": 1,
    "crossover_eta": 10,
    "crossover_prob": 1,
    "error_message": null,
    "timestamp": "2024-06-21T19:25:30.972057"
}