{
    "algorithm_desc": "pygad_algorithm",
    "config_name": "two_way_overtaking",
    "random_seed": 1,
    "evaluation_time": 28.490045,
    "number_of_generations": 100,
    "population_size": 150,
    "num_parents_mating": 8,
    "best_solution": [
        2295.058688784695,
        1767.2031679702234,
        -0.24751344442651657,
        -6.456311992561657,
        2320.58410919074,
        17.406663205854265,
        0.0,
        -1.279889364773318,
        2358.9694300173046,
        3475.289331832805,
        -1.641947084607775,
        -20.005106065828286
    ],
    "best_fitness": [
        -0.04249848779832715
    ],
    "mutate_eta": 1,
    "mutate_prob": 0.2,
    "crossover_eta": 10,
    "crossover_prob": 0.5,
    "error_message": null,
    "timestamp": "2024-06-22T00:13:38.182278"
}