{
    "algorithm_desc": "pygad_algorithm",
    "config_name": "two_way_overtaking",
    "random_seed": 1,
    "evaluation_time": 8.389546,
    "number_of_generations": 200,
    "population_size": 20,
    "num_parents_mating": 10,
    "best_solution": [
        1816.5236665685784,
        1278.8647800017632,
        -10.450528585804184,
        4.206717980435677,
        485.71012114648596,
        1711.1958341697134,
        -7.181058318681641,
        5.397626033435511,
        3417.743449175417,
        1174.733615762861,
        -17.734230868712267,
        7.409267077663081
    ],
    "best_fitness": [
        -0.5487899255265671
    ],
    "mutate_eta": 5,
    "mutate_prob": 0.8,
    "crossover_eta": 1,
    "crossover_prob": 0.2,
    "error_message": null,
    "timestamp": "2024-06-21T02:46:44.600040"
}