{
    "algorithm_desc": "pygad_algorithm",
    "config_name": "two_way_overtaking",
    "random_seed": 1,
    "evaluation_time": 16.583919,
    "number_of_generations": 400,
    "population_size": 20,
    "num_parents_mating": 2,
    "best_solution": [
        2511.3086648924964,
        327.61814402857743,
        -17.793713779598278,
        6.808813467557243,
        526.1455832609946,
        1145.1902115291684,
        -11.27340445004071,
        3.9720282643313816,
        3220.451844395163,
        12.766801727891409,
        -20.111038765838114,
        14.823119751366782
    ],
    "best_fitness": [
        -0.5644827121655503
    ],
    "mutate_eta": 20,
    "mutate_prob": 0.8,
    "crossover_eta": 5,
    "crossover_prob": 0.8,
    "error_message": null,
    "timestamp": "2024-06-20T17:35:05.076715"
}