{
    "algorithm_desc": "pygad_algorithm",
    "config_name": "two_way_overtaking",
    "random_seed": 1,
    "evaluation_time": 43.278162,
    "number_of_generations": 200,
    "population_size": 100,
    "num_parents_mating": 8,
    "best_solution": [
        520.4376972558392,
        471.81381760299234,
        16.21083616145642,
        -5.616337342759479,
        2246.1134157613137,
        409.8937980794104,
        2.6350461575192767,
        2.230622135311581,
        485.322177414858,
        2330.1256729180695,
        8.714534458018136,
        -18.801742155696118
    ],
    "best_fitness": [
        -0.7728677407678276
    ],
    "mutate_eta": 5,
    "mutate_prob": 1,
    "crossover_eta": 20,
    "crossover_prob": 1,
    "error_message": null,
    "timestamp": "2024-06-21T01:07:07.201711"
}