{
    "algorithm_desc": "pygad_algorithm",
    "config_name": "two_way_overtaking",
    "random_seed": 1,
    "evaluation_time": 2.123412,
    "number_of_generations": 50,
    "population_size": 20,
    "num_parents_mating": 8,
    "best_solution": [
        1311.2749274573225,
        2302.3567354593556,
        -8.485589082945314,
        11.704395995227372,
        1.3755111725687885,
        2494.9101943377536,
        16.997808223193566,
        10.482322951806992,
        2347.6070534053815,
        714.6434201107471,
        -11.745265550218578,
        14.09982813181253
    ],
    "best_fitness": [
        -0.9522212900036648
    ],
    "mutate_eta": 5,
    "mutate_prob": 0.5,
    "crossover_eta": 15,
    "crossover_prob": 0.5,
    "error_message": null,
    "timestamp": "2024-06-21T05:13:17.021980"
}