{
    "algorithm_desc": "pygad_algorithm",
    "config_name": "two_way_overtaking",
    "random_seed": 1,
    "evaluation_time": 20.737146,
    "number_of_generations": 50,
    "population_size": 200,
    "num_parents_mating": 2,
    "best_solution": [
        2907.8750220043958,
        2013.1220172829076,
        2.3517078402264744,
        -12.430673998109798,
        2915.640471125623,
        324.6119157043992,
        0.10578964237883781,
        -4.085310330516506,
        1436.3646489382495,
        2981.199268483287,
        13.707444455983783,
        -19.527483647093643
    ],
    "best_fitness": [
        -0.3111452404965156
    ],
    "mutate_eta": 20,
    "mutate_prob": 0.5,
    "crossover_eta": 1,
    "crossover_prob": 0.8,
    "error_message": null,
    "timestamp": "2024-06-21T01:33:16.867096"
}