{
    "algorithm_desc": "pygad_algorithm",
    "config_name": "two_way_overtaking",
    "random_seed": 1,
    "evaluation_time": 39.169036,
    "number_of_generations": 400,
    "population_size": 50,
    "num_parents_mating": 2,
    "best_solution": [
        2152.2716029249464,
        1654.393813246555,
        -7.058224835480747,
        -14.633317269218939,
        951.8789688461101,
        44.557222249622995,
        -3.250104418722863,
        -3.8334028064858643,
        2694.8184291500475,
        3473.2250405308637,
        -7.10174615868215,
        -16.848289185028705
    ],
    "best_fitness": [
        -0.19998102097825704
    ],
    "mutate_eta": 1,
    "mutate_prob": 0.5,
    "crossover_eta": 10,
    "crossover_prob": 0.2,
    "error_message": null,
    "timestamp": "2024-06-23T02:23:30.609408"
}