{
    "algorithm_desc": "pygad_algorithm",
    "config_name": "two_way_overtaking",
    "random_seed": 1,
    "evaluation_time": 75.040056,
    "number_of_generations": 400,
    "population_size": 100,
    "num_parents_mating": 8,
    "best_solution": [
        1794.3844381314452,
        3299.8316455372214,
        9.241757841426072,
        0.0,
        3495.855953286699,
        3299.8316455372214,
        2.3515185997752894,
        0.0,
        4.57577783978258,
        3299.8316455372214,
        17.117585663595626,
        0.4401601600297056
    ],
    "best_fitness": [
        -0.027698127483041325
    ],
    "mutate_eta": 1,
    "mutate_prob": 0.2,
    "crossover_eta": 1,
    "crossover_prob": 0.8,
    "error_message": null,
    "timestamp": "2024-06-23T07:12:03.864857"
}