{
    "algorithm_desc": "pygad_algorithm",
    "config_name": "two_way_overtaking",
    "random_seed": 1,
    "evaluation_time": 30.596338,
    "number_of_generations": 100,
    "population_size": 150,
    "num_parents_mating": 8,
    "best_solution": [
        941.4776746045005,
        1937.5414509072991,
        -8.345955075534825,
        7.436040732123175,
        16.256734411021988,
        3219.509814292337,
        -6.7651640016102945,
        5.396033507573449,
        1627.0536351129817,
        229.00009925164278,
        -9.898832813212923,
        10.847123881691278
    ],
    "best_fitness": [
        -0.24468586314732685
    ],
    "mutate_eta": 5,
    "mutate_prob": 0.5,
    "crossover_eta": 1,
    "crossover_prob": 0.8,
    "error_message": null,
    "timestamp": "2024-06-23T11:09:48.382948"
}