{
    "algorithm_desc": "pygad_algorithm",
    "config_name": "two_way_overtaking",
    "random_seed": 1,
    "evaluation_time": 59.631086,
    "number_of_generations": 200,
    "population_size": 150,
    "num_parents_mating": 4,
    "best_solution": [
        1492.8069563209608,
        2359.0636302993535,
        14.79957380410734,
        14.501048618692302,
        3351.3695088663044,
        3240.1422915393255,
        9.348911989918243,
        10.9477994032076,
        36.43575073952554,
        1148.938355076082,
        19.88939424010939,
        18.43307707701743
    ],
    "best_fitness": [
        -0.19287116129434542
    ],
    "mutate_eta": 15,
    "mutate_prob": 0.5,
    "crossover_eta": 10,
    "crossover_prob": 0.2,
    "error_message": null,
    "timestamp": "2024-06-21T11:53:26.882145"
}