{
    "algorithm_desc": "pygad_algorithm",
    "config_name": "two_way_overtaking",
    "random_seed": 1,
    "evaluation_time": 0.63946,
    "number_of_generations": 200,
    "population_size": 2,
    "num_parents_mating": 2,
    "best_solution": [
        466.87910550833993,
        1715.6835928548112,
        -17.2299092741892,
        -9.082198699196548,
        115.18050807387064,
        309.65689867019586,
        -16.805175832706983,
        9.545418160729618,
        2426.3681323022247,
        2323.4072286446153,
        -16.90869857671233,
        -17.40411772078916
    ],
    "best_fitness": [
        -1.081437561301084
    ],
    "mutate_eta": 15,
    "mutate_prob": 0.5,
    "crossover_eta": 10,
    "crossover_prob": 0.8,
    "error_message": null,
    "timestamp": "2024-06-21T11:47:30.610691"
}