{
    "algorithm_desc": "pygad_algorithm",
    "config_name": "two_way_overtaking",
    "random_seed": 1,
    "evaluation_time": 80.629478,
    "number_of_generations": 200,
    "population_size": 200,
    "num_parents_mating": 2,
    "best_solution": [
        1373.312255722239,
        1724.2894776312758,
        9.348988555632118,
        -8.517943950934946,
        2635.3846868427527,
        464.03708639457955,
        4.496016255425726,
        -5.025777479191664,
        188.68884373381738,
        3079.8636499474214,
        18.791939933879483,
        -18.202700840062224
    ],
    "best_fitness": [
        -0.07236284506333195
    ],
    "mutate_eta": 10,
    "mutate_prob": 0.5,
    "crossover_eta": 15,
    "crossover_prob": 0.5,
    "error_message": null,
    "timestamp": "2024-06-23T05:06:04.542523"
}