{
    "algorithm_desc": "pygad_algorithm",
    "config_name": "two_way_overtaking",
    "random_seed": 1,
    "evaluation_time": 37.683019,
    "number_of_generations": 1000,
    "population_size": 20,
    "num_parents_mating": 8,
    "best_solution": [
        1716.1439380121658,
        661.2810542094782,
        8.723874548809842,
        -2.9536572969793653,
        3480.0527207181813,
        146.54000197828293,
        0.5528574763446521,
        -0.20131468848662237,
        10.799603281753944,
        1226.3768310053863,
        19.599618738542723,
        -9.244658093183883
    ],
    "best_fitness": [
        -0.05549291771833971
    ],
    "mutate_eta": 1,
    "mutate_prob": 0.2,
    "crossover_eta": 1,
    "crossover_prob": 0.5,
    "error_message": null,
    "timestamp": "2024-06-21T02:46:53.091947"
}