{
    "algorithm_desc": "pygad_algorithm",
    "config_name": "two_way_overtaking",
    "random_seed": 1,
    "evaluation_time": 556.183756,
    "number_of_generations": 2000,
    "population_size": 150,
    "num_parents_mating": 8,
    "best_solution": [
        1667.0571681557126,
        1743.5019409368426,
        -0.008664223605290289,
        -15.580104694861085,
        1666.2007355938815,
        0.5800492408091218,
        -0.00253823821431709,
        -11.005296095877037,
        1665.121774912339,
        3499.250457597443,
        -0.25894427172343626,
        -20.052621412975384
    ],
    "best_fitness": [
        -0.02619162086374863
    ],
    "mutate_eta": 20,
    "mutate_prob": 0.2,
    "crossover_eta": 10,
    "crossover_prob": 1,
    "error_message": null,
    "timestamp": "2024-06-22T23:18:33.858179"
}