{
    "algorithm_desc": "pygad_algorithm",
    "config_name": "two_way_overtaking",
    "random_seed": 1,
    "evaluation_time": 8.340789,
    "number_of_generations": 200,
    "population_size": 20,
    "num_parents_mating": 8,
    "best_solution": [
        1827.3081470433763,
        2575.1423222930757,
        20.23254640658803,
        -5.3224256732691995,
        3257.5024295008952,
        1575.6525335713422,
        3.2778539503515844,
        -6.255527879172469,
        654.5800770447512,
        1134.755414800031,
        11.822081755664648,
        17.642427190101266
    ],
    "best_fitness": [
        -0.8608019300228523
    ],
    "mutate_eta": 15,
    "mutate_prob": 0.8,
    "crossover_eta": 20,
    "crossover_prob": 0.5,
    "error_message": null,
    "timestamp": "2024-06-22T14:43:08.873811"
}