{
    "algorithm_desc": "pygad_algorithm",
    "config_name": "two_way_overtaking",
    "random_seed": 1,
    "evaluation_time": 42.060488,
    "number_of_generations": 400,
    "population_size": 50,
    "num_parents_mating": 8,
    "best_solution": [
        2553.280612024574,
        1607.567731238347,
        -17.505973372900257,
        -10.354020495934494,
        1794.475884634057,
        62.66149213686523,
        -17.876562939025487,
        -3.753106781626304,
        3162.9104042729195,
        3287.897774215942,
        -19.858980669433723,
        -16.58920847497307
    ],
    "best_fitness": [
        -0.5674946464312327
    ],
    "mutate_eta": 5,
    "mutate_prob": 0.8,
    "crossover_eta": 1,
    "crossover_prob": 0.5,
    "error_message": null,
    "timestamp": "2024-06-22T00:41:17.159282"
}