{
    "algorithm_desc": "pygad_algorithm",
    "config_name": "two_way_overtaking",
    "random_seed": 1,
    "evaluation_time": 39.099989,
    "number_of_generations": 2000,
    "population_size": 10,
    "num_parents_mating": 10,
    "best_solution": [
        981.5184669691099,
        1627.8983415964074,
        -6.136957532002484,
        10.463194055551291,
        147.08477190624407,
        3359.691557671651,
        -4.418287897747426,
        9.926187321349193,
        2249.8343068911176,
        1509.623874916265,
        -18.09330106039351,
        14.90536125964703
    ],
    "best_fitness": [
        -0.6487925171657615
    ],
    "mutate_eta": 20,
    "mutate_prob": 0.5,
    "crossover_eta": 20,
    "crossover_prob": 1,
    "error_message": null,
    "timestamp": "2024-06-21T10:53:04.583965"
}