{
    "algorithm_desc": "pygad_algorithm",
    "config_name": "two_way_overtaking",
    "random_seed": 1,
    "evaluation_time": 2.103695,
    "number_of_generations": 50,
    "population_size": 20,
    "num_parents_mating": 4,
    "best_solution": [
        1960.0832698247998,
        2025.863031948514,
        -6.492055750488394,
        13.049959840920664,
        1764.1956805039165,
        3167.075037101513,
        -1.2828523643301395,
        4.084136825005988,
        2433.7095819619503,
        1163.9010789029817,
        -19.335196694439986,
        20.19741181546324
    ],
    "best_fitness": [
        -0.6196702940010729
    ],
    "mutate_eta": 15,
    "mutate_prob": 0.5,
    "crossover_eta": 15,
    "crossover_prob": 1,
    "error_message": null,
    "timestamp": "2024-06-21T07:37:11.036622"
}