{
    "algorithm_desc": "pygad_algorithm",
    "config_name": "two_way_overtaking",
    "random_seed": 1,
    "evaluation_time": 4.201478,
    "number_of_generations": 100,
    "population_size": 20,
    "num_parents_mating": 4,
    "best_solution": [
        1194.0330336874588,
        2897.78145928146,
        15.40262169020022,
        -7.989863762678022,
        2644.6063966750226,
        1740.5332179500126,
        3.1651321910164114,
        -4.114680186249977,
        1332.3120032665754,
        3488.452349737535,
        13.280203954621534,
        -9.794469805666335
    ],
    "best_fitness": [
        -0.9824405845324795
    ],
    "mutate_eta": 10,
    "mutate_prob": 0.8,
    "crossover_eta": 15,
    "crossover_prob": 0.5,
    "error_message": null,
    "timestamp": "2024-06-22T16:09:08.990029"
}