{
    "algorithm_desc": "pygad_algorithm",
    "config_name": "two_way_overtaking",
    "random_seed": 1,
    "evaluation_time": 3.350638,
    "number_of_generations": 100,
    "population_size": 10,
    "num_parents_mating": 10,
    "best_solution": [
        2251.361799137164,
        2961.6187573687375,
        6.810949529636357,
        2.1243474997647738,
        3363.475982690502,
        2168.548920695748,
        9.595604731143624,
        6.143630143715292,
        513.5784082007672,
        2455.969485475328,
        14.695868324766487,
        2.999539561847012
    ],
    "best_fitness": [
        -0.8792413145602492
    ],
    "mutate_eta": 5,
    "mutate_prob": 0.8,
    "crossover_eta": 20,
    "crossover_prob": 0.8,
    "error_message": null,
    "timestamp": "2024-06-20T16:12:12.776907"
}