{
    "algorithm_desc": "pygad_algorithm",
    "config_name": "two_way_overtaking",
    "random_seed": 1,
    "evaluation_time": 1.091225,
    "number_of_generations": 50,
    "population_size": 10,
    "num_parents_mating": 4,
    "best_solution": [
        1745.8189136303556,
        1577.0674574793252,
        -12.744093894723314,
        0.5676079005888823,
        355.1789029146745,
        1377.8069479459396,
        -0.11370001601512314,
        -2.3281931667320954,
        2285.7974827947946,
        656.5684462146185,
        -15.862882178143614,
        14.274863908404399
    ],
    "best_fitness": [
        -1.0708170047312215
    ],
    "mutate_eta": 20,
    "mutate_prob": 1,
    "crossover_eta": 15,
    "crossover_prob": 0.2,
    "error_message": null,
    "timestamp": "2024-06-21T12:22:59.893796"
}