{
    "algorithm_desc": "pygad_algorithm",
    "config_name": "two_way_overtaking",
    "random_seed": 1,
    "evaluation_time": 41.880389,
    "number_of_generations": 400,
    "population_size": 50,
    "num_parents_mating": 8,
    "best_solution": [
        690.6117020474553,
        1722.7438963083243,
        -15.379982893992297,
        -15.119559572987482,
        83.86466640493973,
        145.8351849885877,
        -15.809739625263743,
        -10.638884115249367,
        2472.100299685141,
        1696.6676158335674,
        -19.92299062364766,
        -15.88596878013153
    ],
    "best_fitness": [
        -0.5306291264267722
    ],
    "mutate_eta": 20,
    "mutate_prob": 0.8,
    "crossover_eta": 20,
    "crossover_prob": 0.8,
    "error_message": null,
    "timestamp": "2024-06-21T20:46:04.277644"
}