{
    "algorithm_desc": "pygad_algorithm",
    "config_name": "two_way_overtaking",
    "random_seed": 1,
    "evaluation_time": 555.496025,
    "number_of_generations": 2000,
    "population_size": 150,
    "num_parents_mating": 4,
    "best_solution": [
        1669.1764392984048,
        1913.7423617183329,
        10.217454140729814,
        9.00278225,
        3118.2293434942035,
        3135.5621530436188,
        4.338703451083116,
        3.658249778129921,
        267.2244938386701,
        677.8238217358065,
        18.75305407682204,
        17.37904379878953
    ],
    "best_fitness": [
        -8.804870866796235e-05
    ],
    "mutate_eta": 20,
    "mutate_prob": 0.2,
    "crossover_eta": 10,
    "crossover_prob": 1,
    "error_message": null,
    "timestamp": "2024-06-21T23:59:53.478100"
}