{
    "algorithm_desc": "pygad_algorithm",
    "config_name": "two_way_overtaking",
    "random_seed": 1,
    "evaluation_time": 2.591608,
    "number_of_generations": 1000,
    "population_size": 2,
    "num_parents_mating": 2,
    "best_solution": [
        2041.6971246091514,
        2168.407870647244,
        -5.273540434934512,
        -14.674071821377662,
        2086.9443073602147,
        99.89989959575435,
        -3.5619536843635196,
        -7.969099290743419,
        3491.1160681547203,
        3166.5202900572153,
        -9.397011225307127,
        -17.887377413329308
    ],
    "best_fitness": [
        -0.3828104542945869
    ],
    "mutate_eta": 5,
    "mutate_prob": 0.2,
    "crossover_eta": 20,
    "crossover_prob": 0.5,
    "error_message": null,
    "timestamp": "2024-06-21T11:26:03.229453"
}