{
    "algorithm_desc": "pygad_algorithm",
    "config_name": "two_way_overtaking",
    "random_seed": 1,
    "evaluation_time": 1.068637,
    "number_of_generations": 100,
    "population_size": 5,
    "num_parents_mating": 4,
    "best_solution": [
        1073.2268665924921,
        2127.157302766501,
        14.830513966138469,
        -18.379663517032714,
        2218.590017378835,
        1103.2325730983514,
        2.5849061995113516,
        -7.22906871119625,
        131.58067111986443,
        1609.0402898881014,
        0.3574234170707591,
        -0.09277548088805787
    ],
    "best_fitness": [
        -1.2340787720319886
    ],
    "mutate_eta": 10,
    "mutate_prob": 1,
    "crossover_eta": 10,
    "crossover_prob": 0.8,
    "error_message": null,
    "timestamp": "2024-06-21T04:31:21.285123"
}