{
    "algorithm_desc": "pygad_algorithm",
    "config_name": "two_way_overtaking",
    "random_seed": 1,
    "evaluation_time": 20.324658,
    "number_of_generations": 1000,
    "population_size": 10,
    "num_parents_mating": 8,
    "best_solution": [
        2392.955089385949,
        2252.6467739569925,
        -15.281888780768018,
        11.508098560904791,
        581.4665001451127,
        3129.217260381417,
        0.5705953356781777,
        14.492211735024206,
        3432.5693531616544,
        1399.3053626958217,
        -17.411691683623726,
        13.851867429220249
    ],
    "best_fitness": [
        -0.6393644754765341
    ],
    "mutate_eta": 5,
    "mutate_prob": 0.8,
    "crossover_eta": 1,
    "crossover_prob": 1,
    "error_message": null,
    "timestamp": "2024-06-20T20:23:51.485640"
}