{
    "algorithm_desc": "pygad_algorithm",
    "config_name": "two_way_overtaking",
    "random_seed": 1,
    "evaluation_time": 363.829407,
    "number_of_generations": 1000,
    "population_size": 200,
    "num_parents_mating": 10,
    "best_solution": [
        1193.1698303058013,
        1743.9461355392846,
        -7.880934704544877,
        13.651971293098832,
        331.10730999449436,
        3372.874113664247,
        -2.36374614324534,
        4.46758980514678,
        2114.5706296549365,
        149.55971737217988,
        -12.192669411608748,
        20.256775890972143
    ],
    "best_fitness": [
        -0.00014349827033184059
    ],
    "mutate_eta": 1,
    "mutate_prob": 0.2,
    "crossover_eta": 20,
    "crossover_prob": 0.2,
    "error_message": null,
    "timestamp": "2024-06-21T06:13:40.385896"
}