{
    "algorithm_desc": "pygad_algorithm",
    "config_name": "two_way_overtaking",
    "random_seed": 1,
    "evaluation_time": 1.124596,
    "number_of_generations": 50,
    "population_size": 10,
    "num_parents_mating": 4,
    "best_solution": [
        549.9719409228703,
        549.9719409228703,
        1.3033191677899296,
        -15.219549273761736,
        549.9719409228703,
        424.70209509258075,
        2.529378731679394,
        -13.670614660593202,
        1473.761661889427,
        2396.4076727255774,
        -9.30526232530798,
        -20.166243565994588
    ],
    "best_fitness": [
        -0.8760517446799753
    ],
    "mutate_eta": 20,
    "mutate_prob": 0.5,
    "crossover_eta": 20,
    "crossover_prob": 0.8,
    "error_message": null,
    "timestamp": "2024-06-21T19:23:57.512898"
}