{
    "algorithm_desc": "pygad_algorithm",
    "config_name": "two_way_overtaking",
    "random_seed": 1,
    "evaluation_time": 0.214555,
    "number_of_generations": 50,
    "population_size": 2,
    "num_parents_mating": 2,
    "best_solution": [
        1675.0307724952377,
        549.9719409228703,
        -17.2299092741892,
        -3.2166344587290077,
        358.17050089739047,
        1449.1959573684892,
        -14.382972186834934,
        8.0006504657762,
        1949.361236674158,
        174.83710631130506,
        1.4773372617826865,
        6.765977785484331
    ],
    "best_fitness": [
        -1.6993320439510657
    ],
    "mutate_eta": 10,
    "mutate_prob": 0.5,
    "crossover_eta": 5,
    "crossover_prob": 0.8,
    "error_message": null,
    "timestamp": "2024-06-23T08:07:31.311894"
}