{
    "algorithm_desc": "pygad_algorithm",
    "config_name": "two_way_overtaking",
    "random_seed": 1,
    "evaluation_time": 62.432145,
    "number_of_generations": 200,
    "population_size": 150,
    "num_parents_mating": 4,
    "best_solution": [
        1614.7129644531553,
        1820.6873788026815,
        9.68485278001323,
        -14.065180495633257,
        2734.6270853588335,
        354.63012183545817,
        5.853252855333444,
        -9.642816737616565,
        43.44364571667436,
        3051.3067780242354,
        20.25176746124751,
        -19.597556417272546
    ],
    "best_fitness": [
        -0.16161472525752132
    ],
    "mutate_eta": 10,
    "mutate_prob": 0.5,
    "crossover_eta": 20,
    "crossover_prob": 1,
    "error_message": null,
    "timestamp": "2024-06-21T03:27:07.353627"
}