{
    "algorithm_desc": "pygad_algorithm",
    "config_name": "two_way_overtaking",
    "random_seed": 1,
    "evaluation_time": 148.57923,
    "number_of_generations": 400,
    "population_size": 200,
    "num_parents_mating": 4,
    "best_solution": [
        3299.8316455372214,
        1735.5974644668631,
        -0.039391257832008364,
        1.0886560217090882,
        3299.8316455372214,
        3499.5975220137316,
        0.0,
        0.01738122186886315,
        3363.042963508131,
        3.059902959241523,
        -1.5754824712084208,
        17.322289250981562
    ],
    "best_fitness": [
        -0.02608811369379093
    ],
    "mutate_eta": 5,
    "mutate_prob": 0.2,
    "crossover_eta": 1,
    "crossover_prob": 0.8,
    "error_message": null,
    "timestamp": "2024-06-20T21:03:59.078467"
}