{
    "algorithm_desc": "pygad_algorithm",
    "config_name": "two_way_overtaking",
    "random_seed": 1,
    "evaluation_time": 7.288402,
    "number_of_generations": 400,
    "population_size": 10,
    "num_parents_mating": 10,
    "best_solution": [
        2308.836152184515,
        2013.7826191405086,
        -2.025620629895858,
        -8.309257857956515,
        2187.8905779823963,
        735.4876585359044,
        0.32602212414747456,
        -1.9001549815320615,
        3299.8316455372214,
        3385.583768412993,
        -6.619160631017685,
        -14.3101378103285
    ],
    "best_fitness": [
        -0.37991268029335146
    ],
    "mutate_eta": 15,
    "mutate_prob": 0.2,
    "crossover_eta": 1,
    "crossover_prob": 0.2,
    "error_message": null,
    "timestamp": "2024-06-21T03:47:33.938416"
}