{
    "algorithm_desc": "pygad_algorithm",
    "config_name": "two_way_overtaking",
    "random_seed": 1,
    "evaluation_time": 129.043365,
    "number_of_generations": 400,
    "population_size": 150,
    "num_parents_mating": 10,
    "best_solution": [
        1701.752238185516,
        1378.786036514105,
        -9.316742120042077,
        10.942463961936308,
        147.2613978126262,
        3285.0801292710867,
        -5.90416027891651,
        6.350723263795256,
        2424.935766763811,
        1061.2609931779132,
        -12.617387584399971,
        14.391839165320533
    ],
    "best_fitness": [
        -0.6246328806467164
    ],
    "mutate_eta": 1,
    "mutate_prob": 0.8,
    "crossover_eta": 5,
    "crossover_prob": 0.8,
    "error_message": null,
    "timestamp": "2024-06-21T13:16:22.654399"
}