{
    "algorithm_desc": "pygad_algorithm",
    "config_name": "two_way_overtaking",
    "random_seed": 1,
    "evaluation_time": 14.500176,
    "number_of_generations": 50,
    "population_size": 150,
    "num_parents_mating": 8,
    "best_solution": [
        1805.396677414073,
        2275.671576797588,
        -9.47999345269137,
        9.068308858011704,
        326.923075035606,
        3314.7862673592017,
        -8.771058493644121,
        8.49853588583968,
        3156.946111158969,
        1048.3139724875234,
        -12.580364956258887,
        12.222829332603723
    ],
    "best_fitness": [
        -0.04807233695472128
    ],
    "mutate_eta": 5,
    "mutate_prob": 0.2,
    "crossover_eta": 15,
    "crossover_prob": 0.8,
    "error_message": null,
    "timestamp": "2024-06-22T01:24:36.944335"
}