{
    "algorithm_desc": "pygad_algorithm",
    "config_name": "two_way_overtaking",
    "random_seed": 1,
    "evaluation_time": 2.062078,
    "number_of_generations": 100,
    "population_size": 10,
    "num_parents_mating": 4,
    "best_solution": [
        2146.596126564569,
        1408.2689613955117,
        -2.352244547777701,
        -12.271266603087454,
        482.46348759524653,
        850.3206404234945,
        -5.560895979128093,
        -1.195769080742508,
        3127.45780925147,
        2121.5871910925707,
        -9.593716154977841,
        -16.773739964312615
    ],
    "best_fitness": [
        -0.8030805295124865
    ],
    "mutate_eta": 5,
    "mutate_prob": 0.5,
    "crossover_eta": 15,
    "crossover_prob": 0.5,
    "error_message": null,
    "timestamp": "2024-06-21T09:37:00.219733"
}