{
    "algorithm_desc": "pygad_algorithm",
    "config_name": "two_way_overtaking",
    "random_seed": 1,
    "evaluation_time": 205.342923,
    "number_of_generations": 2000,
    "population_size": 50,
    "num_parents_mating": 2,
    "best_solution": [
        369.10449872810335,
        1666.4080556068197,
        4.731686858764775,
        -10.95639610031234,
        2002.0558265951368,
        488.22046449779634,
        0.4352083793277046,
        -6.001019929641794,
        487.329071661015,
        3376.7581287427306,
        0.09721613253034178,
        -17.781020667772243
    ],
    "best_fitness": [
        -0.5669046770978096
    ],
    "mutate_eta": 15,
    "mutate_prob": 0.8,
    "crossover_eta": 10,
    "crossover_prob": 0.5,
    "error_message": null,
    "timestamp": "2024-06-20T14:31:46.521157"
}