{
    "algorithm_desc": "pygad_algorithm",
    "config_name": "two_way_overtaking",
    "random_seed": 1,
    "evaluation_time": 301.388775,
    "number_of_generations": 1000,
    "population_size": 150,
    "num_parents_mating": 4,
    "best_solution": [
        1245.860030855808,
        1576.685467070987,
        -6.29369062089749,
        9.251041404543145,
        226.49101547572786,
        3130.73551710022,
        -3.876750512475425,
        6.0084287392235645,
        2222.8736893352234,
        31.01161027127397,
        -11.675314349224717,
        20.442842819265216
    ],
    "best_fitness": [
        -0.02663200124834781
    ],
    "mutate_eta": 10,
    "mutate_prob": 0.5,
    "crossover_eta": 1,
    "crossover_prob": 0.5,
    "error_message": null,
    "timestamp": "2024-06-22T01:29:26.196699"
}