{
    "algorithm_desc": "pygad_algorithm",
    "config_name": "two_way_overtaking",
    "random_seed": 1,
    "evaluation_time": 4.629956,
    "number_of_generations": 200,
    "population_size": 10,
    "num_parents_mating": 4,
    "best_solution": [
        1110.83542134909,
        1902.9753264055055,
        -6.479324885818627,
        -16.508878090174107,
        2212.3964043014803,
        805.2348788890992,
        -17.791457605052237,
        -16.99016620412594,
        2438.0677774654278,
        3248.2095543785294,
        -19.82008517618142,
        -16.055768525108608
    ],
    "best_fitness": [
        -1.0400887326409367
    ],
    "mutate_eta": 15,
    "mutate_prob": 0.8,
    "crossover_eta": 20,
    "crossover_prob": 0.2,
    "error_message": null,
    "timestamp": "2024-06-20T14:27:16.837629"
}