{
    "algorithm_desc": "pygad_algorithm",
    "config_name": "two_way_overtaking",
    "random_seed": 1,
    "evaluation_time": 39.973989,
    "number_of_generations": 2000,
    "population_size": 10,
    "num_parents_mating": 8,
    "best_solution": [
        2079.5634736762595,
        2129.611460945372,
        15.246974219289086,
        -9.38320131542363,
        3280.8514873105564,
        581.4244335597529,
        9.0523488761395,
        -2.628972248748724,
        781.7796028181054,
        780.068388029902,
        17.673624964104548,
        5.285820040427502
    ],
    "best_fitness": [
        -0.697026016985516
    ],
    "mutate_eta": 20,
    "mutate_prob": 0.8,
    "crossover_eta": 5,
    "crossover_prob": 0.2,
    "error_message": null,
    "timestamp": "2024-06-23T15:08:39.145283"
}