{
    "algorithm_desc": "pygad_algorithm",
    "config_name": "two_way_overtaking",
    "random_seed": 1,
    "evaluation_time": 8.221552,
    "number_of_generations": 1000,
    "population_size": 5,
    "num_parents_mating": 2,
    "best_solution": [
        1560.3573023669076,
        2101.4224228173593,
        15.45175043489997,
        16.071701351044574,
        2931.028857541976,
        3283.188631392545,
        7.735040285896272,
        8.411133818986755,
        269.96758168492664,
        846.8790578906817,
        18.563075928385885,
        18.90012840152665
    ],
    "best_fitness": [
        -0.046125319144724564
    ],
    "mutate_eta": 1,
    "mutate_prob": 0.2,
    "crossover_eta": 10,
    "crossover_prob": 0.2,
    "error_message": null,
    "timestamp": "2024-06-23T05:35:13.613672"
}