{
    "algorithm_desc": "pygad_algorithm",
    "config_name": "two_way_overtaking",
    "random_seed": 1,
    "evaluation_time": 7.763097,
    "number_of_generations": 200,
    "population_size": 20,
    "num_parents_mating": 2,
    "best_solution": [
        1089.6295850948304,
        1695.6652400279384,
        -7.753030506278863,
        -17.224552782334356,
        62.62221130386586,
        33.50986401263989,
        -2.6833939658104775,
        -8.049595223902205,
        1745.584129343663,
        2963.7418130289752,
        -12.636295617219766,
        -19.876971065258374
    ],
    "best_fitness": [
        -0.31653746405349664
    ],
    "mutate_eta": 20,
    "mutate_prob": 0.5,
    "crossover_eta": 5,
    "crossover_prob": 0.2,
    "error_message": null,
    "timestamp": "2024-06-22T05:28:22.199432"
}