{
    "algorithm_desc": "pygad_algorithm",
    "config_name": "two_way_overtaking",
    "random_seed": 1,
    "evaluation_time": 436.999094,
    "number_of_generations": 1000,
    "population_size": 200,
    "num_parents_mating": 10,
    "best_solution": [
        2391.9312389992992,
        1590.7597834047342,
        17.611321054440403,
        -17.583952943970488,
        3014.6940694794516,
        113.33556749995877,
        13.620740096808802,
        0.7508574515636504,
        1563.6149507554617,
        3002.5846396131283,
        19.953224289272136,
        -19.90569075041898
    ],
    "best_fitness": [
        -0.5683405948565976
    ],
    "mutate_eta": 10,
    "mutate_prob": 1,
    "crossover_eta": 1,
    "crossover_prob": 0.5,
    "error_message": null,
    "timestamp": "2024-06-21T18:16:51.079463"
}