{
    "algorithm_desc": "pygad_algorithm",
    "config_name": "two_way_overtaking",
    "random_seed": 1,
    "evaluation_time": 16.557322,
    "number_of_generations": 50,
    "population_size": 150,
    "num_parents_mating": 4,
    "best_solution": [
        1179.0545617827916,
        2876.3974956075867,
        10.910028256142436,
        5.343061495680441,
        2390.784827038078,
        3342.0729520920468,
        6.011741402248283,
        0.4730409152589914,
        502.77766059372624,
        1037.3527106057077,
        16.564045563171803,
        15.227695855866358
    ],
    "best_fitness": [
        -0.5328079896150241
    ],
    "mutate_eta": 15,
    "mutate_prob": 1,
    "crossover_eta": 5,
    "crossover_prob": 0.5,
    "error_message": null,
    "timestamp": "2024-06-21T10:51:39.558253"
}