{
    "algorithm_desc": "pygad_algorithm",
    "config_name": "two_way_overtaking",
    "random_seed": 1,
    "evaluation_time": 18.342061,
    "number_of_generations": 50,
    "population_size": 200,
    "num_parents_mating": 2,
    "best_solution": [
        2655.3341807568686,
        2054.067740950702,
        -12.178666788931407,
        14.509383632105099,
        1453.8643237016677,
        3495.3047498202473,
        -2.9170676163263956,
        3.4624129052799226,
        3488.3568434811987,
        426.559712818989,
        -12.589682437512234,
        15.443058103531023
    ],
    "best_fitness": [
        -0.058431924208564044
    ],
    "mutate_eta": 20,
    "mutate_prob": 0.2,
    "crossover_eta": 20,
    "crossover_prob": 0.2,
    "error_message": null,
    "timestamp": "2024-06-21T20:52:08.872521"
}