{
    "algorithm_desc": "pygad_algorithm",
    "config_name": "two_way_overtaking",
    "random_seed": 1,
    "evaluation_time": 17.77859,
    "number_of_generations": 200,
    "population_size": 50,
    "num_parents_mating": 4,
    "best_solution": [
        859.2116954439655,
        1180.4787679724043,
        -4.622086304140032,
        8.985073483888474,
        530.3139680530285,
        2998.3449548236113,
        0.0,
        0.1295318302174735,
        2253.7515121761307,
        43.790656045614604,
        -17.085668872567975,
        20.262500805314964
    ],
    "best_fitness": [
        -0.21220266669836393
    ],
    "mutate_eta": 1,
    "mutate_prob": 0.2,
    "crossover_eta": 20,
    "crossover_prob": 0.2,
    "error_message": null,
    "timestamp": "2024-06-23T07:11:45.930809"
}