{
    "algorithm_desc": "pygad_algorithm",
    "config_name": "two_way_overtaking",
    "random_seed": 1,
    "evaluation_time": 21.666754,
    "number_of_generations": 50,
    "population_size": 200,
    "num_parents_mating": 8,
    "best_solution": [
        915.2610042535587,
        1488.9824781082334,
        -5.122416187918558,
        6.55131390271001,
        1180.0221670421754,
        3293.4101836977984,
        -7.772139347720975,
        -0.07001871927117875,
        2434.9974544635743,
        1127.9113651609791,
        -16.983288883180386,
        7.513282650514483
    ],
    "best_fitness": [
        -0.7896577276274765
    ],
    "mutate_eta": 1,
    "mutate_prob": 0.8,
    "crossover_eta": 15,
    "crossover_prob": 0.2,
    "error_message": null,
    "timestamp": "2024-06-22T22:26:25.317680"
}