{
    "algorithm_desc": "pygad_algorithm",
    "config_name": "two_way_overtaking",
    "random_seed": 1,
    "evaluation_time": 15.128341,
    "number_of_generations": 400,
    "population_size": 20,
    "num_parents_mating": 8,
    "best_solution": [
        1332.5584534858378,
        1660.459016503668,
        13.674250709589465,
        -7.326105967264912,
        2953.372665591215,
        825.0478405472651,
        11.187870352110757,
        -6.018718416115947,
        528.4298333272918,
        3260.6120966223457,
        17.922229202197293,
        -17.03949164315496
    ],
    "best_fitness": [
        -0.16530497320400594
    ],
    "mutate_eta": 10,
    "mutate_prob": 0.2,
    "crossover_eta": 5,
    "crossover_prob": 0.8,
    "error_message": null,
    "timestamp": "2024-06-21T12:21:20.566566"
}