{
    "algorithm_desc": "pygad_algorithm",
    "config_name": "two_way_overtaking",
    "random_seed": 1,
    "evaluation_time": 112.700771,
    "number_of_generations": 400,
    "population_size": 150,
    "num_parents_mating": 8,
    "best_solution": [
        2295.058688784695,
        1760.4218748416024,
        -0.24751344442651657,
        -6.636546164521784,
        2295.8945777215754,
        8.541753601671974,
        0.0,
        -1.6737647400759244,
        2358.9694300173046,
        3495.9538333283267,
        -1.5121313838733883,
        -19.99341031595289
    ],
    "best_fitness": [
        -0.028525678149002396
    ],
    "mutate_eta": 15,
    "mutate_prob": 0.2,
    "crossover_eta": 5,
    "crossover_prob": 0.5,
    "error_message": null,
    "timestamp": "2024-06-21T23:38:05.034781"
}