{
    "algorithm_desc": "pygad_algorithm",
    "config_name": "two_way_overtaking",
    "random_seed": 1,
    "evaluation_time": 0.355784,
    "number_of_generations": 100,
    "population_size": 2,
    "num_parents_mating": 2,
    "best_solution": [
        1377.68808520603,
        1206.8493814201036,
        5.446112213907476,
        -11.33862957026235,
        1707.2335176427196,
        644.0357056961277,
        0.1592905814752541,
        -0.9132596889033806,
        2392.9861753757327,
        2678.1438485672784,
        2.8048571609351605,
        -15.622620562015323
    ],
    "best_fitness": [
        -0.6944224153050397
    ],
    "mutate_eta": 10,
    "mutate_prob": 0.2,
    "crossover_eta": 15,
    "crossover_prob": 1,
    "error_message": null,
    "timestamp": "2024-06-21T09:46:28.801219"
}