{
    "algorithm_desc": "pygad_algorithm",
    "config_name": "two_way_overtaking",
    "random_seed": 1,
    "evaluation_time": 85.399909,
    "number_of_generations": 400,
    "population_size": 100,
    "num_parents_mating": 8,
    "best_solution": [
        315.3931896830451,
        1000.4419989256039,
        7.1640873747942315,
        -14.503335575439976,
        633.1950989423514,
        294.7423763817737,
        6.807667129838819,
        -11.682784717373542,
        267.38001010441883,
        2195.839831513032,
        5.231135464663414,
        -19.73703530656214
    ],
    "best_fitness": [
        -0.6945734680889704
    ],
    "mutate_eta": 15,
    "mutate_prob": 0.8,
    "crossover_eta": 5,
    "crossover_prob": 0.5,
    "error_message": null,
    "timestamp": "2024-06-23T01:54:49.259416"
}