{
    "algorithm_desc": "pygad_algorithm",
    "config_name": "two_way_overtaking",
    "random_seed": 1,
    "evaluation_time": 187.186584,
    "number_of_generations": 1000,
    "population_size": 100,
    "num_parents_mating": 2,
    "best_solution": [
        1572.8512051713633,
        1985.2126092694768,
        -8.52754716455225,
        -17.70261943508307,
        796.0313390036107,
        347.30847742762944,
        -6.467934775536049,
        -13.893518836884436,
        2587.423649888447,
        3494.388758221387,
        -10.31980462414146,
        -20.00651188670925
    ],
    "best_fitness": [
        -0.04073236253504117
    ],
    "mutate_eta": 20,
    "mutate_prob": 0.2,
    "crossover_eta": 5,
    "crossover_prob": 1,
    "error_message": null,
    "timestamp": "2024-06-23T12:52:23.823897"
}