{
    "algorithm_desc": "pygad_algorithm",
    "config_name": "two_way_overtaking",
    "random_seed": 1,
    "evaluation_time": 410.569066,
    "number_of_generations": 1000,
    "population_size": 200,
    "num_parents_mating": 8,
    "best_solution": [
        1747.153558148579,
        2799.1219767051534,
        -13.991615477850154,
        1.3900445394118037,
        43.460605056210966,
        3011.6510131538225,
        -9.41124632086384,
        0.9561017331539219,
        3464.9524500368893,
        2624.3194135941862,
        -19.58203466616954,
        2.44532011550395
    ],
    "best_fitness": [
        -0.05268499551718546
    ],
    "mutate_eta": 5,
    "mutate_prob": 0.5,
    "crossover_eta": 10,
    "crossover_prob": 0.5,
    "error_message": null,
    "timestamp": "2024-06-22T17:00:49.393523"
}