{
    "algorithm_desc": "pygad_algorithm",
    "config_name": "two_way_overtaking",
    "random_seed": 1,
    "evaluation_time": 7.532185,
    "number_of_generations": 400,
    "population_size": 10,
    "num_parents_mating": 10,
    "best_solution": [
        2419.86066206106,
        1649.5274841123712,
        -13.454183382612609,
        -8.549544963308835,
        1029.4504619356003,
        902.9444030045611,
        -5.067295550274791,
        -3.056055652739879,
        2789.909706332441,
        2992.3936943113413,
        -15.44109499384971,
        -13.753264427484165
    ],
    "best_fitness": [
        -0.37902499394815486
    ],
    "mutate_eta": 5,
    "mutate_prob": 0.2,
    "crossover_eta": 20,
    "crossover_prob": 0.5,
    "error_message": null,
    "timestamp": "2024-06-21T05:13:19.257951"
}