{
    "algorithm_desc": "pygad_algorithm",
    "config_name": "two_way_overtaking",
    "random_seed": 1,
    "evaluation_time": 15.697376,
    "number_of_generations": 400,
    "population_size": 20,
    "num_parents_mating": 2,
    "best_solution": [
        1718.045183676135,
        759.7557747715887,
        -9.935203205303075,
        14.680296704827732,
        648.8903431409224,
        2114.1508442994095,
        -3.350968248735679,
        7.250167320387099,
        2877.791002046481,
        42.66920034730431,
        -18.823855873456726,
        19.68793049119212
    ],
    "best_fitness": [
        -0.30724435775664266
    ],
    "mutate_eta": 1,
    "mutate_prob": 0.5,
    "crossover_eta": 1,
    "crossover_prob": 0.5,
    "error_message": null,
    "timestamp": "2024-06-21T08:18:25.248993"
}