{
    "algorithm_desc": "pygad_algorithm",
    "config_name": "two_way_overtaking",
    "random_seed": 1,
    "evaluation_time": 104.881097,
    "number_of_generations": 1000,
    "population_size": 50,
    "num_parents_mating": 4,
    "best_solution": [
        1325.340983571649,
        1441.4823262479592,
        -12.553570374070368,
        15.399315314721314,
        731.3721916387789,
        3130.3077011587684,
        3.429396921054625,
        12.949574268193025,
        2383.066845923904,
        175.77784507265525,
        -13.47507706349503,
        18.355587537635863
    ],
    "best_fitness": [
        -0.5546577513104618
    ],
    "mutate_eta": 1,
    "mutate_prob": 0.8,
    "crossover_eta": 20,
    "crossover_prob": 1,
    "error_message": null,
    "timestamp": "2024-06-21T04:50:19.658674"
}