{
    "algorithm_desc": "pygad_algorithm",
    "config_name": "two_way_overtaking",
    "random_seed": 1,
    "evaluation_time": 373.826913,
    "number_of_generations": 1000,
    "population_size": 200,
    "num_parents_mating": 10,
    "best_solution": [
        1901.4636220486238,
        2273.8050800323426,
        -6.1984693383235285,
        3.971092524923403,
        338.5728920985689,
        3280.028806958511,
        -3.8795508915514176,
        2.4982897804297934,
        3425.7502767361875,
        1297.2715540528843,
        -13.049313004487068,
        7.8487514120491255
    ],
    "best_fitness": [
        -0.00016027491532808106
    ],
    "mutate_eta": 15,
    "mutate_prob": 0.2,
    "crossover_eta": 1,
    "crossover_prob": 1,
    "error_message": null,
    "timestamp": "2024-06-21T04:18:16.030321"
}