{
    "algorithm_desc": "pygad_algorithm",
    "config_name": "two_way_overtaking",
    "random_seed": 1,
    "evaluation_time": 181.922309,
    "number_of_generations": 1000,
    "population_size": 100,
    "num_parents_mating": 2,
    "best_solution": [
        3299.8316455372214,
        1741.6030693744167,
        -0.3243563891700951,
        5.352085720758261,
        3297.030082276787,
        3499.8592030166083,
        0.0,
        0.01738122186886315,
        3404.873084890797,
        8.05912018979138,
        -1.8093339882564514,
        17.84497597948117
    ],
    "best_fitness": [
        -0.027644354033101847
    ],
    "mutate_eta": 5,
    "mutate_prob": 0.2,
    "crossover_eta": 1,
    "crossover_prob": 0.8,
    "error_message": null,
    "timestamp": "2024-06-22T04:28:51.416142"
}