{
    "algorithm_desc": "pygad_algorithm",
    "config_name": "two_way_overtaking",
    "random_seed": 1,
    "evaluation_time": 21.098457,
    "number_of_generations": 200,
    "population_size": 50,
    "num_parents_mating": 10,
    "best_solution": [
        2081.230864516628,
        2228.7996866129065,
        17.177170524155315,
        -12.873774771169035,
        3455.233593972003,
        608.6695903831212,
        17.00003513131181,
        -6.088174830191791,
        377.212989918275,
        3329.509799872433,
        18.253631764948558,
        -11.974972347083598
    ],
    "best_fitness": [
        -0.7346567728862229
    ],
    "mutate_eta": 1,
    "mutate_prob": 0.8,
    "crossover_eta": 5,
    "crossover_prob": 0.8,
    "error_message": null,
    "timestamp": "2024-06-23T01:01:52.165582"
}