{
    "algorithm_desc": "pygad_algorithm",
    "config_name": "two_way_overtaking",
    "random_seed": 1,
    "evaluation_time": 4.393519,
    "number_of_generations": 100,
    "population_size": 20,
    "num_parents_mating": 8,
    "best_solution": [
        1111.4111392869968,
        496.7484491198648,
        -10.807100572718781,
        12.594533333061868,
        872.5697275876533,
        3061.7512080365423,
        -10.820129258243075,
        9.554863600092265,
        2934.8439930522245,
        418.2906956883364,
        -14.28031970410111,
        9.639655404611862
    ],
    "best_fitness": [
        -0.7860573466795285
    ],
    "mutate_eta": 20,
    "mutate_prob": 0.8,
    "crossover_eta": 20,
    "crossover_prob": 0.2,
    "error_message": null,
    "timestamp": "2024-06-22T01:11:06.167346"
}