{
    "algorithm_desc": "pygad_algorithm",
    "config_name": "two_way_overtaking",
    "random_seed": 1,
    "evaluation_time": 379.113755,
    "number_of_generations": 2000,
    "population_size": 100,
    "num_parents_mating": 10,
    "best_solution": [
        1810.6145023352044,
        2132.5428263450854,
        -8.50913767622237,
        6.698694308194991,
        410.8942549876583,
        3335.7822488240095,
        -1.6266033064061851,
        1.3977838020733806,
        3303.1991017671435,
        957.6037144121673,
        -20.42674782557044,
        15.099512160475896
    ],
    "best_fitness": [
        -9.859888001044843e-05
    ],
    "mutate_eta": 5,
    "mutate_prob": 0.2,
    "crossover_eta": 15,
    "crossover_prob": 1,
    "error_message": null,
    "timestamp": "2024-06-20T23:21:27.182798"
}