{
    "algorithm_desc": "pygad_algorithm",
    "config_name": "two_way_overtaking",
    "random_seed": 1,
    "evaluation_time": 10.356132,
    "number_of_generations": 50,
    "population_size": 100,
    "num_parents_mating": 4,
    "best_solution": [
        1422.7933119792865,
        1968.3016350276944,
        -1.2403598452067648,
        -3.796718317823057,
        908.1316625288205,
        506.386908251614,
        -0.20451604263685397,
        -1.3339489200841932,
        3259.3805246456645,
        3276.21149834254,
        -2.63027218308606,
        -4.58570664709533
    ],
    "best_fitness": [
        -0.3818338862218713
    ],
    "mutate_eta": 10,
    "mutate_prob": 0.5,
    "crossover_eta": 20,
    "crossover_prob": 1,
    "error_message": null,
    "timestamp": "2024-06-21T19:23:46.872626"
}