{
    "algorithm_desc": "pygad_algorithm",
    "config_name": "two_way_overtaking",
    "random_seed": 1,
    "evaluation_time": 2.18424,
    "number_of_generations": 100,
    "population_size": 10,
    "num_parents_mating": 8,
    "best_solution": [
        1465.6341285104004,
        1499.3792651566127,
        2.66682466128362,
        17.74604395466197,
        324.6980534875425,
        2814.5488071688983,
        -3.564902826362392,
        4.235516633589096,
        2859.7485759027395,
        374.2890515814566,
        -8.858465666932776,
        -4.484236361722868
    ],
    "best_fitness": [
        -1.0991662906315756
    ],
    "mutate_eta": 1,
    "mutate_prob": 1,
    "crossover_eta": 1,
    "crossover_prob": 0.2,
    "error_message": null,
    "timestamp": "2024-06-21T01:40:26.652378"
}