{
    "algorithm_desc": "pygad_algorithm",
    "config_name": "two_way_overtaking",
    "random_seed": 1,
    "evaluation_time": 15.628451,
    "number_of_generations": 400,
    "population_size": 20,
    "num_parents_mating": 10,
    "best_solution": [
        1807.645842692964,
        2039.3260323069067,
        17.65032378127951,
        -5.3531235339181045,
        3403.9607037323385,
        1230.166285883287,
        9.630056483768378,
        -2.625023034959707,
        43.98289592197202,
        2435.725944422139,
        19.591127087913662,
        -5.429313405245411
    ],
    "best_fitness": [
        -0.12377872024390824
    ],
    "mutate_eta": 15,
    "mutate_prob": 0.2,
    "crossover_eta": 1,
    "crossover_prob": 0.8,
    "error_message": null,
    "timestamp": "2024-06-22T12:42:03.530152"
}