{
    "algorithm_desc": "pygad_algorithm",
    "config_name": "two_way_overtaking",
    "random_seed": 1,
    "evaluation_time": 3.630356,
    "number_of_generations": 400,
    "population_size": 5,
    "num_parents_mating": 2,
    "best_solution": [
        1057.8705584079305,
        2251.7091610348716,
        15.474545648471342,
        5.662413982712714,
        2692.472734183824,
        2775.6292055677322,
        2.782994840198736,
        0.5134574581984381,
        143.12276743202685,
        887.9003241068806,
        16.764993142403263,
        9.60890348688482
    ],
    "best_fitness": [
        -0.3131991189567261
    ],
    "mutate_eta": 15,
    "mutate_prob": 0.5,
    "crossover_eta": 1,
    "crossover_prob": 0.8,
    "error_message": null,
    "timestamp": "2024-06-21T12:02:48.393784"
}