{
    "algorithm_desc": "pygad_algorithm",
    "config_name": "two_way_overtaking",
    "random_seed": 1,
    "evaluation_time": 179.519839,
    "number_of_generations": 2000,
    "population_size": 50,
    "num_parents_mating": 2,
    "best_solution": [
        1452.846655435074,
        1978.0329421579397,
        -6.616332334073224,
        -7.294504311283767,
        226.97043610104188,
        636.3346190710602,
        -1.9875976046069503,
        -2.1744833843091307,
        2688.2710755599087,
        3339.8661107085472,
        -14.83903212339911,
        -17.412347522639706
    ],
    "best_fitness": [
        -9.009465730531007e-05
    ],
    "mutate_eta": 5,
    "mutate_prob": 0.2,
    "crossover_eta": 10,
    "crossover_prob": 0.8,
    "error_message": null,
    "timestamp": "2024-06-23T11:26:11.622659"
}