{
    "algorithm_desc": "pygad_algorithm",
    "config_name": "two_way_overtaking",
    "random_seed": 1,
    "evaluation_time": 19.045656,
    "number_of_generations": 2000,
    "population_size": 5,
    "num_parents_mating": 2,
    "best_solution": [
        1883.920429046946,
        284.6146515680651,
        19.109494484010334,
        7.597197323671221,
        3408.202060352112,
        1209.076319936691,
        4.27742478192323,
        0.30235767786350465,
        293.80739599541033,
        1254.7056073756505,
        19.927958782949162,
        -13.191153116870701
    ],
    "best_fitness": [
        -0.6239143041246975
    ],
    "mutate_eta": 5,
    "mutate_prob": 0.8,
    "crossover_eta": 10,
    "crossover_prob": 1,
    "error_message": null,
    "timestamp": "2024-06-23T07:13:35.813867"
}