{
    "algorithm_desc": "pygad_algorithm",
    "config_name": "two_way_overtaking",
    "random_seed": 1,
    "evaluation_time": 18.878083,
    "number_of_generations": 100,
    "population_size": 100,
    "num_parents_mating": 4,
    "best_solution": [
        3299.8316455372214,
        1684.9728089166113,
        0.0,
        9.516308566358873,
        3299.8316455372214,
        3456.2943390639643,
        0.0,
        2.0357419857366956,
        3299.8316455372214,
        51.64521077597989,
        -0.6547050472870097,
        20.173467223008174
    ],
    "best_fitness": [
        -0.04999074860044079
    ],
    "mutate_eta": 1,
    "mutate_prob": 0.2,
    "crossover_eta": 20,
    "crossover_prob": 1,
    "error_message": null,
    "timestamp": "2024-06-21T18:49:03.455714"
}