{
    "algorithm_desc": "pygad_algorithm",
    "config_name": "two_way_overtaking",
    "random_seed": 1,
    "evaluation_time": 79.815962,
    "number_of_generations": 200,
    "population_size": 200,
    "num_parents_mating": 4,
    "best_solution": [
        2317.670587732605,
        2589.70327313131,
        -11.996399791790303,
        -3.736965495836756,
        433.1553970254847,
        2159.7990388203357,
        -1.0186985309905445,
        -0.1794826815715851,
        3475.8567895269575,
        2928.1049360981124,
        -18.11930160748578,
        -7.047926196739342
    ],
    "best_fitness": [
        -0.22351680339790894
    ],
    "mutate_eta": 1,
    "mutate_prob": 0.5,
    "crossover_eta": 5,
    "crossover_prob": 0.2,
    "error_message": null,
    "timestamp": "2024-06-22T12:58:18.539758"
}