{
    "algorithm_desc": "pygad_algorithm",
    "config_name": "two_way_overtaking",
    "random_seed": 1,
    "evaluation_time": 20.336989,
    "number_of_generations": 1000,
    "population_size": 10,
    "num_parents_mating": 4,
    "best_solution": [
        1839.0456498640492,
        3441.3751800435234,
        -8.654854116381621,
        -13.033695297305918,
        612.109980245835,
        2467.730250157659,
        -1.4187404132401547,
        -2.685395858255589,
        2740.810633504988,
        3275.6697315189867,
        -15.896935531347498,
        -11.32169568718044
    ],
    "best_fitness": [
        -0.7907044018383935
    ],
    "mutate_eta": 15,
    "mutate_prob": 0.8,
    "crossover_eta": 20,
    "crossover_prob": 1,
    "error_message": null,
    "timestamp": "2024-06-22T11:59:12.132984"
}