{
    "algorithm_desc": "pygad_algorithm",
    "config_name": "two_way_overtaking",
    "random_seed": 1,
    "evaluation_time": 20.066093,
    "number_of_generations": 200,
    "population_size": 50,
    "num_parents_mating": 4,
    "best_solution": [
        1087.4239946271427,
        1071.498745162175,
        6.187389167274585,
        -10.183983542438616,
        2042.6253425687953,
        198.43827280189674,
        2.6063557749934816,
        -5.053809339321983,
        348.7257706535257,
        2653.700414370651,
        8.373435350096724,
        -13.319529076525082
    ],
    "best_fitness": [
        -0.33435242742673177
    ],
    "mutate_eta": 5,
    "mutate_prob": 0.5,
    "crossover_eta": 15,
    "crossover_prob": 0.5,
    "error_message": null,
    "timestamp": "2024-06-22T05:12:32.539006"
}