{
    "algorithm_desc": "pygad_algorithm",
    "config_name": "two_way_overtaking",
    "random_seed": 1,
    "evaluation_time": 19.958263,
    "number_of_generations": 1000,
    "population_size": 10,
    "num_parents_mating": 10,
    "best_solution": [
        1823.690573449538,
        1284.2964951839194,
        -8.22315599362775,
        17.215443819640505,
        1383.5673266962326,
        3008.2281088016966,
        -0.5113168054545731,
        5.725845596132551,
        3284.2050022475264,
        46.17456738037512,
        -9.609551574944946,
        18.18608298829166
    ],
    "best_fitness": [
        -0.23743900127649065
    ],
    "mutate_eta": 20,
    "mutate_prob": 0.2,
    "crossover_eta": 5,
    "crossover_prob": 1,
    "error_message": null,
    "timestamp": "2024-06-20T16:08:37.145539"
}