{
    "algorithm_desc": "pygad_algorithm",
    "config_name": "two_way_overtaking",
    "random_seed": 1,
    "evaluation_time": 370.763619,
    "number_of_generations": 2000,
    "population_size": 100,
    "num_parents_mating": 10,
    "best_solution": [
        1755.2664889279408,
        2475.817380603526,
        6.758069111481344,
        0.030991036605851008,
        3499.9948180841143,
        2476.11502659763,
        3.4911635742349283,
        0.0,
        1.6118620573664089,
        2469.3795740970045,
        19.706124139771916,
        0.8175096163656868
    ],
    "best_fitness": [
        -0.02606619614180531
    ],
    "mutate_eta": 15,
    "mutate_prob": 0.2,
    "crossover_eta": 15,
    "crossover_prob": 0.2,
    "error_message": null,
    "timestamp": "2024-06-21T03:05:11.893717"
}