{
    "algorithm_desc": "pygad_algorithm",
    "config_name": "two_way_overtaking",
    "random_seed": 1,
    "evaluation_time": 31.501024,
    "number_of_generations": 100,
    "population_size": 150,
    "num_parents_mating": 2,
    "best_solution": [
        756.375243796979,
        1210.1230332835132,
        7.635851886085685,
        8.702834226055739,
        1752.6994614004036,
        3093.124418933177,
        2.8595155101592873,
        3.9062730364869473,
        440.88830295587064,
        441.5834338418043,
        9.83711250924761,
        17.27589336846625
    ],
    "best_fitness": [
        -0.5139422483876255
    ],
    "mutate_eta": 1,
    "mutate_prob": 0.8,
    "crossover_eta": 15,
    "crossover_prob": 0.8,
    "error_message": null,
    "timestamp": "2024-06-21T17:26:53.548399"
}