{
    "algorithm_desc": "pygad_algorithm",
    "config_name": "two_way_overtaking",
    "random_seed": 1,
    "evaluation_time": 40.538744,
    "number_of_generations": 400,
    "population_size": 50,
    "num_parents_mating": 2,
    "best_solution": [
        1381.8530744549764,
        1364.3049543383527,
        17.985155919136865,
        10.084388069585998,
        3158.544442682328,
        2338.492288759059,
        7.045036751801785,
        3.021467038581253,
        259.3621479903493,
        1825.6871881872323,
        18.40504010057161,
        -12.856360181146734
    ],
    "best_fitness": [
        -0.7439046543969621
    ],
    "mutate_eta": 5,
    "mutate_prob": 0.8,
    "crossover_eta": 10,
    "crossover_prob": 0.2,
    "error_message": null,
    "timestamp": "2024-06-21T23:09:08.851460"
}