{
    "algorithm_desc": "pygad_algorithm",
    "config_name": "two_way_overtaking",
    "random_seed": 1,
    "evaluation_time": 0.552364,
    "number_of_generations": 50,
    "population_size": 5,
    "num_parents_mating": 2,
    "best_solution": [
        1466.4383314881754,
        2352.845967771494,
        12.787911344541868,
        12.148184347921564,
        3228.9307768213184,
        2217.9558566630526,
        11.8951697394238,
        -7.893141251562623,
        341.2170063004497,
        3080.288791304263,
        16.815018812047896,
        3.759870887493733
    ],
    "best_fitness": [
        -1.1746810893579838
    ],
    "mutate_eta": 20,
    "mutate_prob": 0.8,
    "crossover_eta": 20,
    "crossover_prob": 0.2,
    "error_message": null,
    "timestamp": "2024-06-22T12:51:29.154895"
}