{
    "algorithm_desc": "pygad_algorithm",
    "config_name": "two_way_overtaking",
    "random_seed": 1,
    "evaluation_time": 0.557632,
    "number_of_generations": 50,
    "population_size": 5,
    "num_parents_mating": 2,
    "best_solution": [
        134.2260003613281,
        1469.4910869106225,
        0.72817058244215,
        6.824800772974424,
        1566.905295322887,
        2609.7909880935845,
        -10.402167378308214,
        -2.0124063364013267,
        1087.055381279735,
        172.18061057672307,
        -2.787737881566791,
        14.295143614679468
    ],
    "best_fitness": [
        -1.0867090036860034
    ],
    "mutate_eta": 15,
    "mutate_prob": 0.5,
    "crossover_eta": 15,
    "crossover_prob": 0.2,
    "error_message": null,
    "timestamp": "2024-06-22T21:03:39.040048"
}