{
    "algorithm_desc": "pygad_algorithm",
    "config_name": "two_way_overtaking",
    "random_seed": 1,
    "evaluation_time": 614.634322,
    "number_of_generations": 2000,
    "population_size": 150,
    "num_parents_mating": 4,
    "best_solution": [
        1969.641251384876,
        2214.502210580413,
        9.701737251973505,
        -8.608800755324076,
        3484.1690020251867,
        1061.9645278856126,
        3.7322047089953365,
        -2.8354213592397137,
        559.2486258017719,
        3485.828477051733,
        19.438192753826904,
        -18.603801533163658
    ],
    "best_fitness": [
        -0.02210914725231252
    ],
    "mutate_eta": 15,
    "mutate_prob": 0.5,
    "crossover_eta": 15,
    "crossover_prob": 0.8,
    "error_message": null,
    "timestamp": "2024-06-22T06:51:47.262533"
}