{
    "algorithm_desc": "pygad_algorithm",
    "config_name": "two_way_overtaking",
    "random_seed": 1,
    "evaluation_time": 420.507946,
    "number_of_generations": 2000,
    "population_size": 100,
    "num_parents_mating": 4,
    "best_solution": [
        1925.775260517381,
        1301.683589255337,
        9.06926559521704,
        -3.1889187792664515,
        3449.704864712274,
        700.7803705395801,
        6.591182448301616,
        -3.5938952376948023,
        607.8331319409008,
        2016.2558326131157,
        12.457062620048461,
        -7.631319399351499
    ],
    "best_fitness": [
        -0.4006757903173281
    ],
    "mutate_eta": 20,
    "mutate_prob": 0.8,
    "crossover_eta": 15,
    "crossover_prob": 0.5,
    "error_message": null,
    "timestamp": "2024-06-23T04:45:32.508997"
}