{
    "algorithm_desc": "pygad_algorithm",
    "config_name": "two_way_overtaking",
    "random_seed": 1,
    "evaluation_time": 102.143817,
    "number_of_generations": 1000,
    "population_size": 50,
    "num_parents_mating": 4,
    "best_solution": [
        1403.8991505197703,
        1506.6426925205672,
        -15.991087615432196,
        -16.80701429113421,
        429.37957384223483,
        411.6392432401174,
        -1.500334229794852,
        -6.484958627454002,
        3220.619210156959,
        2467.570924763777,
        -19.378397623827706,
        -18.26424209939646
    ],
    "best_fitness": [
        -0.38229249212833233
    ],
    "mutate_eta": 20,
    "mutate_prob": 0.8,
    "crossover_eta": 10,
    "crossover_prob": 0.2,
    "error_message": null,
    "timestamp": "2024-06-22T07:19:03.701324"
}