{
    "algorithm_desc": "pygad_algorithm",
    "config_name": "two_way_overtaking",
    "random_seed": 1,
    "evaluation_time": 20.854131,
    "number_of_generations": 100,
    "population_size": 100,
    "num_parents_mating": 2,
    "best_solution": [
        2590.464660271734,
        1289.8760728855432,
        0.0,
        -9.52327503927285,
        2870.303752095287,
        55.460595479699336,
        0.39564066078109406,
        -2.1703013677784107,
        2529.1457523321046,
        3100.912777214802,
        -2.839296057379485,
        -19.051480859952214
    ],
    "best_fitness": [
        -0.27640976791045635
    ],
    "mutate_eta": 1,
    "mutate_prob": 0.5,
    "crossover_eta": 15,
    "crossover_prob": 1,
    "error_message": null,
    "timestamp": "2024-06-23T11:14:30.222706"
}