{
    "algorithm_desc": "pygad_algorithm",
    "config_name": "two_way_overtaking",
    "random_seed": 1,
    "evaluation_time": 2.020707,
    "number_of_generations": 100,
    "population_size": 10,
    "num_parents_mating": 8,
    "best_solution": [
        2208.3572011883566,
        3262.9001091045175,
        16.75526887923015,
        -2.0265459625198616,
        3412.4695908549756,
        3062.158929243333,
        4.029231466253929,
        -0.9524105021931248,
        1092.2569494609274,
        1617.588519292462,
        11.197036267606581,
        18.57477179080972
    ],
    "best_fitness": [
        -0.6979161411294722
    ],
    "mutate_eta": 20,
    "mutate_prob": 0.5,
    "crossover_eta": 5,
    "crossover_prob": 0.2,
    "error_message": null,
    "timestamp": "2024-06-21T23:13:18.826572"
}