{
    "algorithm_desc": "pygad_algorithm",
    "config_name": "two_way_overtaking",
    "random_seed": 1,
    "evaluation_time": 16.260728,
    "number_of_generations": 400,
    "population_size": 20,
    "num_parents_mating": 10,
    "best_solution": [
        2247.8766758376937,
        1541.198110631465,
        -6.352249375938138,
        11.488499362724944,
        1645.694487948127,
        3417.2831596400015,
        -1.9144280641833653,
        7.132633955410018,
        2682.4601985410104,
        155.46279501650463,
        -3.2713030069138753,
        17.738471284898054
    ],
    "best_fitness": [
        -0.4601963497628512
    ],
    "mutate_eta": 20,
    "mutate_prob": 0.5,
    "crossover_eta": 1,
    "crossover_prob": 1,
    "error_message": null,
    "timestamp": "2024-06-23T15:00:56.393351"
}