{
    "algorithm_desc": "pygad_algorithm",
    "config_name": "two_way_overtaking",
    "random_seed": 1,
    "evaluation_time": 2.176534,
    "number_of_generations": 50,
    "population_size": 20,
    "num_parents_mating": 2,
    "best_solution": [
        1762.2700666516782,
        1695.6652400279384,
        -7.753030506278863,
        -17.224552782334356,
        1287.9285324810576,
        956.7279896679892,
        -2.6833939658104775,
        -8.049595223902205,
        2433.1488712873524,
        2963.7418130289752,
        -12.636295617219766,
        -19.876971065258374
    ],
    "best_fitness": [
        -0.5568374365793
    ],
    "mutate_eta": 1,
    "mutate_prob": 0.5,
    "crossover_eta": 10,
    "crossover_prob": 0.2,
    "error_message": null,
    "timestamp": "2024-06-23T00:56:16.941838"
}