{
    "algorithm_desc": "pygad_algorithm",
    "config_name": "two_way_overtaking",
    "random_seed": 1,
    "evaluation_time": 142.009918,
    "number_of_generations": 400,
    "population_size": 200,
    "num_parents_mating": 2,
    "best_solution": [
        2230.7957226563567,
        1871.4864268338758,
        -12.178666788931407,
        14.57733521667651,
        1025.7935208452018,
        3325.4528111728823,
        -10.213699989478929,
        12.449671347215308,
        3418.57321420933,
        420.51503190269005,
        -12.589682437512234,
        15.031180792692531
    ],
    "best_fitness": [
        -0.004677658477266974
    ],
    "mutate_eta": 1,
    "mutate_prob": 0.2,
    "crossover_eta": 1,
    "crossover_prob": 0.2,
    "error_message": null,
    "timestamp": "2024-06-22T16:33:26.280895"
}