{
    "algorithm_desc": "pygad_algorithm",
    "config_name": "two_way_overtaking",
    "random_seed": 1,
    "evaluation_time": 42.056187,
    "number_of_generations": 200,
    "population_size": 100,
    "num_parents_mating": 2,
    "best_solution": [
        1475.3270737208768,
        2138.087672122379,
        10.058160164045884,
        -13.377831031586467,
        3018.113921167657,
        898.8165441140032,
        7.553286181864426,
        -9.857301200923192,
        606.4708765550859,
        3031.2695987539532,
        8.975605100985927,
        -19.21862675861079
    ],
    "best_fitness": [
        -0.5445711689752639
    ],
    "mutate_eta": 10,
    "mutate_prob": 0.8,
    "crossover_eta": 5,
    "crossover_prob": 0.8,
    "error_message": null,
    "timestamp": "2024-06-22T07:20:46.026942"
}