{
    "algorithm_desc": "pygad_algorithm",
    "config_name": "two_way_overtaking",
    "random_seed": 1,
    "evaluation_time": 19.10447,
    "number_of_generations": 50,
    "population_size": 200,
    "num_parents_mating": 2,
    "best_solution": [
        2349.7602603082096,
        2293.3248030130726,
        2.3486276633894683,
        -11.006594652625031,
        2397.81460029903,
        474.92044516030046,
        0.0,
        -0.5756612631238482,
        1019.2777868156544,
        3496.5989235829948,
        8.175191854793436,
        -16.989412535245894
    ],
    "best_fitness": [
        -0.2059645350645475
    ],
    "mutate_eta": 20,
    "mutate_prob": 0.2,
    "crossover_eta": 20,
    "crossover_prob": 1,
    "error_message": null,
    "timestamp": "2024-06-23T19:29:50.935150"
}