{
    "algorithm_desc": "pygad_algorithm",
    "config_name": "two_way_overtaking",
    "random_seed": 1,
    "evaluation_time": 2.03358,
    "number_of_generations": 100,
    "population_size": 10,
    "num_parents_mating": 10,
    "best_solution": [
        780.2033119839908,
        1411.2179977211995,
        -14.602547036037183,
        19.846473118674375,
        147.08477190624407,
        3003.1499301810736,
        -14.637703641244677,
        3.2163221341066546,
        2548.2055353673227,
        1200.5048119450835,
        -16.655541416741524,
        14.278459151920238
    ],
    "best_fitness": [
        -0.9297712660856974
    ],
    "mutate_eta": 10,
    "mutate_prob": 0.5,
    "crossover_eta": 5,
    "crossover_prob": 1,
    "error_message": null,
    "timestamp": "2024-06-23T09:46:18.946927"
}