{
    "algorithm_desc": "pygad_algorithm",
    "config_name": "two_way_overtaking",
    "random_seed": 1,
    "evaluation_time": 84.9853,
    "number_of_generations": 400,
    "population_size": 100,
    "num_parents_mating": 2,
    "best_solution": [
        1515.8882615962314,
        1453.402425709207,
        -12.889870099568277,
        17.981719718812684,
        1546.995648759556,
        3111.0691132558873,
        -19.138743231537028,
        8.985556191370524,
        2940.9665516021296,
        535.0291704232097,
        -14.853106235758162,
        18.931355605780055
    ],
    "best_fitness": [
        -0.6185899477915106
    ],
    "mutate_eta": 20,
    "mutate_prob": 1,
    "crossover_eta": 20,
    "crossover_prob": 0.5,
    "error_message": null,
    "timestamp": "2024-06-20T19:12:55.292481"
}