{
    "algorithm_desc": "pygad_algorithm",
    "config_name": "two_way_overtaking",
    "random_seed": 1,
    "evaluation_time": 112.236896,
    "number_of_generations": 400,
    "population_size": 150,
    "num_parents_mating": 8,
    "best_solution": [
        1666.889332479696,
        1760.4218748416024,
        -0.008664223605290289,
        -9.391576815943312,
        1665.4418049776527,
        0.8372289184609416,
        0.0,
        -7.916370383225331,
        1702.016843030182,
        3495.9538333283267,
        -0.25894427172343626,
        -12.605160318732999
    ],
    "best_fitness": [
        -0.031521030209333584
    ],
    "mutate_eta": 10,
    "mutate_prob": 0.2,
    "crossover_eta": 15,
    "crossover_prob": 1,
    "error_message": null,
    "timestamp": "2024-06-22T07:36:44.437082"
}