{
    "algorithm_desc": "pygad_algorithm",
    "config_name": "two_way_overtaking",
    "random_seed": 1,
    "evaluation_time": 321.872202,
    "number_of_generations": 1000,
    "population_size": 150,
    "num_parents_mating": 4,
    "best_solution": [
        2306.611154260778,
        2185.8862557576986,
        -5.132860321698665,
        -8.586493075913838,
        1496.344600607455,
        1245.136080200049,
        -4.706041612633932,
        -7.416068966511647,
        3133.8390716533536,
        3309.6501033817985,
        -10.866963063565612,
        -14.822435851425835
    ],
    "best_fitness": [
        -0.39649612101941856
    ],
    "mutate_eta": 20,
    "mutate_prob": 0.8,
    "crossover_eta": 15,
    "crossover_prob": 0.8,
    "error_message": null,
    "timestamp": "2024-06-23T13:14:11.925958"
}