{
    "algorithm_desc": "pygad_algorithm",
    "config_name": "two_way_overtaking",
    "random_seed": 1,
    "evaluation_time": 84.218865,
    "number_of_generations": 200,
    "population_size": 200,
    "num_parents_mating": 2,
    "best_solution": [
        1957.0150876797304,
        836.3500755192582,
        -10.591844674438422,
        13.660406659115012,
        232.13394248681973,
        1452.1039554504448,
        -7.835089026953245,
        12.140749662636964,
        3253.7730126106803,
        154.3672870975235,
        -17.459399152704506,
        18.151136729130563
    ],
    "best_fitness": [
        -0.3975832315617168
    ],
    "mutate_eta": 10,
    "mutate_prob": 0.8,
    "crossover_eta": 10,
    "crossover_prob": 0.8,
    "error_message": null,
    "timestamp": "2024-06-22T00:36:29.470647"
}