{
    "algorithm_desc": "pygad_algorithm",
    "config_name": "two_way_overtaking",
    "random_seed": 1,
    "evaluation_time": 18.683122,
    "number_of_generations": 1000,
    "population_size": 10,
    "num_parents_mating": 4,
    "best_solution": [
        2193.756520136711,
        2204.895579056666,
        12.655844666537448,
        -10.615619196101752,
        3384.5751734897785,
        805.7858165310718,
        8.953596870656853,
        -6.58436108108881,
        837.5276022588256,
        3367.6059169997147,
        18.71497794224898,
        -15.059873463520493
    ],
    "best_fitness": [
        -0.06883836113306056
    ],
    "mutate_eta": 10,
    "mutate_prob": 0.2,
    "crossover_eta": 20,
    "crossover_prob": 1,
    "error_message": null,
    "timestamp": "2024-06-21T21:47:34.085489"
}