{
    "algorithm_desc": "pygad_algorithm",
    "config_name": "two_way_overtaking",
    "random_seed": 1,
    "evaluation_time": 42.211225,
    "number_of_generations": 400,
    "population_size": 50,
    "num_parents_mating": 10,
    "best_solution": [
        1998.711271288576,
        1465.9289560086465,
        -4.869626897105142,
        -11.790214190153549,
        1366.7710775995026,
        266.5006930933597,
        -5.178107953995077,
        -0.46650043342921066,
        3156.6146924073755,
        2751.0176778683876,
        -6.7100290713985515,
        -15.033296349056542
    ],
    "best_fitness": [
        -0.636242310515247
    ],
    "mutate_eta": 1,
    "mutate_prob": 0.8,
    "crossover_eta": 5,
    "crossover_prob": 0.2,
    "error_message": null,
    "timestamp": "2024-06-22T15:29:55.999753"
}