{
    "algorithm_desc": "pygad_algorithm",
    "config_name": "two_way_overtaking",
    "random_seed": 1,
    "evaluation_time": 12.949121,
    "number_of_generations": 100,
    "population_size": 50,
    "num_parents_mating": 8,
    "best_solution": [
        1818.392895139473,
        1175.6029773816692,
        7.485198081694556,
        5.761970220883914,
        2642.144077857765,
        3288.8144477233764,
        5.979010302407737,
        3.245474166880559,
        48.34536304510356,
        221.75622817636386,
        11.138914913348192,
        8.5150968568291
    ],
    "best_fitness": [
        -0.4022535068741485
    ],
    "mutate_eta": 10,
    "mutate_prob": 0.5,
    "crossover_eta": 5,
    "crossover_prob": 1,
    "error_message": null,
    "timestamp": "2024-06-20T13:53:56.993716"
}