{
    "algorithm_desc": "pygad_algorithm",
    "config_name": "two_way_overtaking",
    "random_seed": 1,
    "evaluation_time": 84.93199,
    "number_of_generations": 200,
    "population_size": 200,
    "num_parents_mating": 8,
    "best_solution": [
        1245.4689757158667,
        1563.330951292923,
        -10.53890986972284,
        14.540651098154889,
        252.2480932628925,
        3260.8592520188345,
        -7.012749004051091,
        13.082739910566218,
        2382.3373362653774,
        1055.1810962787015,
        -13.41389604058661,
        17.422153565031614
    ],
    "best_fitness": [
        -0.5325851072750475
    ],
    "mutate_eta": 1,
    "mutate_prob": 0.8,
    "crossover_eta": 10,
    "crossover_prob": 0.5,
    "error_message": null,
    "timestamp": "2024-06-23T02:06:44.804132"
}