{
    "algorithm_desc": "pygad_algorithm",
    "config_name": "two_way_overtaking",
    "random_seed": 1,
    "evaluation_time": 2.858159,
    "number_of_generations": 1000,
    "population_size": 2,
    "num_parents_mating": 2,
    "best_solution": [
        1606.4297486967803,
        1531.9925843184133,
        -7.145785580104409,
        -11.711844849802555,
        160.67120489845104,
        431.31999093649654,
        -6.320448155117939,
        13.074039335976387,
        3269.9943604081946,
        2577.498513311273,
        -14.092689494638336,
        -15.580525486355134
    ],
    "best_fitness": [
        -0.8547042694268745
    ],
    "mutate_eta": 1,
    "mutate_prob": 0.5,
    "crossover_eta": 15,
    "crossover_prob": 0.8,
    "error_message": null,
    "timestamp": "2024-06-21T15:33:37.379491"
}