{
    "algorithm_desc": "pygad_algorithm",
    "config_name": "two_way_overtaking",
    "random_seed": 1,
    "evaluation_time": 167.082585,
    "number_of_generations": 400,
    "population_size": 200,
    "num_parents_mating": 2,
    "best_solution": [
        1104.6701532867,
        1595.8495393602375,
        12.032748590649483,
        10.045755117783287,
        2851.4932248589957,
        1641.0007844483457,
        7.2005039400982795,
        6.680274505863558,
        269.80862762615084,
        501.70872836741523,
        14.82476226117042,
        13.498204598844247
    ],
    "best_fitness": [
        -0.513118995195146
    ],
    "mutate_eta": 1,
    "mutate_prob": 0.8,
    "crossover_eta": 10,
    "crossover_prob": 0.5,
    "error_message": null,
    "timestamp": "2024-06-23T00:41:56.517676"
}