{
    "algorithm_desc": "pygad_algorithm",
    "config_name": "two_way_overtaking",
    "random_seed": 1,
    "evaluation_time": 20.284493,
    "number_of_generations": 1000,
    "population_size": 10,
    "num_parents_mating": 2,
    "best_solution": [
        807.0183659980027,
        1789.138725212097,
        16.21119270585789,
        8.559132461538336,
        2337.6085712330755,
        2624.0897707473914,
        7.880800931178001,
        6.218757131467292,
        561.3705509781375,
        1022.5301479241135,
        16.818004902675895,
        10.383393817289562
    ],
    "best_fitness": [
        -0.6016588187168079
    ],
    "mutate_eta": 5,
    "mutate_prob": 0.8,
    "crossover_eta": 20,
    "crossover_prob": 0.8,
    "error_message": null,
    "timestamp": "2024-06-23T13:36:34.877346"
}