{
    "algorithm_desc": "pygad_algorithm",
    "config_name": "two_way_overtaking",
    "random_seed": 1,
    "evaluation_time": 15.801581,
    "number_of_generations": 50,
    "population_size": 150,
    "num_parents_mating": 2,
    "best_solution": [
        1410.769191177754,
        1790.9928022561967,
        5.807614593827044,
        6.988210436585728,
        2977.65268190804,
        2595.4509669281183,
        3.505936925920814,
        1.881704049762643,
        251.19941582776124,
        85.77049190775854,
        15.144747767595824,
        16.667607652428018
    ],
    "best_fitness": [
        -0.268591715475139
    ],
    "mutate_eta": 5,
    "mutate_prob": 0.5,
    "crossover_eta": 10,
    "crossover_prob": 1,
    "error_message": null,
    "timestamp": "2024-06-20T17:42:13.254276"
}