{
    "algorithm_desc": "pygad_algorithm",
    "config_name": "two_way_overtaking",
    "random_seed": 1,
    "evaluation_time": 78.37471,
    "number_of_generations": 2000,
    "population_size": 20,
    "num_parents_mating": 8,
    "best_solution": [
        1248.675317783961,
        1792.2792025541407,
        10.804977512731401,
        -2.1446276857866486,
        3054.7143444106414,
        1148.633181824119,
        8.031595631457378,
        -0.9771202719825247,
        1036.4547322356655,
        3358.507658680082,
        11.710582052448231,
        -14.614424238000215
    ],
    "best_fitness": [
        -0.4537146944380118
    ],
    "mutate_eta": 10,
    "mutate_prob": 0.5,
    "crossover_eta": 5,
    "crossover_prob": 0.2,
    "error_message": null,
    "timestamp": "2024-06-21T17:28:09.314344"
}