{
    "algorithm_desc": "pygad_algorithm",
    "config_name": "two_way_overtaking",
    "random_seed": 1,
    "evaluation_time": 41.511513,
    "number_of_generations": 100,
    "population_size": 200,
    "num_parents_mating": 4,
    "best_solution": [
        1601.1972018478607,
        1884.3304163080675,
        5.422677467550827,
        8.910713538233018,
        2532.855054356536,
        3494.736272561821,
        3.5570582095882983,
        5.142056227436779,
        492.7318359225854,
        302.5210592852986,
        20.499348292452872,
        19.865290289706195
    ],
    "best_fitness": [
        -0.11663946886206872
    ],
    "mutate_eta": 15,
    "mutate_prob": 0.5,
    "crossover_eta": 20,
    "crossover_prob": 1,
    "error_message": null,
    "timestamp": "2024-06-23T04:30:42.053207"
}