{
    "algorithm_desc": "pygad_algorithm",
    "config_name": "two_way_overtaking",
    "random_seed": 1,
    "evaluation_time": 28.738306,
    "number_of_generations": 100,
    "population_size": 150,
    "num_parents_mating": 10,
    "best_solution": [
        1292.2145920336875,
        1721.2938654288448,
        0.0,
        7.039718692614521,
        1281.2534731806038,
        3475.4141382838066,
        0.0,
        6.915894567710332,
        1287.9531654242849,
        9.265724683156728,
        0.7161099937906208,
        18.928965817949
    ],
    "best_fitness": [
        -0.03635670245336346
    ],
    "mutate_eta": 1,
    "mutate_prob": 0.2,
    "crossover_eta": 5,
    "crossover_prob": 0.5,
    "error_message": null,
    "timestamp": "2024-06-23T00:52:50.386666"
}