{
    "algorithm_desc": "pygad_algorithm",
    "config_name": "two_way_overtaking",
    "random_seed": 1,
    "evaluation_time": 13.817645,
    "number_of_generations": 50,
    "population_size": 100,
    "num_parents_mating": 10,
    "best_solution": [
        2523.357132675422,
        1192.0144224722362,
        4.177288203194795,
        6.753637582906467,
        3370.89054530383,
        2061.177645568397,
        4.21327378366043,
        5.443031110676866,
        1667.6646120586668,
        982.8724209448346,
        13.578985070135836,
        12.61272589328842
    ],
    "best_fitness": [
        -0.8747214860311932
    ],
    "mutate_eta": 10,
    "mutate_prob": 0.8,
    "crossover_eta": 15,
    "crossover_prob": 0.8,
    "error_message": null,
    "timestamp": "2024-06-20T16:11:54.667558"
}