{
    "algorithm_desc": "pygad_algorithm",
    "config_name": "two_way_overtaking",
    "random_seed": 1,
    "evaluation_time": 0.994402,
    "number_of_generations": 50,
    "population_size": 10,
    "num_parents_mating": 4,
    "best_solution": [
        2034.9169609772623,
        1848.0048882316914,
        10.289789697718863,
        -3.7788472531262833,
        3339.7017760035615,
        1275.3500601463852,
        7.534106324785004,
        -3.929765691625505,
        98.94326085678917,
        2114.0120150730463,
        17.95690815816662,
        -16.29959722966797
    ],
    "best_fitness": [
        -0.5013700941834234
    ],
    "mutate_eta": 15,
    "mutate_prob": 0.2,
    "crossover_eta": 10,
    "crossover_prob": 0.2,
    "error_message": null,
    "timestamp": "2024-06-22T08:36:57.849824"
}