{
    "algorithm_desc": "pygad_algorithm",
    "config_name": "two_way_overtaking",
    "random_seed": 1,
    "evaluation_time": 842.422333,
    "number_of_generations": 2000,
    "population_size": 200,
    "num_parents_mating": 2,
    "best_solution": [
        1478.6512537501173,
        2651.207166762583,
        -10.591844674438422,
        -7.328188688230446,
        333.90376093403955,
        1157.2995318581486,
        -7.46371338317565,
        -7.357290425759762,
        3253.7730126106803,
        3269.065266532335,
        -17.459399152704506,
        -9.920691494681002
    ],
    "best_fitness": [
        -0.3386711519295669
    ],
    "mutate_eta": 1,
    "mutate_prob": 0.8,
    "crossover_eta": 20,
    "crossover_prob": 0.8,
    "error_message": null,
    "timestamp": "2024-06-21T20:25:23.671313"
}