{
    "algorithm_desc": "pygad_algorithm",
    "config_name": "two_way_overtaking",
    "random_seed": 1,
    "evaluation_time": 98.804923,
    "number_of_generations": 1000,
    "population_size": 50,
    "num_parents_mating": 2,
    "best_solution": [
        2003.588060146582,
        1601.7844091321017,
        11.20998554082935,
        -14.339007255592573,
        3122.7803488935588,
        22.101104465072574,
        4.790424344446663,
        -6.469677839771341,
        830.8920489704718,
        2978.600495026032,
        15.407341949110773,
        -20.246174227528165
    ],
    "best_fitness": [
        -0.04242375982993708
    ],
    "mutate_eta": 1,
    "mutate_prob": 0.5,
    "crossover_eta": 1,
    "crossover_prob": 0.5,
    "error_message": null,
    "timestamp": "2024-06-22T05:08:17.512897"
}