{
    "algorithm_desc": "pygad_algorithm",
    "config_name": "two_way_overtaking",
    "random_seed": 1,
    "evaluation_time": 10.430033,
    "number_of_generations": 50,
    "population_size": 100,
    "num_parents_mating": 2,
    "best_solution": [
        2848.7951241093333,
        1671.1781387054998,
        18.041046823875654,
        14.14024863200114,
        3469.6268526802533,
        3412.344336175676,
        1.1021718768447961,
        4.00307018386151,
        1666.1265240856665,
        480.77576337195256,
        19.752290871493962,
        13.461841097097455
    ],
    "best_fitness": [
        -0.5407772629383278
    ],
    "mutate_eta": 15,
    "mutate_prob": 0.8,
    "crossover_eta": 5,
    "crossover_prob": 0.5,
    "error_message": null,
    "timestamp": "2024-06-23T11:26:00.942750"
}