{
    "algorithm_desc": "pygad_algorithm",
    "config_name": "two_way_overtaking",
    "random_seed": 1,
    "evaluation_time": 27.671359,
    "number_of_generations": 100,
    "population_size": 150,
    "num_parents_mating": 8,
    "best_solution": [
        1560.345763132224,
        1525.1195979777624,
        6.858737874718763,
        11.396960491461552,
        2199.8877636914813,
        3278.4046441881324,
        0.16586851250394474,
        0.5124875164436595,
        494.0284087502554,
        55.40252379295413,
        14.278584132572313,
        20.35442095071216
    ],
    "best_fitness": [
        -0.06920491586456493
    ],
    "mutate_eta": 5,
    "mutate_prob": 0.2,
    "crossover_eta": 20,
    "crossover_prob": 0.2,
    "error_message": null,
    "timestamp": "2024-06-22T01:26:41.341821"
}