{
    "algorithm_desc": "pygad_algorithm",
    "config_name": "two_way_overtaking",
    "random_seed": 1,
    "evaluation_time": 42.322704,
    "number_of_generations": 1000,
    "population_size": 20,
    "num_parents_mating": 8,
    "best_solution": [
        1974.464012092283,
        2386.3636679444953,
        13.601015327557064,
        0.35865025804020334,
        3113.2759870880363,
        2653.008318669844,
        7.745475514311192,
        -2.579240775568568,
        1005.8437605731939,
        989.4797960818852,
        15.212053067321328,
        19.299131537085422
    ],
    "best_fitness": [
        -0.7378602624976266
    ],
    "mutate_eta": 10,
    "mutate_prob": 0.8,
    "crossover_eta": 15,
    "crossover_prob": 0.5,
    "error_message": null,
    "timestamp": "2024-06-20T14:15:16.492164"
}