{
    "algorithm_desc": "pygad_algorithm",
    "config_name": "two_way_overtaking",
    "random_seed": 1,
    "evaluation_time": 5.620549,
    "number_of_generations": 2000,
    "population_size": 2,
    "num_parents_mating": 2,
    "best_solution": [
        1525.9318825312534,
        2047.50106162729,
        -10.392120637959845,
        -6.963953801326641,
        723.1317086635266,
        366.5564452227953,
        3.4267740981793544,
        -5.151944722939776,
        3224.6824281236222,
        2883.237690858277,
        -20.395072662278732,
        -12.723599911414588
    ],
    "best_fitness": [
        -0.5604646115713863
    ],
    "mutate_eta": 15,
    "mutate_prob": 0.8,
    "crossover_eta": 20,
    "crossover_prob": 0.5,
    "error_message": null,
    "timestamp": "2024-06-21T02:52:09.306024"
}