{
    "algorithm_desc": "pygad_algorithm",
    "config_name": "two_way_overtaking",
    "random_seed": 1,
    "evaluation_time": 1.911244,
    "number_of_generations": 200,
    "population_size": 5,
    "num_parents_mating": 4,
    "best_solution": [
        1196.856952418414,
        2653.391376176454,
        7.222736415396689,
        15.527989121200491,
        2695.4949980329175,
        2949.337029082614,
        14.205401835408203,
        -2.3685779859174296,
        881.9666173875847,
        832.7121594767656,
        9.024619891453142,
        20.57267596607241
    ],
    "best_fitness": [
        -0.7299416994325876
    ],
    "mutate_eta": 20,
    "mutate_prob": 0.5,
    "crossover_eta": 1,
    "crossover_prob": 0.2,
    "error_message": null,
    "timestamp": "2024-06-23T13:59:18.151814"
}