{
    "algorithm_desc": "pygad_algorithm",
    "config_name": "two_way_overtaking",
    "random_seed": 1,
    "evaluation_time": 2.223883,
    "number_of_generations": 50,
    "population_size": 20,
    "num_parents_mating": 8,
    "best_solution": [
        3110.7558997064966,
        2853.7579841253537,
        2.6980910317660936,
        -3.1372548244223246,
        2916.2076949332973,
        1208.7049081924742,
        -11.066317026253932,
        -0.4344075693098617,
        1710.9217459535614,
        3469.368576814822,
        16.592232430055653,
        -12.21039471163718
    ],
    "best_fitness": [
        -1.0287851080636696
    ],
    "mutate_eta": 20,
    "mutate_prob": 0.5,
    "crossover_eta": 20,
    "crossover_prob": 0.8,
    "error_message": null,
    "timestamp": "2024-06-23T15:05:01.461558"
}