{
    "algorithm_desc": "pygad_algorithm",
    "config_name": "two_way_overtaking",
    "random_seed": 1,
    "evaluation_time": 16.145955,
    "number_of_generations": 50,
    "population_size": 150,
    "num_parents_mating": 2,
    "best_solution": [
        2011.3999742145936,
        1010.3829090624297,
        18.16531352012921,
        18.75268273566033,
        2155.441634094462,
        3344.905322498948,
        16.79600355823608,
        7.0684283522258795,
        1100.0669185807824,
        357.42259105852173,
        19.42147967017865,
        19.19803548156178
    ],
    "best_fitness": [
        -0.6900773966483372
    ],
    "mutate_eta": 20,
    "mutate_prob": 0.8,
    "crossover_eta": 20,
    "crossover_prob": 1,
    "error_message": null,
    "timestamp": "2024-06-22T20:49:02.726165"
}