{
    "algorithm_desc": "pygad_algorithm",
    "config_name": "two_way_overtaking",
    "random_seed": 1,
    "evaluation_time": 170.180454,
    "number_of_generations": 400,
    "population_size": 200,
    "num_parents_mating": 8,
    "best_solution": [
        2782.6480085991575,
        1465.9834079280836,
        -9.332040296337258,
        -14.048788348807655,
        1500.8759577845287,
        190.65903344755165,
        -7.488185441833394,
        -5.490395270889019,
        3068.579619123827,
        3285.1104862737902,
        -8.514280718322162,
        -18.235366090894367
    ],
    "best_fitness": [
        -0.3536672510787257
    ],
    "mutate_eta": 10,
    "mutate_prob": 0.8,
    "crossover_eta": 5,
    "crossover_prob": 0.5,
    "error_message": null,
    "timestamp": "2024-06-23T10:10:25.839840"
}