{
    "algorithm_desc": "pygad_algorithm",
    "config_name": "two_way_overtaking",
    "random_seed": 1,
    "evaluation_time": 107.449722,
    "number_of_generations": 400,
    "population_size": 150,
    "num_parents_mating": 2,
    "best_solution": [
        1404.1167813705842,
        1738.441037649294,
        0.04361924159455555,
        9.836578547531957,
        1404.719123029391,
        3498.654300780546,
        0.0,
        1.900402376373755,
        1398.14335691641,
        8.05912018979138,
        0.49977009061129607,
        17.25388855405931
    ],
    "best_fitness": [
        -0.028141136017890932
    ],
    "mutate_eta": 5,
    "mutate_prob": 0.2,
    "crossover_eta": 15,
    "crossover_prob": 0.2,
    "error_message": null,
    "timestamp": "2024-06-22T11:52:41.867161"
}