{
    "algorithm_desc": "pygad_algorithm",
    "config_name": "two_way_overtaking",
    "random_seed": 1,
    "evaluation_time": 42.228045,
    "number_of_generations": 200,
    "population_size": 100,
    "num_parents_mating": 4,
    "best_solution": [
        1094.9711645587406,
        977.3970820173695,
        16.781797356805754,
        -6.0973982781461,
        3403.8400483795685,
        411.45713393433647,
        6.235649749900567,
        -5.526244795517725,
        311.08209130739993,
        2846.5645111173176,
        19.394670365077594,
        -10.864307400991867
    ],
    "best_fitness": [
        -0.5471647372250865
    ],
    "mutate_eta": 1,
    "mutate_prob": 0.8,
    "crossover_eta": 5,
    "crossover_prob": 1,
    "error_message": null,
    "timestamp": "2024-06-21T18:28:23.064433"
}