{
    "algorithm_desc": "pygad_algorithm",
    "config_name": "two_way_overtaking",
    "random_seed": 1,
    "evaluation_time": 100.265553,
    "number_of_generations": 1000,
    "population_size": 50,
    "num_parents_mating": 4,
    "best_solution": [
        898.5849578522807,
        1704.527772210716,
        6.187389167274585,
        -10.183983542438616,
        1907.4959781711375,
        198.43827280189674,
        2.6063557749934816,
        -3.024240136139653,
        328.31686062222036,
        3362.6841362642717,
        8.15456322048312,
        -13.95139601623319
    ],
    "best_fitness": [
        -0.14117986906375957
    ],
    "mutate_eta": 5,
    "mutate_prob": 0.5,
    "crossover_eta": 1,
    "crossover_prob": 0.5,
    "error_message": null,
    "timestamp": "2024-06-22T13:55:56.834629"
}