{
    "algorithm_desc": "pygad_algorithm",
    "config_name": "two_way_overtaking",
    "random_seed": 1,
    "evaluation_time": 1.239762,
    "number_of_generations": 400,
    "population_size": 2,
    "num_parents_mating": 2,
    "best_solution": [
        2523.208474892386,
        1072.021439194358,
        11.960501658577328,
        6.151392574258967,
        3353.49035969884,
        2376.7409279790036,
        8.973164137539996,
        2.049148812178146,
        274.9083382241787,
        542.9182956751276,
        11.143626477763899,
        -2.291329393921128
    ],
    "best_fitness": [
        -0.9665875959682124
    ],
    "mutate_eta": 15,
    "mutate_prob": 0.5,
    "crossover_eta": 1,
    "crossover_prob": 0.5,
    "error_message": null,
    "timestamp": "2024-06-22T07:21:30.372957"
}