{
    "algorithm_desc": "pygad_algorithm",
    "config_name": "two_way_overtaking",
    "random_seed": 1,
    "evaluation_time": 0.368123,
    "number_of_generations": 100,
    "population_size": 2,
    "num_parents_mating": 2,
    "best_solution": [
        2489.403685076714,
        1873.4136888510511,
        11.6960993282662,
        -3.307896734236685,
        2705.810686648373,
        366.5564452227953,
        10.702020946184824,
        0.24560498451587875,
        1097.7883352154345,
        2413.737896778452,
        16.992306879038175,
        -3.0873901878019936
    ],
    "best_fitness": [
        -0.7042388546334752
    ],
    "mutate_eta": 20,
    "mutate_prob": 0.8,
    "crossover_eta": 1,
    "crossover_prob": 0.8,
    "error_message": null,
    "timestamp": "2024-06-22T10:19:48.473357"
}