{
    "algorithm_desc": "pygad_algorithm",
    "config_name": "two_way_overtaking",
    "random_seed": 1,
    "evaluation_time": 4.060427,
    "number_of_generations": 100,
    "population_size": 20,
    "num_parents_mating": 4,
    "best_solution": [
        2020.2939036005632,
        1132.068883662322,
        -13.244395207592039,
        0.0,
        179.9488074013566,
        1693.0080799310294,
        -9.00278225,
        0.42276922478935575,
        3334.908933022506,
        1486.579355690472,
        -20.18102252657471,
        -2.34083520380878
    ],
    "best_fitness": [
        -0.3385877524232334
    ],
    "mutate_eta": 20,
    "mutate_prob": 0.5,
    "crossover_eta": 20,
    "crossover_prob": 0.8,
    "error_message": null,
    "timestamp": "2024-06-23T01:52:45.208108"
}