{
    "algorithm_desc": "pygad_algorithm",
    "config_name": "two_way_overtaking",
    "random_seed": 1,
    "evaluation_time": 2.192026,
    "number_of_generations": 100,
    "population_size": 10,
    "num_parents_mating": 8,
    "best_solution": [
        1906.9329411840738,
        2659.386723631012,
        17.137452771254473,
        5.5672509326264255,
        2991.33645103581,
        3344.101376217967,
        6.5638253710380035,
        -1.7671112510977203,
        1576.1417738428718,
        2239.3206228928357,
        17.280262063694167,
        7.4877558899082715
    ],
    "best_fitness": [
        -0.9662193793211162
    ],
    "mutate_eta": 10,
    "mutate_prob": 0.8,
    "crossover_eta": 20,
    "crossover_prob": 0.8,
    "error_message": null,
    "timestamp": "2024-06-21T06:11:48.745583"
}