{
    "algorithm_desc": "pygad_algorithm",
    "config_name": "two_way_overtaking",
    "random_seed": 1,
    "evaluation_time": 3.563557,
    "number_of_generations": 400,
    "population_size": 5,
    "num_parents_mating": 4,
    "best_solution": [
        2106.4484395037725,
        2380.9024081889033,
        -6.767870978234614,
        8.53453410373885,
        598.4557213005643,
        3464.5920866799042,
        -1.864667472357624,
        5.971763029792285,
        3290.405416709577,
        855.0147939931071,
        -14.315061257060494,
        18.398057533576925
    ],
    "best_fitness": [
        -0.21290796301157316
    ],
    "mutate_eta": 1,
    "mutate_prob": 0.2,
    "crossover_eta": 15,
    "crossover_prob": 1,
    "error_message": null,
    "timestamp": "2024-06-21T18:38:39.234792"
}