{
    "algorithm_desc": "pygad_algorithm",
    "config_name": "two_way_overtaking",
    "random_seed": 1,
    "evaluation_time": 57.54223,
    "number_of_generations": 200,
    "population_size": 150,
    "num_parents_mating": 10,
    "best_solution": [
        1287.828817697022,
        1703.3518905069452,
        0.0,
        7.039718692614521,
        1281.2534731806038,
        3486.664867687256,
        0.0,
        2.9091092164385444,
        1287.9531654242849,
        9.265724683156728,
        0.7161099937906208,
        19.152999806832135
    ],
    "best_fitness": [
        -0.032158125544261465
    ],
    "mutate_eta": 10,
    "mutate_prob": 0.2,
    "crossover_eta": 5,
    "crossover_prob": 0.5,
    "error_message": null,
    "timestamp": "2024-06-22T14:37:56.775781"
}