{
    "algorithm_desc": "pygad_algorithm",
    "config_name": "two_way_overtaking",
    "random_seed": 1,
    "evaluation_time": 15.735901,
    "number_of_generations": 50,
    "population_size": 150,
    "num_parents_mating": 4,
    "best_solution": [
        1907.9989080500297,
        2308.022539956854,
        7.465933362137886,
        -3.468506340567089,
        3373.1145180783706,
        1332.7100292216498,
        6.327334425897011,
        -1.9172501507346666,
        577.926396892435,
        3494.474996656914,
        18.800556212431673,
        -7.4271281490538446
    ],
    "best_fitness": [
        -0.32036149917132345
    ],
    "mutate_eta": 20,
    "mutate_prob": 0.5,
    "crossover_eta": 1,
    "crossover_prob": 0.8,
    "error_message": null,
    "timestamp": "2024-06-20T16:32:57.884221"
}