{
    "algorithm_desc": "pygad_algorithm",
    "config_name": "two_way_overtaking",
    "random_seed": 1,
    "evaluation_time": 9.415239,
    "number_of_generations": 100,
    "population_size": 50,
    "num_parents_mating": 2,
    "best_solution": [
        1452.7570369142854,
        1886.9961130221498,
        -6.625577393167315,
        -7.284644898603451,
        140.1359718881805,
        637.720353897505,
        -1.9875976046069503,
        -1.9075124594109347,
        2599.575861923703,
        3387.5399627708452,
        -15.753992771198662,
        -18.05594551695015
    ],
    "best_fitness": [
        -0.03420301726921818
    ],
    "mutate_eta": 15,
    "mutate_prob": 0.2,
    "crossover_eta": 5,
    "crossover_prob": 0.8,
    "error_message": null,
    "timestamp": "2024-06-22T22:19:52.276279"
}