{
    "algorithm_desc": "pygad_algorithm",
    "config_name": "two_way_overtaking",
    "random_seed": 1,
    "evaluation_time": 3.322478,
    "number_of_generations": 400,
    "population_size": 5,
    "num_parents_mating": 2,
    "best_solution": [
        824.0572176079883,
        2654.843686540815,
        17.263610520211287,
        16.071701351044574,
        2592.063082834982,
        3142.3472214565145,
        7.735040285896272,
        1.8158191264229302,
        181.048484304193,
        891.6063962333526,
        18.281033161926565,
        19.284216088440196
    ],
    "best_fitness": [
        -0.3023037502429147
    ],
    "mutate_eta": 1,
    "mutate_prob": 0.2,
    "crossover_eta": 5,
    "crossover_prob": 0.2,
    "error_message": null,
    "timestamp": "2024-06-23T07:38:51.139363"
}