{
    "algorithm_desc": "pygad_algorithm",
    "config_name": "two_way_overtaking",
    "random_seed": 1,
    "evaluation_time": 21.991641,
    "number_of_generations": 50,
    "population_size": 200,
    "num_parents_mating": 2,
    "best_solution": [
        2106.7185945782044,
        880.7962260946489,
        4.2380297887135505,
        18.937353937898948,
        2064.545678852571,
        2431.9076691134624,
        -0.06716005533549918,
        5.127117355311277,
        333.33405263383105,
        101.38549098392252,
        16.27487671940684,
        2.6029001551212545
    ],
    "best_fitness": [
        -0.7448450695414236
    ],
    "mutate_eta": 5,
    "mutate_prob": 0.8,
    "crossover_eta": 15,
    "crossover_prob": 1,
    "error_message": null,
    "timestamp": "2024-06-22T10:41:11.198586"
}