{
    "algorithm_desc": "pygad_algorithm",
    "config_name": "two_way_overtaking",
    "random_seed": 1,
    "evaluation_time": 19.718757,
    "number_of_generations": 1000,
    "population_size": 10,
    "num_parents_mating": 10,
    "best_solution": [
        2086.4949806405643,
        839.1632256182979,
        8.630980815467552,
        14.658833957120045,
        3168.848393421464,
        2516.0756646436994,
        4.156773669730942,
        9.454959877785615,
        407.57409216578674,
        69.70605219276321,
        17.779899725650274,
        17.4341584598957
    ],
    "best_fitness": [
        -0.2622549691221938
    ],
    "mutate_eta": 1,
    "mutate_prob": 0.5,
    "crossover_eta": 5,
    "crossover_prob": 0.5,
    "error_message": null,
    "timestamp": "2024-06-23T10:13:40.042733"
}