{
    "algorithm_desc": "pygad_algorithm",
    "config_name": "two_way_overtaking",
    "random_seed": 1,
    "evaluation_time": 42.595864,
    "number_of_generations": 400,
    "population_size": 50,
    "num_parents_mating": 4,
    "best_solution": [
        605.3958556851424,
        3096.8689334990754,
        -13.153093748262057,
        11.919747850294044,
        418.6106470815429,
        3468.081512317967,
        -4.234622673217466,
        6.709996195890199,
        1271.5144268467293,
        1221.6454604032845,
        -16.740266703142197,
        18.355587537635863
    ],
    "best_fitness": [
        -0.6783265797476834
    ],
    "mutate_eta": 1,
    "mutate_prob": 0.8,
    "crossover_eta": 1,
    "crossover_prob": 1,
    "error_message": null,
    "timestamp": "2024-06-22T16:12:15.960303"
}