{
    "algorithm_desc": "pygad_algorithm",
    "config_name": "two_way_overtaking",
    "random_seed": 1,
    "evaluation_time": 32.28414,
    "number_of_generations": 100,
    "population_size": 150,
    "num_parents_mating": 4,
    "best_solution": [
        1931.7413865712251,
        1953.4447994406216,
        2.804693401014273,
        -18.703473154108078,
        2062.319945915611,
        55.246613486713116,
        2.5601582550138566,
        -10.142703009512582,
        2881.2878479010487,
        2725.620541838536,
        -15.943648953905186,
        -18.745414884185376
    ],
    "best_fitness": [
        -0.6285068537154588
    ],
    "mutate_eta": 15,
    "mutate_prob": 0.8,
    "crossover_eta": 1,
    "crossover_prob": 1,
    "error_message": null,
    "timestamp": "2024-06-21T08:49:48.111473"
}