{
    "algorithm_desc": "pygad_algorithm",
    "config_name": "two_way_overtaking",
    "random_seed": 1,
    "evaluation_time": 2.315656,
    "number_of_generations": 50,
    "population_size": 20,
    "num_parents_mating": 10,
    "best_solution": [
        233.69061551797006,
        2007.5603636587437,
        15.655254984160301,
        19.56024958367366,
        1689.9896504639976,
        3422.250114681397,
        -4.966363847915639,
        17.156238116953887,
        621.6313937642658,
        588.6950483386368,
        -15.773956640170447,
        13.674180522178162
    ],
    "best_fitness": [
        -1.204763430567432
    ],
    "mutate_eta": 20,
    "mutate_prob": 0.8,
    "crossover_eta": 10,
    "crossover_prob": 1,
    "error_message": null,
    "timestamp": "2024-06-23T01:14:09.193743"
}