{
    "algorithm_desc": "pygad_algorithm",
    "config_name": "two_way_overtaking",
    "random_seed": 1,
    "evaluation_time": 86.387744,
    "number_of_generations": 400,
    "population_size": 100,
    "num_parents_mating": 4,
    "best_solution": [
        1611.6232795659155,
        2991.3911261497483,
        -5.801913426371069,
        -11.881176442498843,
        776.4372984040151,
        1698.2810365330215,
        -3.20612835698018,
        -4.6558929087088465,
        3395.4630417048547,
        3244.429419825149,
        -18.95634743518234,
        -10.864307400991867
    ],
    "best_fitness": [
        -0.41455350018946496
    ],
    "mutate_eta": 1,
    "mutate_prob": 0.8,
    "crossover_eta": 1,
    "crossover_prob": 1,
    "error_message": null,
    "timestamp": "2024-06-20T16:08:57.188226"
}