{
    "algorithm_desc": "pygad_algorithm",
    "config_name": "two_way_overtaking",
    "random_seed": 1,
    "evaluation_time": 5.29411,
    "number_of_generations": 50,
    "population_size": 50,
    "num_parents_mating": 10,
    "best_solution": [
        1944.0791730404264,
        1847.3583831607466,
        -19.503641761492688,
        17.318863759509192,
        440.8381696070377,
        2752.507594211482,
        -5.459543273401621,
        6.545580056430154,
        1428.9478772084328,
        476.3078797530501,
        16.89532424153675,
        9.00278225
    ],
    "best_fitness": [
        -0.8967848343417286
    ],
    "mutate_eta": 1,
    "mutate_prob": 0.5,
    "crossover_eta": 5,
    "crossover_prob": 0.8,
    "error_message": null,
    "timestamp": "2024-06-23T14:17:42.727054"
}