{
    "algorithm_desc": "pygad_algorithm",
    "config_name": "two_way_overtaking",
    "random_seed": 1,
    "evaluation_time": 17.065921,
    "number_of_generations": 400,
    "population_size": 20,
    "num_parents_mating": 8,
    "best_solution": [
        3407.7439870258972,
        1491.0091243918002,
        -15.006687435336373,
        12.93095126615217,
        2367.2382398267127,
        3284.3636464679826,
        -6.899839189742142,
        6.742374356334718,
        2207.6276059860475,
        221.66134973932762,
        8.542357932118488,
        18.875334220624822
    ],
    "best_fitness": [
        -0.7953315999254218
    ],
    "mutate_eta": 1,
    "mutate_prob": 1,
    "crossover_eta": 10,
    "crossover_prob": 1,
    "error_message": null,
    "timestamp": "2024-06-20T21:37:22.913014"
}