{
    "algorithm_desc": "pygad_algorithm",
    "config_name": "two_way_overtaking",
    "random_seed": 1,
    "evaluation_time": 35.136379,
    "number_of_generations": 2000,
    "population_size": 10,
    "num_parents_mating": 2,
    "best_solution": [
        1605.6906416490094,
        1537.8315161500661,
        -6.851398575702307,
        -12.556680415796624,
        664.7733451347643,
        3.830316155812641,
        -4.791064780563078,
        -8.818221647297031,
        2484.2607695794222,
        3136.7726084168135,
        -8.424480230001498,
        -15.805265992364333
    ],
    "best_fitness": [
        -0.014588623916568438
    ],
    "mutate_eta": 5,
    "mutate_prob": 0.2,
    "crossover_eta": 20,
    "crossover_prob": 0.8,
    "error_message": null,
    "timestamp": "2024-06-22T08:54:11.404429"
}