{
    "algorithm_desc": "pygad_algorithm",
    "config_name": "two_way_overtaking",
    "random_seed": 1,
    "evaluation_time": 434.371693,
    "number_of_generations": 1000,
    "population_size": 200,
    "num_parents_mating": 4,
    "best_solution": [
        567.2579928274264,
        2045.8450075470082,
        16.655725728687038,
        10.28470825500758,
        2408.1126578845265,
        3433.0265991312444,
        13.607460280059989,
        9.23635594333971,
        249.9900827013065,
        282.5491931263979,
        15.832928773049069,
        16.461951099721944
    ],
    "best_fitness": [
        -0.47222279619790597
    ],
    "mutate_eta": 10,
    "mutate_prob": 1,
    "crossover_eta": 10,
    "crossover_prob": 1,
    "error_message": null,
    "timestamp": "2024-06-22T22:29:48.210777"
}