{
    "algorithm_desc": "pygad_algorithm",
    "config_name": "two_way_overtaking",
    "random_seed": 1,
    "evaluation_time": 36.071318,
    "number_of_generations": 1000,
    "population_size": 20,
    "num_parents_mating": 8,
    "best_solution": [
        1736.6747757255052,
        1736.841817755984,
        -8.679570019018051,
        -4.4792766502581784,
        234.1433144646425,
        800.9928358135147,
        -5.973756932844614,
        -2.873341954118338,
        3336.172015802406,
        2654.4563638098543,
        -18.851190800816756,
        -9.215491635690324
    ],
    "best_fitness": [
        -0.052986583053526194
    ],
    "mutate_eta": 1,
    "mutate_prob": 0.2,
    "crossover_eta": 1,
    "crossover_prob": 0.2,
    "error_message": null,
    "timestamp": "2024-06-22T05:20:21.384344"
}