{
    "algorithm_desc": "pygad_algorithm",
    "config_name": "two_way_overtaking",
    "random_seed": 1,
    "evaluation_time": 642.798473,
    "number_of_generations": 2000,
    "population_size": 150,
    "num_parents_mating": 10,
    "best_solution": [
        1536.7856391066475,
        1447.8269933220624,
        -10.359906507832008,
        -13.163417561162877,
        855.3835029036564,
        675.4706779527152,
        -0.9139402168696229,
        -1.4093031183716036,
        2262.204217899425,
        3202.8862572328935,
        -11.404225020757835,
        -15.224580444928332
    ],
    "best_fitness": [
        -0.3189665078236369
    ],
    "mutate_eta": 20,
    "mutate_prob": 0.8,
    "crossover_eta": 5,
    "crossover_prob": 0.5,
    "error_message": null,
    "timestamp": "2024-06-21T21:28:02.591267"
}