{
    "algorithm_desc": "pygad_algorithm",
    "config_name": "two_way_overtaking",
    "random_seed": 1,
    "evaluation_time": 34.469244,
    "number_of_generations": 2000,
    "population_size": 10,
    "num_parents_mating": 2,
    "best_solution": [
        2769.8170289433656,
        1712.3344292520333,
        -5.132605601410555,
        -11.96478285908954,
        2033.3420499247852,
        40.95339202821652,
        -3.9179321961938953,
        -8.908989608821466,
        3478.1691213560384,
        3369.661828027156,
        -8.083500264802922,
        -20.085676600569872
    ],
    "best_fitness": [
        -0.000537931783784334
    ],
    "mutate_eta": 5,
    "mutate_prob": 0.2,
    "crossover_eta": 20,
    "crossover_prob": 0.5,
    "error_message": null,
    "timestamp": "2024-06-20T20:58:28.496857"
}