{
    "algorithm_desc": "pygad_algorithm",
    "config_name": "two_way_overtaking",
    "random_seed": 1,
    "evaluation_time": 2.113593,
    "number_of_generations": 100,
    "population_size": 10,
    "num_parents_mating": 10,
    "best_solution": [
        2164.797484192299,
        2851.1671344157935,
        -18.350709139897436,
        -6.350353892001204,
        456.7873496874309,
        2948.5603348474474,
        -11.46256642262252,
        4.87059241940986,
        1859.507336683703,
        869.017551489845,
        -8.433659270347652,
        15.338113784491448
    ],
    "best_fitness": [
        -1.0613965796779232
    ],
    "mutate_eta": 10,
    "mutate_prob": 0.8,
    "crossover_eta": 5,
    "crossover_prob": 0.5,
    "error_message": null,
    "timestamp": "2024-06-21T10:39:02.198027"
}