{
    "algorithm_desc": "pygad_algorithm",
    "config_name": "two_way_overtaking",
    "random_seed": 1,
    "evaluation_time": 41.985296,
    "number_of_generations": 1000,
    "population_size": 20,
    "num_parents_mating": 8,
    "best_solution": [
        1491.0091243918002,
        1965.0752327075768,
        11.155031675800505,
        11.229204422307188,
        2312.43243306992,
        2339.854566782028,
        6.742374356334718,
        5.381122205101949,
        906.0173377588927,
        251.95872859758506,
        11.539863217557738,
        15.152763622870324
    ],
    "best_fitness": [
        -0.5622244489520021
    ],
    "mutate_eta": 15,
    "mutate_prob": 0.8,
    "crossover_eta": 1,
    "crossover_prob": 1,
    "error_message": null,
    "timestamp": "2024-06-22T04:32:48.498707"
}