{
    "algorithm_desc": "pygad_algorithm",
    "config_name": "two_way_overtaking",
    "random_seed": 1,
    "evaluation_time": 0.994928,
    "number_of_generations": 50,
    "population_size": 10,
    "num_parents_mating": 2,
    "best_solution": [
        549.9719409228703,
        1127.4532976516937,
        -5.728598214711768,
        -15.25370895998682,
        549.9719409228703,
        381.72734896571006,
        0.0,
        -9.00278225,
        1050.2269679697592,
        2778.8966295787995,
        -8.4856578019023,
        -20.209894092988442
    ],
    "best_fitness": [
        -0.5209172297046215
    ],
    "mutate_eta": 5,
    "mutate_prob": 0.2,
    "crossover_eta": 20,
    "crossover_prob": 0.8,
    "error_message": null,
    "timestamp": "2024-06-21T05:34:16.157871"
}