{
    "algorithm_desc": "pygad_algorithm",
    "config_name": "two_way_overtaking",
    "random_seed": 1,
    "evaluation_time": 1.861924,
    "number_of_generations": 50,
    "population_size": 20,
    "num_parents_mating": 4,
    "best_solution": [
        1232.6427624462347,
        1649.915822768611,
        -11.61008030096251,
        -12.656383764028678,
        328.5316188826559,
        81.09055761380868,
        -2.2419795337565525,
        -5.987857119013668,
        2472.755605833228,
        2971.9589227439706,
        -15.567764315957575,
        -18.565389347623075
    ],
    "best_fitness": [
        -0.16495085690153294
    ],
    "mutate_eta": 20,
    "mutate_prob": 0.2,
    "crossover_eta": 5,
    "crossover_prob": 0.2,
    "error_message": null,
    "timestamp": "2024-06-22T01:04:54.889579"
}