{
    "algorithm_desc": "pygad_algorithm",
    "config_name": "two_way_overtaking",
    "random_seed": 1,
    "evaluation_time": 78.81736,
    "number_of_generations": 200,
    "population_size": 200,
    "num_parents_mating": 2,
    "best_solution": [
        3085.0171727836405,
        1828.2122730001665,
        0.2688171768942773,
        3.9300819761551153,
        3198.132996496494,
        3487.7071964500046,
        0.09480659114259993,
        2.461214638584874,
        2899.505416332935,
        8.842853000664952,
        3.7292872012240252,
        12.535496655133663
    ],
    "best_fitness": [
        -0.10685005390462514
    ],
    "mutate_eta": 20,
    "mutate_prob": 0.5,
    "crossover_eta": 20,
    "crossover_prob": 0.2,
    "error_message": null,
    "timestamp": "2024-06-23T02:24:14.097929"
}