{
    "algorithm_desc": "pygad_algorithm",
    "config_name": "two_way_overtaking",
    "random_seed": 1,
    "evaluation_time": 18.101836,
    "number_of_generations": 2000,
    "population_size": 5,
    "num_parents_mating": 2,
    "best_solution": [
        2959.9248518262884,
        1675.0954137830395,
        2.443535615122183,
        -12.830776659606684,
        3176.3799373742777,
        485.71012114648596,
        -0.45628794169856235,
        -7.181058318681641,
        3080.474515719174,
        3417.743449175417,
        4.893788588471118,
        -18.572520051541375
    ],
    "best_fitness": [
        -0.4537154124544814
    ],
    "mutate_eta": 15,
    "mutate_prob": 0.8,
    "crossover_eta": 1,
    "crossover_prob": 0.2,
    "error_message": null,
    "timestamp": "2024-06-21T01:08:09.778837"
}