{
    "algorithm_desc": "pygad_algorithm",
    "config_name": "two_way_overtaking",
    "random_seed": 1,
    "evaluation_time": 78.977039,
    "number_of_generations": 400,
    "population_size": 100,
    "num_parents_mating": 4,
    "best_solution": [
        1682.868569793909,
        1601.35917563528,
        8.507666362598332,
        -8.303471475069328,
        2988.153519052626,
        213.6152845706686,
        1.049627732036555,
        -1.819811166753638,
        598.4425933420425,
        2793.804838569069,
        15.243666990395205,
        -16.674470247800677
    ],
    "best_fitness": [
        -0.1375332078491368
    ],
    "mutate_eta": 20,
    "mutate_prob": 0.5,
    "crossover_eta": 1,
    "crossover_prob": 0.2,
    "error_message": null,
    "timestamp": "2024-06-21T05:08:56.447600"
}