{
    "algorithm_desc": "pygad_algorithm",
    "config_name": "two_way_overtaking",
    "random_seed": 1,
    "evaluation_time": 2.179008,
    "number_of_generations": 100,
    "population_size": 10,
    "num_parents_mating": 4,
    "best_solution": [
        2318.244377283854,
        1929.821049993841,
        0.76405065072138,
        6.810344501028837,
        2051.170277946295,
        3293.995187220781,
        14.385192278700913,
        6.985600161758647,
        2035.1436596063677,
        944.1188756087126,
        2.737782424237267,
        14.405601239987789
    ],
    "best_fitness": [
        -1.0932739599947603
    ],
    "mutate_eta": 20,
    "mutate_prob": 0.8,
    "crossover_eta": 20,
    "crossover_prob": 1,
    "error_message": null,
    "timestamp": "2024-06-23T08:00:46.959725"
}