{
    "algorithm_desc": "pygad_algorithm",
    "config_name": "two_way_overtaking",
    "random_seed": 1,
    "evaluation_time": 820.015061,
    "number_of_generations": 2000,
    "population_size": 200,
    "num_parents_mating": 8,
    "best_solution": [
        1519.4398468752397,
        1320.6476573117943,
        15.376608911449736,
        13.837414906465142,
        3062.555135896838,
        2228.142835981263,
        3.436800762163152,
        1.8077923227255042,
        191.00933742056858,
        19.23458473806222,
        18.55515317179094,
        18.064209332356327
    ],
    "best_fitness": [
        -0.09885683549613727
    ],
    "mutate_eta": 15,
    "mutate_prob": 0.5,
    "crossover_eta": 15,
    "crossover_prob": 1,
    "error_message": null,
    "timestamp": "2024-06-21T14:23:17.110448"
}