{
    "algorithm_desc": "pygad_algorithm",
    "config_name": "two_way_overtaking",
    "random_seed": 1,
    "evaluation_time": 2.066095,
    "number_of_generations": 100,
    "population_size": 10,
    "num_parents_mating": 4,
    "best_solution": [
        84.25791865469529,
        1392.4110646658503,
        15.875109371442846,
        -17.48961857067638,
        382.8401996775461,
        1055.2161788436106,
        6.730439353032814,
        -6.031825846295876,
        549.6089619008351,
        3145.0317935366425,
        -13.451693899120961,
        -5.607830689546079
    ],
    "best_fitness": [
        -1.1353442767635398
    ],
    "mutate_eta": 15,
    "mutate_prob": 0.8,
    "crossover_eta": 1,
    "crossover_prob": 0.2,
    "error_message": null,
    "timestamp": "2024-06-22T19:08:34.325182"
}