{
    "algorithm_desc": "pygad_algorithm",
    "config_name": "two_way_overtaking",
    "random_seed": 1,
    "evaluation_time": 7.975015,
    "number_of_generations": 200,
    "population_size": 20,
    "num_parents_mating": 8,
    "best_solution": [
        2590.928161906181,
        1972.7173880824344,
        -8.037581353274955,
        9.565463014282592,
        1917.893369357896,
        2493.3696710256354,
        -2.41692481438292,
        3.8791501355962126,
        3430.131569418557,
        580.3433761589552,
        -4.020780973581552,
        17.905108121907055
    ],
    "best_fitness": [
        -0.6822200449817579
    ],
    "mutate_eta": 20,
    "mutate_prob": 0.5,
    "crossover_eta": 20,
    "crossover_prob": 0.5,
    "error_message": null,
    "timestamp": "2024-06-21T01:05:56.157399"
}