{
    "algorithm_desc": "pygad_algorithm",
    "config_name": "two_way_overtaking",
    "random_seed": 1,
    "evaluation_time": 5.354199,
    "number_of_generations": 50,
    "population_size": 50,
    "num_parents_mating": 4,
    "best_solution": [
        2523.357132675422,
        1192.0144224722362,
        4.177288203194795,
        6.753637582906467,
        3370.89054530383,
        2061.177645568397,
        5.055595447633372,
        5.443031110676866,
        905.4891254077742,
        982.8724209448346,
        18.750718283229503,
        12.61272589328842
    ],
    "best_fitness": [
        -0.8351873859107998
    ],
    "mutate_eta": 5,
    "mutate_prob": 0.8,
    "crossover_eta": 20,
    "crossover_prob": 0.8,
    "error_message": null,
    "timestamp": "2024-06-21T18:38:52.077634"
}