{
    "algorithm_desc": "pygad_algorithm",
    "config_name": "two_way_overtaking",
    "random_seed": 1,
    "evaluation_time": 5.573426,
    "number_of_generations": 50,
    "population_size": 50,
    "num_parents_mating": 4,
    "best_solution": [
        2290.4331123484567,
        3099.689443374924,
        5.004056029728353,
        -12.631685103129744,
        3379.997370126171,
        1454.3491390287625,
        1.060630188545037,
        -2.3595393130694795,
        355.024452954376,
        2291.71861566805,
        5.396120059696258,
        -9.0351802327577
    ],
    "best_fitness": [
        -0.962706100786953
    ],
    "mutate_eta": 10,
    "mutate_prob": 0.8,
    "crossover_eta": 10,
    "crossover_prob": 1,
    "error_message": null,
    "timestamp": "2024-06-22T01:27:56.140466"
}