{
    "algorithm_desc": "pygad_algorithm",
    "config_name": "two_way_overtaking",
    "random_seed": 1,
    "evaluation_time": 0.979915,
    "number_of_generations": 100,
    "population_size": 5,
    "num_parents_mating": 4,
    "best_solution": [
        258.7206613075644,
        2603.390489262825,
        -10.295039341346802,
        -18.178036662635147,
        418.0996761680515,
        549.9719409228703,
        3.8452662748073685,
        -7.126882909849849,
        2391.8986626072347,
        2370.083862763717,
        -9.889751037531738,
        8.133269637313784
    ],
    "best_fitness": [
        -1.1658718107015575
    ],
    "mutate_eta": 15,
    "mutate_prob": 0.2,
    "crossover_eta": 20,
    "crossover_prob": 0.5,
    "error_message": null,
    "timestamp": "2024-06-22T13:14:03.715796"
}