{
    "algorithm_desc": "pygad_algorithm",
    "config_name": "two_way_overtaking",
    "random_seed": 1,
    "evaluation_time": 19.38053,
    "number_of_generations": 1000,
    "population_size": 10,
    "num_parents_mating": 2,
    "best_solution": [
        2657.555498947049,
        1176.1211902704238,
        10.612894582195903,
        19.36910829216965,
        3158.5023546871753,
        3042.7593980463257,
        2.783506705915684,
        6.708457600391007,
        2068.3988932357424,
        271.05489112804923,
        12.800902046808211,
        18.008383992558834
    ],
    "best_fitness": [
        -0.715061860145052
    ],
    "mutate_eta": 5,
    "mutate_prob": 0.8,
    "crossover_eta": 1,
    "crossover_prob": 0.5,
    "error_message": null,
    "timestamp": "2024-06-22T20:55:09.952434"
}