{
    "algorithm_desc": "pygad_algorithm",
    "config_name": "two_way_overtaking",
    "random_seed": 1,
    "evaluation_time": 20.469596,
    "number_of_generations": 200,
    "population_size": 50,
    "num_parents_mating": 2,
    "best_solution": [
        1582.0183176040555,
        2496.1340020867287,
        -7.948186475442791,
        4.24675373071695,
        111.5436022080064,
        3396.437372728717,
        -6.8595167599112425,
        3.7040432308303792,
        2656.334835940453,
        1056.9377844565379,
        -16.19595096062037,
        13.207548215126096
    ],
    "best_fitness": [
        -0.16387377289052898
    ],
    "mutate_eta": 1,
    "mutate_prob": 0.5,
    "crossover_eta": 1,
    "crossover_prob": 0.8,
    "error_message": null,
    "timestamp": "2024-06-23T15:36:12.218591"
}