{
    "algorithm_desc": "pygad_algorithm",
    "config_name": "two_way_overtaking",
    "random_seed": 1,
    "evaluation_time": 19.926963,
    "number_of_generations": 200,
    "population_size": 50,
    "num_parents_mating": 2,
    "best_solution": [
        1589.8177754384133,
        1623.0761406166007,
        1.8433902748444133,
        -10.36838929810527,
        2914.317326298362,
        139.187837591272,
        1.6332584934234227,
        -1.0051446794712469,
        1737.635002746735,
        3413.7433469255793,
        1.4596776558120368,
        -14.4614351526686
    ],
    "best_fitness": [
        -0.34170606955653143
    ],
    "mutate_eta": 15,
    "mutate_prob": 0.5,
    "crossover_eta": 5,
    "crossover_prob": 0.5,
    "error_message": null,
    "timestamp": "2024-06-22T13:02:31.383377"
}