{
    "algorithm_desc": "pygad_algorithm",
    "config_name": "two_way_overtaking",
    "random_seed": 1,
    "evaluation_time": 90.243657,
    "number_of_generations": 1000,
    "population_size": 50,
    "num_parents_mating": 2,
    "best_solution": [
        2473.2743532769223,
        1491.8801137012722,
        -6.139976049083463,
        -9.103363309712693,
        1429.1094543312229,
        11.172360461024656,
        -3.958781429464981,
        -5.618232490437714,
        3371.66180978008,
        3059.4235607862233,
        -7.563351175481765,
        -11.964800266139537
    ],
    "best_fitness": [
        -0.018942744919041216
    ],
    "mutate_eta": 20,
    "mutate_prob": 0.2,
    "crossover_eta": 5,
    "crossover_prob": 0.5,
    "error_message": null,
    "timestamp": "2024-06-20T15:52:33.857175"
}