{
    "algorithm_desc": "pygad_algorithm",
    "config_name": "two_way_overtaking",
    "random_seed": 1,
    "evaluation_time": 41.10592,
    "number_of_generations": 1000,
    "population_size": 20,
    "num_parents_mating": 8,
    "best_solution": [
        1371.8076278328574,
        1476.3256022143778,
        -4.534247150994837,
        10.714989577688915,
        96.79712675819063,
        3073.945634564558,
        -3.090315875670708,
        5.612634079569187,
        2092.894306346903,
        578.023902370169,
        -18.874723425975237,
        18.340036117272902
    ],
    "best_fitness": [
        -0.4894501777639074
    ],
    "mutate_eta": 1,
    "mutate_prob": 0.8,
    "crossover_eta": 20,
    "crossover_prob": 0.8,
    "error_message": null,
    "timestamp": "2024-06-21T04:46:31.545578"
}