{
    "algorithm_desc": "pygad_algorithm",
    "config_name": "two_way_overtaking",
    "random_seed": 1,
    "evaluation_time": 54.601468,
    "number_of_generations": 200,
    "population_size": 150,
    "num_parents_mating": 2,
    "best_solution": [
        1404.1167813705842,
        1715.3438346104488,
        0.04361924159455555,
        9.836578547531957,
        1404.719123029391,
        3485.7784391847918,
        0.0,
        6.355617461959977,
        1398.14335691641,
        9.265724683156728,
        0.49977009061129607,
        17.242742286027017
    ],
    "best_fitness": [
        -0.031875754046699595
    ],
    "mutate_eta": 20,
    "mutate_prob": 0.2,
    "crossover_eta": 20,
    "crossover_prob": 0.2,
    "error_message": null,
    "timestamp": "2024-06-23T15:56:54.928212"
}