{
    "algorithm_desc": "pygad_algorithm",
    "config_name": "two_way_overtaking",
    "random_seed": 1,
    "evaluation_time": 18.399684,
    "number_of_generations": 200,
    "population_size": 50,
    "num_parents_mating": 2,
    "best_solution": [
        2473.2743532769223,
        1490.8816889173083,
        -6.172974743160841,
        -9.103363309712693,
        1429.1094543312229,
        10.522878534280855,
        -3.9923717973518684,
        -5.618232490437714,
        3350.65079911887,
        3061.6402118299643,
        -7.563351175481765,
        -11.985565104785179
    ],
    "best_fitness": [
        -0.023488836034424653
    ],
    "mutate_eta": 5,
    "mutate_prob": 0.2,
    "crossover_eta": 15,
    "crossover_prob": 0.5,
    "error_message": null,
    "timestamp": "2024-06-23T13:36:58.385555"
}