{
    "algorithm_desc": "pygad_algorithm",
    "config_name": "two_way_overtaking",
    "random_seed": 1,
    "evaluation_time": 48.616814,
    "number_of_generations": 200,
    "population_size": 100,
    "num_parents_mating": 4,
    "best_solution": [
        1183.6589362839866,
        1470.14962823842,
        -1.9266777414655962,
        14.765409092066285,
        945.0212200789448,
        3332.993581616819,
        0.009528105069147585,
        8.652929895100115,
        1289.862734917289,
        198.19706491350053,
        -1.832286877862206,
        19.901595136633674
    ],
    "best_fitness": [
        -0.21842952317329858
    ],
    "mutate_eta": 1,
    "mutate_prob": 0.5,
    "crossover_eta": 1,
    "crossover_prob": 0.5,
    "error_message": null,
    "timestamp": "2024-06-20T13:54:10.101410"
}