{
    "algorithm_desc": "pygad_algorithm",
    "config_name": "two_way_overtaking",
    "random_seed": 1,
    "evaluation_time": 9.449597,
    "number_of_generations": 50,
    "population_size": 100,
    "num_parents_mating": 8,
    "best_solution": [
        1616.0571698236213,
        2749.8597046143514,
        14.6297375031753,
        0.0,
        3388.0499259171097,
        2752.799111595682,
        8.247859900248244,
        0.0,
        81.3391399567437,
        2749.8597046143514,
        20.24446992222215,
        -0.4091630785740925
    ],
    "best_fitness": [
        -0.07787435988058883
    ],
    "mutate_eta": 10,
    "mutate_prob": 0.2,
    "crossover_eta": 15,
    "crossover_prob": 0.2,
    "error_message": null,
    "timestamp": "2024-06-22T01:24:51.769032"
}