{
    "algorithm_desc": "pygad_algorithm",
    "config_name": "two_way_overtaking",
    "random_seed": 1,
    "evaluation_time": 413.05534,
    "number_of_generations": 2000,
    "population_size": 100,
    "num_parents_mating": 4,
    "best_solution": [
        1256.605676113837,
        1881.7717274928928,
        -15.109771836752056,
        -15.543155953274919,
        74.1180600149105,
        998.6784394463789,
        -2.9235076846254877,
        -7.5819090361225925,
        3297.3468663410913,
        2820.104349378664,
        -20.20729111474303,
        -17.065719763195055
    ],
    "best_fitness": [
        -0.43866165785468353
    ],
    "mutate_eta": 15,
    "mutate_prob": 0.8,
    "crossover_eta": 5,
    "crossover_prob": 0.2,
    "error_message": null,
    "timestamp": "2024-06-22T18:20:16.617906"
}