{
    "algorithm_desc": "pygad_algorithm",
    "config_name": "two_way_overtaking",
    "random_seed": 1,
    "evaluation_time": 40.693568,
    "number_of_generations": 400,
    "population_size": 50,
    "num_parents_mating": 8,
    "best_solution": [
        1482.2542803745807,
        1175.6029773816692,
        7.485198081694556,
        5.761970220883914,
        3142.613385029408,
        2839.8023101808553,
        5.979010302407737,
        3.245474166880559,
        48.34536304510356,
        221.75622817636386,
        15.879933740217574,
        9.446501294434395
    ],
    "best_fitness": [
        -0.30669872375767543
    ],
    "mutate_eta": 5,
    "mutate_prob": 0.5,
    "crossover_eta": 20,
    "crossover_prob": 1,
    "error_message": null,
    "timestamp": "2024-06-22T22:29:07.333224"
}