{
    "algorithm_desc": "pygad_algorithm",
    "config_name": "two_way_overtaking",
    "random_seed": 1,
    "evaluation_time": 38.717525,
    "number_of_generations": 200,
    "population_size": 100,
    "num_parents_mating": 10,
    "best_solution": [
        1716.9064113725822,
        2193.401631792195,
        -6.4173196999003945,
        5.398618827326995,
        292.74618889125196,
        3348.634658928637,
        -2.352598552070468,
        1.9078411954513186,
        3169.4074350553856,
        982.5021568207849,
        -16.852363173906657,
        15.099512160475896
    ],
    "best_fitness": [
        -0.0014009494908733375
    ],
    "mutate_eta": 5,
    "mutate_prob": 0.2,
    "crossover_eta": 15,
    "crossover_prob": 0.8,
    "error_message": null,
    "timestamp": "2024-06-20T16:55:06.465034"
}