{
    "algorithm_desc": "pygad_algorithm",
    "config_name": "two_way_overtaking",
    "random_seed": 1,
    "evaluation_time": 127.1566,
    "number_of_generations": 400,
    "population_size": 150,
    "num_parents_mating": 2,
    "best_solution": [
        1103.1993981180917,
        2291.2418421319717,
        14.612282529277884,
        -16.73444236327148,
        2740.033804352949,
        1539.1070507551055,
        3.1435663149972726,
        0.4313172086831649,
        345.3004882512661,
        3416.5389492923787,
        19.42147967017865,
        -18.94070893300313
    ],
    "best_fitness": [
        -0.5401167705474824
    ],
    "mutate_eta": 1,
    "mutate_prob": 0.8,
    "crossover_eta": 1,
    "crossover_prob": 1,
    "error_message": null,
    "timestamp": "2024-06-21T12:16:44.387575"
}