{
    "algorithm_desc": "pygad_algorithm",
    "config_name": "two_way_overtaking",
    "random_seed": 1,
    "evaluation_time": 1.123166,
    "number_of_generations": 50,
    "population_size": 10,
    "num_parents_mating": 10,
    "best_solution": [
        1285.3834985414894,
        1452.5246273467828,
        9.260411394774117,
        2.61375636872112,
        1929.3982712754805,
        3132.0307690453405,
        3.9454593662139494,
        8.696630451556889,
        222.16442457349999,
        808.2959791274344,
        17.25745474605793,
        10.623582781966697
    ],
    "best_fitness": [
        -0.8483015730102864
    ],
    "mutate_eta": 5,
    "mutate_prob": 0.5,
    "crossover_eta": 5,
    "crossover_prob": 0.5,
    "error_message": null,
    "timestamp": "2024-06-22T10:41:09.978545"
}