{
    "algorithm_desc": "pygad_algorithm",
    "config_name": "two_way_overtaking",
    "random_seed": 1,
    "evaluation_time": 9.745269,
    "number_of_generations": 50,
    "population_size": 100,
    "num_parents_mating": 8,
    "best_solution": [
        1905.3061087267906,
        3299.8316455372214,
        9.00278225,
        0.0,
        3388.0499259171097,
        3299.8316455372214,
        8.977714874382222,
        0.0,
        81.3391399567437,
        3299.8316455372214,
        17.117585663595626,
        0.4401601600297056
    ],
    "best_fitness": [
        -0.08246338177963823
    ],
    "mutate_eta": 15,
    "mutate_prob": 0.2,
    "crossover_eta": 5,
    "crossover_prob": 0.8,
    "error_message": null,
    "timestamp": "2024-06-22T21:07:51.384531"
}