{
    "algorithm_desc": "pygad_algorithm",
    "config_name": "two_way_overtaking",
    "random_seed": 1,
    "evaluation_time": 55.352857,
    "number_of_generations": 200,
    "population_size": 150,
    "num_parents_mating": 4,
    "best_solution": [
        1669.1764392984048,
        1913.7423617183329,
        10.220632781879313,
        9.00278225,
        3118.2293434942035,
        3137.696538222034,
        4.338703451083116,
        3.658249778129921,
        266.80560858897604,
        675.2592637402214,
        18.743686845446014,
        17.37904379878953
    ],
    "best_fitness": [
        -0.0005743397408665052
    ],
    "mutate_eta": 1,
    "mutate_prob": 0.2,
    "crossover_eta": 1,
    "crossover_prob": 1,
    "error_message": null,
    "timestamp": "2024-06-21T09:46:29.248944"
}