{
    "algorithm_desc": "pygad_algorithm",
    "config_name": "two_way_overtaking",
    "random_seed": 1,
    "evaluation_time": 4.670281,
    "number_of_generations": 50,
    "population_size": 50,
    "num_parents_mating": 2,
    "best_solution": [
        2473.2743532769223,
        1467.6743770746584,
        -6.172974743160841,
        -9.646166441210545,
        1429.1094543312229,
        10.522878534280855,
        -3.9923717973518684,
        -5.482911333093272,
        3341.997403882607,
        3047.3307503093138,
        -7.563351175481765,
        -11.96083584922581
    ],
    "best_fitness": [
        -0.04500502694576085
    ],
    "mutate_eta": 20,
    "mutate_prob": 0.2,
    "crossover_eta": 1,
    "crossover_prob": 0.5,
    "error_message": null,
    "timestamp": "2024-06-23T12:46:03.450421"
}