{
    "algorithm_desc": "pygad_algorithm",
    "config_name": "two_way_overtaking",
    "random_seed": 1,
    "evaluation_time": 301.980544,
    "number_of_generations": 1000,
    "population_size": 150,
    "num_parents_mating": 8,
    "best_solution": [
        1621.3756807224725,
        2347.328630232499,
        -11.47578803653213,
        3.138158036113296,
        293.03159228836006,
        2692.0216723638137,
        -8.113793229922575,
        2.3319345846315223,
        3494.9900968642787,
        1899.8860051135396,
        -19.940960794145564,
        6.89527194794022
    ],
    "best_fitness": [
        -0.1655679216393738
    ],
    "mutate_eta": 10,
    "mutate_prob": 0.5,
    "crossover_eta": 1,
    "crossover_prob": 0.2,
    "error_message": null,
    "timestamp": "2024-06-21T14:08:21.809154"
}