{
    "algorithm_desc": "pygad_algorithm",
    "config_name": "two_way_overtaking",
    "random_seed": 1,
    "evaluation_time": 355.396002,
    "number_of_generations": 2000,
    "population_size": 100,
    "num_parents_mating": 2,
    "best_solution": [
        2572.1802991677614,
        1812.1836838728113,
        -1.7910767348494296,
        3.4492170669973774,
        1801.4519976720862,
        3441.949630206391,
        -0.5321417747252326,
        1.1294683573056616,
        3410.6200923570254,
        196.7667074360916,
        -2.8922228093862756,
        5.312682425095382
    ],
    "best_fitness": [
        -0.000404258906845283
    ],
    "mutate_eta": 5,
    "mutate_prob": 0.2,
    "crossover_eta": 20,
    "crossover_prob": 0.2,
    "error_message": null,
    "timestamp": "2024-06-23T08:45:06.085044"
}