{
    "algorithm_desc": "pygad_algorithm",
    "config_name": "two_way_overtaking",
    "random_seed": 1,
    "evaluation_time": 410.440998,
    "number_of_generations": 2000,
    "population_size": 100,
    "num_parents_mating": 10,
    "best_solution": [
        1740.7504092686438,
        2319.4964783163177,
        6.493242969480178,
        -8.02296277537394,
        2798.9474297580878,
        797.5801272244306,
        3.8698800600124166,
        -5.129989787619257,
        163.44323187875736,
        3469.1164628683237,
        13.986501217458027,
        -15.17077773797332
    ],
    "best_fitness": [
        -0.13034798084722438
    ],
    "mutate_eta": 5,
    "mutate_prob": 0.5,
    "crossover_eta": 5,
    "crossover_prob": 1,
    "error_message": null,
    "timestamp": "2024-06-22T12:18:05.640547"
}