{
    "algorithm_desc": "pygad_algorithm",
    "config_name": "two_way_overtaking",
    "random_seed": 1,
    "evaluation_time": 162.377914,
    "number_of_generations": 400,
    "population_size": 200,
    "num_parents_mating": 2,
    "best_solution": [
        1373.312255722239,
        1724.2894776312758,
        9.348988555632118,
        -9.152018395820628,
        2635.3846868427527,
        464.03708639457955,
        4.679811946179068,
        -5.025777479191664,
        188.68884373381738,
        3079.8636499474214,
        16.21161946227143,
        -18.202700840062224
    ],
    "best_fitness": [
        -0.03691512104666223
    ],
    "mutate_eta": 10,
    "mutate_prob": 0.5,
    "crossover_eta": 10,
    "crossover_prob": 0.5,
    "error_message": null,
    "timestamp": "2024-06-23T15:18:47.599779"
}