{
    "algorithm_desc": "pygad_algorithm",
    "config_name": "two_way_overtaking",
    "random_seed": 1,
    "evaluation_time": 10.369579,
    "number_of_generations": 50,
    "population_size": 100,
    "num_parents_mating": 2,
    "best_solution": [
        2720.3588882946156,
        1934.2609924970704,
        13.724998246633525,
        -9.005811785507237,
        3098.700293851246,
        146.60945484781413,
        1.6740558176112401,
        -2.545861917751946,
        2249.958058894286,
        2003.1511165107183,
        19.48047151689076,
        -10.02961381651345
    ],
    "best_fitness": [
        -0.8375043941126712
    ],
    "mutate_eta": 10,
    "mutate_prob": 0.8,
    "crossover_eta": 5,
    "crossover_prob": 0.2,
    "error_message": null,
    "timestamp": "2024-06-21T14:03:19.231304"
}