{
    "algorithm_desc": "pygad_algorithm",
    "config_name": "two_way_overtaking",
    "random_seed": 1,
    "evaluation_time": 202.196487,
    "number_of_generations": 2000,
    "population_size": 50,
    "num_parents_mating": 8,
    "best_solution": [
        942.9681752504925,
        1717.5323798734373,
        -4.121666224937616,
        -13.548097547954413,
        340.6906993265161,
        211.21233495410536,
        -2.169832367411132,
        -4.577643318590535,
        1765.194735177736,
        3398.54022738327,
        -9.761235337547706,
        -19.138063589929665
    ],
    "best_fitness": [
        -0.19703992363009085
    ],
    "mutate_eta": 5,
    "mutate_prob": 0.5,
    "crossover_eta": 1,
    "crossover_prob": 0.8,
    "error_message": null,
    "timestamp": "2024-06-20T17:35:21.780365"
}