{
    "algorithm_desc": "pygad_algorithm",
    "config_name": "two_way_overtaking",
    "random_seed": 1,
    "evaluation_time": 1.064206,
    "number_of_generations": 50,
    "population_size": 10,
    "num_parents_mating": 2,
    "best_solution": [
        2037.4759474085445,
        1912.5170295719763,
        7.834240856158683,
        -18.3825714621837,
        2601.8579113273718,
        1226.234894516969,
        5.453534176205128,
        -13.911876188844284,
        1166.5708664893823,
        69.01769845118099,
        17.441995253296334,
        14.458365602123052
    ],
    "best_fitness": [
        -1.091493793775492
    ],
    "mutate_eta": 15,
    "mutate_prob": 0.5,
    "crossover_eta": 10,
    "crossover_prob": 0.2,
    "error_message": null,
    "timestamp": "2024-06-21T05:15:08.397326"
}