{
    "algorithm_desc": "pygad_algorithm",
    "config_name": "two_way_overtaking",
    "random_seed": 1,
    "evaluation_time": 0.359965,
    "number_of_generations": 100,
    "population_size": 2,
    "num_parents_mating": 2,
    "best_solution": [
        307.7853931971116,
        3044.9166309506263,
        5.446112213907476,
        -16.948333494844654,
        634.903411730704,
        1493.8379400988465,
        0.1592905814752541,
        -0.9132596889033806,
        2392.9861753757327,
        2917.8661127838877,
        -7.068218978736411,
        -15.622620562015323
    ],
    "best_fitness": [
        -0.7230421830139488
    ],
    "mutate_eta": 5,
    "mutate_prob": 0.2,
    "crossover_eta": 5,
    "crossover_prob": 0.8,
    "error_message": null,
    "timestamp": "2024-06-21T18:48:18.630710"
}