{
    "algorithm_desc": "pygad_algorithm",
    "config_name": "two_way_overtaking",
    "random_seed": 1,
    "evaluation_time": 82.599822,
    "number_of_generations": 200,
    "population_size": 200,
    "num_parents_mating": 10,
    "best_solution": [
        1164.7617691534253,
        1699.7648924070206,
        12.87747398932622,
        15.201470335713083,
        2576.499281986401,
        3019.934793343622,
        4.619221499916325,
        8.610419706839576,
        167.58742501959046,
        382.5918393529153,
        16.43021074353524,
        18.837335433581096
    ],
    "best_fitness": [
        -0.16451631843222517
    ],
    "mutate_eta": 10,
    "mutate_prob": 0.5,
    "crossover_eta": 15,
    "crossover_prob": 1,
    "error_message": null,
    "timestamp": "2024-06-21T13:22:16.049805"
}