{
    "algorithm_desc": "pygad_algorithm",
    "config_name": "two_way_overtaking",
    "random_seed": 1,
    "evaluation_time": 83.768119,
    "number_of_generations": 200,
    "population_size": 200,
    "num_parents_mating": 2,
    "best_solution": [
        951.8854292385527,
        2821.8778446780275,
        13.670344401451196,
        2.6572777145160664,
        3115.3308519736474,
        2585.682976452901,
        7.887873647763129,
        -1.542855058919855,
        246.40465411754286,
        1188.4630926200698,
        14.82476226117042,
        8.591412202328165
    ],
    "best_fitness": [
        -0.5739639754324968
    ],
    "mutate_eta": 20,
    "mutate_prob": 0.8,
    "crossover_eta": 20,
    "crossover_prob": 0.5,
    "error_message": null,
    "timestamp": "2024-06-23T09:58:58.600824"
}