{
    "algorithm_desc": "pygad_algorithm",
    "config_name": "two_way_overtaking",
    "random_seed": 1,
    "evaluation_time": 1.992962,
    "number_of_generations": 100,
    "population_size": 10,
    "num_parents_mating": 4,
    "best_solution": [
        1449.4750079656826,
        2196.727057831533,
        -5.191571330730207,
        -15.060128846991113,
        369.0062516941275,
        1366.0520853511116,
        -2.733545574853448,
        -7.425918995639957,
        3119.272106444521,
        2384.881967567224,
        -9.593716154977841,
        -16.773739964312615
    ],
    "best_fitness": [
        -0.7777059789413562
    ],
    "mutate_eta": 5,
    "mutate_prob": 0.5,
    "crossover_eta": 10,
    "crossover_prob": 0.2,
    "error_message": null,
    "timestamp": "2024-06-22T15:27:39.409763"
}