{
    "algorithm_desc": "pygad_algorithm",
    "config_name": "two_way_overtaking",
    "random_seed": 1,
    "evaluation_time": 17.241815,
    "number_of_generations": 2000,
    "population_size": 5,
    "num_parents_mating": 4,
    "best_solution": [
        2517.5313426824073,
        1547.7107246094574,
        -6.893055875761718,
        10.746980245997445,
        1608.7757575285261,
        3000.6763545770305,
        -2.748318896582891,
        4.54755063572048,
        3426.702923181867,
        78.93947334215484,
        -7.585817494737169,
        11.862958837997908
    ],
    "best_fitness": [
        -0.062411484966385385
    ],
    "mutate_eta": 15,
    "mutate_prob": 0.2,
    "crossover_eta": 15,
    "crossover_prob": 0.8,
    "error_message": null,
    "timestamp": "2024-06-20T19:45:33.948460"
}