{
    "algorithm_desc": "pygad_algorithm",
    "config_name": "two_way_overtaking",
    "random_seed": 1,
    "evaluation_time": 9.180003,
    "number_of_generations": 50,
    "population_size": 100,
    "num_parents_mating": 2,
    "best_solution": [
        3299.8316455372214,
        1699.1640990018311,
        0.0,
        4.8551084865113445,
        3299.8316455372214,
        3477.1116208494745,
        0.0,
        2.2274376421404902,
        3308.8458030997135,
        42.95227818927877,
        0.8405088772579248,
        20.28965286630318
    ],
    "best_fitness": [
        -0.04382305135500438
    ],
    "mutate_eta": 10,
    "mutate_prob": 0.2,
    "crossover_eta": 1,
    "crossover_prob": 0.5,
    "error_message": null,
    "timestamp": "2024-06-23T04:45:23.092806"
}