{
    "algorithm_desc": "pygad_algorithm",
    "config_name": "two_way_overtaking",
    "random_seed": 1,
    "evaluation_time": 105.623819,
    "number_of_generations": 1000,
    "population_size": 50,
    "num_parents_mating": 10,
    "best_solution": [
        3017.7062960759176,
        1672.626933147876,
        -9.855232972283073,
        16.227512496063127,
        1995.356540712659,
        2990.0486779085422,
        -6.758464154959613,
        12.073538563841161,
        1189.1163049826303,
        486.22349925601276,
        2.976371565391023,
        19.588585244900585
    ],
    "best_fitness": [
        -0.6403735172796101
    ],
    "mutate_eta": 5,
    "mutate_prob": 0.8,
    "crossover_eta": 20,
    "crossover_prob": 0.5,
    "error_message": null,
    "timestamp": "2024-06-23T09:09:28.229839"
}