{
    "algorithm_desc": "pygad_algorithm",
    "config_name": "two_way_overtaking",
    "random_seed": 1,
    "evaluation_time": 437.030521,
    "number_of_generations": 1000,
    "population_size": 200,
    "num_parents_mating": 8,
    "best_solution": [
        1622.8108911648278,
        152.9930016002932,
        -8.477767908382763,
        -2.810509934376462,
        353.5940652914351,
        203.49278450179142,
        -6.717890206864142,
        -2.2656548367264016,
        2303.731664269865,
        1722.9093026176329,
        -19.43854500697301,
        -16.99586343939372
    ],
    "best_fitness": [
        -0.5883785729675498
    ],
    "mutate_eta": 1,
    "mutate_prob": 1,
    "crossover_eta": 10,
    "crossover_prob": 0.5,
    "error_message": null,
    "timestamp": "2024-06-20T18:25:38.327935"
}