{
    "algorithm_desc": "pygad_algorithm",
    "config_name": "two_way_overtaking",
    "random_seed": 1,
    "evaluation_time": 16.784488,
    "number_of_generations": 400,
    "population_size": 20,
    "num_parents_mating": 10,
    "best_solution": [
        1866.5273625385446,
        2013.0301727430683,
        16.488657002370445,
        -20.33500259722986,
        2810.479907527476,
        82.0492057936315,
        10.121286301019712,
        -9.8551703697599,
        312.6296935077254,
        906.9404237796616,
        20.508205905263992,
        -2.548414197794788
    ],
    "best_fitness": [
        -0.7576302727596098
    ],
    "mutate_eta": 1,
    "mutate_prob": 0.8,
    "crossover_eta": 5,
    "crossover_prob": 0.8,
    "error_message": null,
    "timestamp": "2024-06-21T08:05:14.932128"
}