{
    "algorithm_desc": "pygad_algorithm",
    "config_name": "two_way_overtaking",
    "random_seed": 1,
    "evaluation_time": 20.994478,
    "number_of_generations": 50,
    "population_size": 200,
    "num_parents_mating": 4,
    "best_solution": [
        1717.6004812251401,
        1941.4976235446932,
        -12.441911469905628,
        11.538343931956504,
        505.5597639753289,
        3467.2224752212655,
        -3.165111846011179,
        3.141615363249077,
        3433.506877195107,
        1213.7331150636694,
        -19.253864698990267,
        13.633948623544526
    ],
    "best_fitness": [
        -0.16883595755885897
    ],
    "mutate_eta": 15,
    "mutate_prob": 0.5,
    "crossover_eta": 10,
    "crossover_prob": 0.8,
    "error_message": null,
    "timestamp": "2024-06-20T20:29:55.595054"
}