{
    "algorithm_desc": "pygad_algorithm",
    "config_name": "two_way_overtaking",
    "random_seed": 1,
    "evaluation_time": 4.880964,
    "number_of_generations": 50,
    "population_size": 50,
    "num_parents_mating": 10,
    "best_solution": [
        2561.1974781934127,
        2390.784827038078,
        4.596672954770039,
        -12.347393815110419,
        2755.294977321625,
        549.9719409228703,
        0.0,
        -0.2020241728706189,
        1182.9900103807688,
        3435.2652112490255,
        12.95420879952865,
        -19.144964207183964
    ],
    "best_fitness": [
        -0.24557805088709464
    ],
    "mutate_eta": 5,
    "mutate_prob": 0.2,
    "crossover_eta": 5,
    "crossover_prob": 0.5,
    "error_message": null,
    "timestamp": "2024-06-23T06:42:10.900734"
}