{
    "algorithm_desc": "pygad_algorithm",
    "config_name": "two_way_overtaking",
    "random_seed": 1,
    "evaluation_time": 4.099887,
    "number_of_generations": 100,
    "population_size": 20,
    "num_parents_mating": 4,
    "best_solution": [
        1758.549077120047,
        1736.087202633737,
        -14.958562048928986,
        16.75791297146725,
        611.5607915854407,
        3167.075037101513,
        -6.103860702589177,
        11.008761329003729,
        3309.1911300374777,
        1165.9013015693934,
        -16.25032567054908,
        16.814240272135486
    ],
    "best_fitness": [
        -0.3333449186252759
    ],
    "mutate_eta": 20,
    "mutate_prob": 0.5,
    "crossover_eta": 15,
    "crossover_prob": 0.5,
    "error_message": null,
    "timestamp": "2024-06-23T08:23:20.605857"
}