{
    "algorithm_desc": "pygad_algorithm",
    "config_name": "two_way_overtaking",
    "random_seed": 1,
    "evaluation_time": 206.486302,
    "number_of_generations": 2000,
    "population_size": 50,
    "num_parents_mating": 2,
    "best_solution": [
        2246.4347037968464,
        1666.4080556068197,
        -7.2224887631410155,
        -10.95639610031234,
        662.2202465826502,
        461.3294411566583,
        -1.9313096806038885,
        -6.001019929641794,
        3082.4762469499656,
        3419.0397415720763,
        -4.843388410696395,
        -18.235863308857006
    ],
    "best_fitness": [
        -0.4218187886967737
    ],
    "mutate_eta": 15,
    "mutate_prob": 0.8,
    "crossover_eta": 10,
    "crossover_prob": 0.8,
    "error_message": null,
    "timestamp": "2024-06-22T08:55:08.078043"
}