{
    "algorithm_desc": "pygad_algorithm",
    "config_name": "two_way_overtaking",
    "random_seed": 1,
    "evaluation_time": 10.402154,
    "number_of_generations": 50,
    "population_size": 100,
    "num_parents_mating": 2,
    "best_solution": [
        2190.0661437713493,
        1411.6051374662889,
        8.313188295020883,
        3.9620391569516187,
        3299.8316455372214,
        2571.4487218756944,
        5.7808911006399875,
        2.0845243358720005,
        115.54031116050767,
        835.2055313037029,
        20.161435694958108,
        4.770109906919128
    ],
    "best_fitness": [
        -0.3413739415385317
    ],
    "mutate_eta": 20,
    "mutate_prob": 0.5,
    "crossover_eta": 5,
    "crossover_prob": 0.8,
    "error_message": null,
    "timestamp": "2024-06-22T12:55:36.534389"
}