{
    "algorithm_desc": "pygad_algorithm",
    "config_name": "two_way_overtaking",
    "random_seed": 1,
    "evaluation_time": 14.798175,
    "number_of_generations": 50,
    "population_size": 150,
    "num_parents_mating": 10,
    "best_solution": [
        1292.2145920336875,
        1822.3643322057158,
        0.0,
        9.181622719152845,
        1282.1174439041279,
        3474.0343011130294,
        0.0,
        8.065147860498982,
        1287.9531654242849,
        9.265724683156728,
        0.7161099937906208,
        19.394855553056537
    ],
    "best_fitness": [
        -0.043077603229616596
    ],
    "mutate_eta": 5,
    "mutate_prob": 0.2,
    "crossover_eta": 1,
    "crossover_prob": 0.5,
    "error_message": null,
    "timestamp": "2024-06-23T02:41:17.863428"
}