{
    "algorithm_desc": "pygad_algorithm",
    "config_name": "two_way_overtaking",
    "random_seed": 1,
    "evaluation_time": 19.564283,
    "number_of_generations": 1000,
    "population_size": 10,
    "num_parents_mating": 4,
    "best_solution": [
        1704.4889921399347,
        2297.1188515709546,
        10.844612179523807,
        -12.749939850355418,
        2938.701504749522,
        678.9263631943834,
        2.4570449965588246,
        -7.488938216127108,
        83.31743449689449,
        2890.6264514185027,
        19.483108402960326,
        -15.747903360649122
    ],
    "best_fitness": [
        -0.35726203469358825
    ],
    "mutate_eta": 1,
    "mutate_prob": 0.5,
    "crossover_eta": 15,
    "crossover_prob": 1,
    "error_message": null,
    "timestamp": "2024-06-21T13:21:35.034705"
}