{
    "algorithm_desc": "pygad_algorithm",
    "config_name": "two_way_overtaking",
    "random_seed": 1,
    "evaluation_time": 0.351282,
    "number_of_generations": 100,
    "population_size": 2,
    "num_parents_mating": 2,
    "best_solution": [
        2168.5535877900084,
        2441.2832343956543,
        5.971083094247344,
        -16.72656872122439,
        2089.945560313272,
        644.0357056961277,
        -2.31272942943167,
        -13.975759118588584,
        531.0370486119077,
        3077.451177014163,
        7.8968131458493644,
        -17.887377413329308
    ],
    "best_fitness": [
        -0.6306566894518539
    ],
    "mutate_eta": 5,
    "mutate_prob": 0.2,
    "crossover_eta": 20,
    "crossover_prob": 0.5,
    "error_message": null,
    "timestamp": "2024-06-21T00:25:30.550787"
}