{
    "algorithm_desc": "pygad_algorithm",
    "config_name": "two_way_overtaking",
    "random_seed": 1,
    "evaluation_time": 40.236117,
    "number_of_generations": 2000,
    "population_size": 10,
    "num_parents_mating": 10,
    "best_solution": [
        2103.019458832628,
        2708.9375309362517,
        10.841945523440032,
        8.238980369402295,
        3314.7531207643106,
        3150.590315729939,
        1.5264418342818153,
        7.451933495715906,
        448.7408189563596,
        1879.939211212001,
        18.543107458917078,
        16.952614906522356
    ],
    "best_fitness": [
        -0.5815514259079694
    ],
    "mutate_eta": 20,
    "mutate_prob": 0.8,
    "crossover_eta": 1,
    "crossover_prob": 0.5,
    "error_message": null,
    "timestamp": "2024-06-23T14:43:07.666265"
}