{
    "algorithm_desc": "pygad_algorithm",
    "config_name": "two_way_overtaking",
    "random_seed": 1,
    "evaluation_time": 272.438974,
    "number_of_generations": 1000,
    "population_size": 150,
    "num_parents_mating": 8,
    "best_solution": [
        1457.0973669644984,
        1591.88730225483,
        6.871072499647763,
        11.295074830947058,
        2313.8596579046016,
        3179.8369914100826,
        0.2620529887259302,
        0.48579795948949567,
        519.7815382952172,
        48.14893094593031,
        13.131848536391665,
        20.42557880176367
    ],
    "best_fitness": [
        -0.00023074640992139014
    ],
    "mutate_eta": 5,
    "mutate_prob": 0.2,
    "crossover_eta": 10,
    "crossover_prob": 0.2,
    "error_message": null,
    "timestamp": "2024-06-21T00:48:14.933400"
}