{
    "algorithm_desc": "pygad_algorithm",
    "config_name": "two_way_overtaking",
    "random_seed": 1,
    "evaluation_time": 10.469103,
    "number_of_generations": 50,
    "population_size": 100,
    "num_parents_mating": 8,
    "best_solution": [
        1410.769191177754,
        1519.157744185942,
        9.262373580671152,
        6.988210436585728,
        2885.609142111524,
        2858.078629755274,
        3.7015763933845385,
        3.5319164429557617,
        256.1918330893069,
        59.52407999236814,
        13.8555449333615,
        15.97371074734103
    ],
    "best_fitness": [
        -0.16130673103744986
    ],
    "mutate_eta": 20,
    "mutate_prob": 0.5,
    "crossover_eta": 5,
    "crossover_prob": 0.8,
    "error_message": null,
    "timestamp": "2024-06-21T12:23:43.717719"
}