{
    "algorithm_desc": "pygad_algorithm",
    "config_name": "two_way_overtaking",
    "random_seed": 1,
    "evaluation_time": 17.401953,
    "number_of_generations": 1000,
    "population_size": 10,
    "num_parents_mating": 2,
    "best_solution": [
        1605.6906416490094,
        1537.8315161500661,
        -6.851398575702307,
        -12.556680415796624,
        632.7754274340372,
        3.830316155812641,
        -4.791064780563078,
        -9.00278225,
        2484.2607695794222,
        3152.8998338561423,
        -8.347044027402864,
        -15.805265992364333
    ],
    "best_fitness": [
        -0.022137776026436896
    ],
    "mutate_eta": 10,
    "mutate_prob": 0.2,
    "crossover_eta": 15,
    "crossover_prob": 0.8,
    "error_message": null,
    "timestamp": "2024-06-20T18:22:56.484571"
}