{
    "algorithm_desc": "pygad_algorithm",
    "config_name": "two_way_overtaking",
    "random_seed": 1,
    "evaluation_time": 88.101677,
    "number_of_generations": 1000,
    "population_size": 50,
    "num_parents_mating": 2,
    "best_solution": [
        2711.8420839372807,
        1741.2276025003487,
        -7.013023609425362,
        -14.47327213577664,
        1818.6608732925602,
        177.2446779554005,
        -1.9875976046069503,
        -3.478956225998626,
        3498.953637000269,
        3361.7210246417585,
        -8.942157301097414,
        -19.070204375589586
    ],
    "best_fitness": [
        -0.008962888888662986
    ],
    "mutate_eta": 10,
    "mutate_prob": 0.2,
    "crossover_eta": 15,
    "crossover_prob": 0.2,
    "error_message": null,
    "timestamp": "2024-06-20T19:05:57.459105"
}