{
    "algorithm_desc": "pygad_algorithm",
    "config_name": "two_way_overtaking",
    "random_seed": 1,
    "evaluation_time": 186.301208,
    "number_of_generations": 2000,
    "population_size": 50,
    "num_parents_mating": 10,
    "best_solution": [
        1741.5990657711434,
        1772.0455526707349,
        14.412707667249087,
        -8.905472639852078,
        3284.9695611243214,
        759.6950506029478,
        3.098750485407944,
        -2.0357953138672755,
        134.01736924398884,
        2764.9043324542563,
        18.580022056062468,
        -11.166544231106172
    ],
    "best_fitness": [
        -0.001011751924270856
    ],
    "mutate_eta": 20,
    "mutate_prob": 0.2,
    "crossover_eta": 1,
    "crossover_prob": 0.2,
    "error_message": null,
    "timestamp": "2024-06-21T19:33:24.243202"
}