{
    "algorithm_desc": "pygad_algorithm",
    "config_name": "two_way_overtaking",
    "random_seed": 1,
    "evaluation_time": 80.623052,
    "number_of_generations": 200,
    "population_size": 200,
    "num_parents_mating": 2,
    "best_solution": [
        2907.8750220043958,
        2013.1220172829076,
        2.3517078402264744,
        -12.430673998109798,
        3336.000045251557,
        324.6119157043992,
        0.10578964237883781,
        -5.5162899069418145,
        1436.3646489382495,
        3264.356610900947,
        8.792319473840344,
        -17.078427035995947
    ],
    "best_fitness": [
        -0.26482388434777326
    ],
    "mutate_eta": 15,
    "mutate_prob": 0.5,
    "crossover_eta": 20,
    "crossover_prob": 0.8,
    "error_message": null,
    "timestamp": "2024-06-22T10:45:46.465074"
}