{
    "algorithm_desc": "pygad_algorithm",
    "config_name": "two_way_overtaking",
    "random_seed": 1,
    "evaluation_time": 42.751384,
    "number_of_generations": 200,
    "population_size": 100,
    "num_parents_mating": 8,
    "best_solution": [
        557.7994599309827,
        1040.7090393390893,
        5.633410891560477,
        8.891859661860536,
        1413.7426231535853,
        2682.9708759647583,
        2.426939067753832,
        2.42292997514037,
        1127.771089400899,
        251.81527057400393,
        -8.016853804924704,
        16.563131289832626
    ],
    "best_fitness": [
        -0.7053520040925922
    ],
    "mutate_eta": 15,
    "mutate_prob": 0.8,
    "crossover_eta": 5,
    "crossover_prob": 0.8,
    "error_message": null,
    "timestamp": "2024-06-21T03:48:27.680403"
}