{
    "algorithm_desc": "pygad_algorithm",
    "config_name": "two_way_overtaking",
    "random_seed": 1,
    "evaluation_time": 39.919679,
    "number_of_generations": 1000,
    "population_size": 20,
    "num_parents_mating": 10,
    "best_solution": [
        942.241529724411,
        1899.4183247808182,
        -10.065338652145396,
        -17.072826503114236,
        485.87581185541814,
        469.7547679046638,
        -7.968356349571348,
        -14.057867004807449,
        2007.9653308896604,
        3087.4797441976866,
        -19.19860134257374,
        -18.041032963912333
    ],
    "best_fitness": [
        -0.46277183298219193
    ],
    "mutate_eta": 5,
    "mutate_prob": 0.5,
    "crossover_eta": 15,
    "crossover_prob": 0.8,
    "error_message": null,
    "timestamp": "2024-06-21T20:24:03.202622"
}