{
    "algorithm_desc": "pygad_algorithm",
    "config_name": "two_way_overtaking",
    "random_seed": 1,
    "evaluation_time": 0.984288,
    "number_of_generations": 100,
    "population_size": 5,
    "num_parents_mating": 4,
    "best_solution": [
        115.02839558670802,
        2154.1697489013022,
        0.5206076140433069,
        7.201057179563094,
        2008.5993441232158,
        3161.795582676036,
        3.8452662748073685,
        0.0,
        1541.1172265495761,
        962.1039043884082,
        -9.00278225,
        14.15095090475014
    ],
    "best_fitness": [
        -0.847161522517138
    ],
    "mutate_eta": 20,
    "mutate_prob": 0.2,
    "crossover_eta": 5,
    "crossover_prob": 0.2,
    "error_message": null,
    "timestamp": "2024-06-23T12:19:45.895485"
}