{
    "algorithm_desc": "pygad_algorithm",
    "config_name": "two_way_overtaking",
    "random_seed": 1,
    "evaluation_time": 18.73683,
    "number_of_generations": 50,
    "population_size": 200,
    "num_parents_mating": 4,
    "best_solution": [
        3299.8316455372214,
        1787.158944086444,
        0.0,
        11.10073634916547,
        3299.8316455372214,
        3475.4999105042784,
        0.0,
        10.34394977698263,
        3299.8316455372214,
        9.265724683156728,
        0.49309399694887546,
        19.996448034101995
    ],
    "best_fitness": [
        -0.03429731590073504
    ],
    "mutate_eta": 15,
    "mutate_prob": 0.2,
    "crossover_eta": 10,
    "crossover_prob": 0.5,
    "error_message": null,
    "timestamp": "2024-06-23T03:06:10.185133"
}