{
    "algorithm_desc": "pygad_algorithm",
    "config_name": "two_way_overtaking",
    "random_seed": 1,
    "evaluation_time": 1.204022,
    "number_of_generations": 400,
    "population_size": 2,
    "num_parents_mating": 2,
    "best_solution": [
        466.87910550833993,
        1715.6835928548112,
        -7.145785580104409,
        -9.082198699196548,
        160.67120489845104,
        93.13856108507368,
        -16.805175832706983,
        9.545418160729618,
        2426.3681323022247,
        2323.4072286446153,
        -19.92787852298777,
        -17.40411772078916
    ],
    "best_fitness": [
        -0.9892991024931248
    ],
    "mutate_eta": 10,
    "mutate_prob": 0.5,
    "crossover_eta": 20,
    "crossover_prob": 0.8,
    "error_message": null,
    "timestamp": "2024-06-23T05:08:04.270872"
}