{
    "algorithm_desc": "pygad_algorithm",
    "config_name": "two_way_overtaking",
    "random_seed": 1,
    "evaluation_time": 41.858803,
    "number_of_generations": 200,
    "population_size": 100,
    "num_parents_mating": 2,
    "best_solution": [
        2528.083826888511,
        2199.566134282597,
        -15.921647582251383,
        5.090830437442818,
        617.3074385614993,
        3073.1951915229333,
        -15.021629357118965,
        6.366500176586861,
        3354.4068605497314,
        602.9124846894409,
        -19.811773195693004,
        9.461580578595441
    ],
    "best_fitness": [
        -0.6779268348799413
    ],
    "mutate_eta": 15,
    "mutate_prob": 1,
    "crossover_eta": 1,
    "crossover_prob": 0.2,
    "error_message": null,
    "timestamp": "2024-06-21T02:47:30.890822"
}