{
    "algorithm_desc": "pygad_algorithm",
    "config_name": "two_way_overtaking",
    "random_seed": 1,
    "evaluation_time": 2.055043,
    "number_of_generations": 100,
    "population_size": 10,
    "num_parents_mating": 2,
    "best_solution": [
        1629.1899270367965,
        1936.282190169941,
        16.641480532903095,
        13.657732309637694,
        2853.151530590418,
        2550.332802998037,
        16.564050129626914,
        13.533838642630812,
        542.2349484474598,
        477.6864787524234,
        12.273728202430554,
        20.04710961235871
    ],
    "best_fitness": [
        -0.6693153637442224
    ],
    "mutate_eta": 20,
    "mutate_prob": 0.5,
    "crossover_eta": 20,
    "crossover_prob": 1,
    "error_message": null,
    "timestamp": "2024-06-22T02:18:12.070188"
}