{
    "algorithm_desc": "pygad_algorithm",
    "config_name": "two_way_overtaking",
    "random_seed": 1,
    "evaluation_time": 19.059684,
    "number_of_generations": 200,
    "population_size": 50,
    "num_parents_mating": 10,
    "best_solution": [
        1724.911987139549,
        1772.0455526707349,
        14.778663674670447,
        -9.164234104160162,
        3257.5473998799994,
        750.8241357444352,
        2.8277360218001455,
        -2.0357953138672755,
        98.52281548245328,
        2645.145488915082,
        19.085435704741336,
        -11.166544231106172
    ],
    "best_fitness": [
        -0.025100938939231432
    ],
    "mutate_eta": 20,
    "mutate_prob": 0.2,
    "crossover_eta": 1,
    "crossover_prob": 0.2,
    "error_message": null,
    "timestamp": "2024-06-23T17:44:12.572369"
}