{
    "algorithm_desc": "pygad_algorithm",
    "config_name": "two_way_overtaking",
    "random_seed": 1,
    "evaluation_time": 35.170885,
    "number_of_generations": 1000,
    "population_size": 20,
    "num_parents_mating": 2,
    "best_solution": [
        1805.2496989783037,
        2199.8877636914813,
        -7.735177782822435,
        0.0,
        6.454214924714485,
        2199.8877636914813,
        -0.4139403791300609,
        0.0,
        3496.812529178429,
        2201.3149993332854,
        -20.517088471209476,
        0.7665424800370495
    ],
    "best_fitness": [
        -0.02855162015707845
    ],
    "mutate_eta": 1,
    "mutate_prob": 0.2,
    "crossover_eta": 20,
    "crossover_prob": 0.5,
    "error_message": null,
    "timestamp": "2024-06-20T18:22:21.199511"
}