{
    "algorithm_desc": "pygad_algorithm",
    "config_name": "two_way_overtaking",
    "random_seed": 1,
    "evaluation_time": 103.961977,
    "number_of_generations": 1000,
    "population_size": 50,
    "num_parents_mating": 8,
    "best_solution": [
        1219.5264396343307,
        1734.2464770012643,
        1.4378750571398022,
        -8.160488048903508,
        1504.3687535123822,
        3.843643966108423,
        0.6259538504857751,
        -3.8333905533638166,
        839.534609150851,
        3493.0227480942463,
        2.3049326758971134,
        -11.321932510893129
    ],
    "best_fitness": [
        -0.02184377103101392
    ],
    "mutate_eta": 5,
    "mutate_prob": 0.2,
    "crossover_eta": 15,
    "crossover_prob": 0.2,
    "error_message": null,
    "timestamp": "2024-06-20T13:51:22.205700"
}