{
    "algorithm_desc": "pygad_algorithm",
    "config_name": "two_way_overtaking",
    "random_seed": 1,
    "evaluation_time": 9.712371,
    "number_of_generations": 50,
    "population_size": 100,
    "num_parents_mating": 8,
    "best_solution": [
        2320.653381087019,
        2691.5452669284014,
        -11.069099688601268,
        0.0,
        448.1562396033136,
        2709.5670122349975,
        -7.604897816457402,
        0.0,
        3414.915996813984,
        1156.7922404685062,
        -18.88722799870666,
        14.072811572257123
    ],
    "best_fitness": [
        -0.2689735343947355
    ],
    "mutate_eta": 1,
    "mutate_prob": 0.2,
    "crossover_eta": 20,
    "crossover_prob": 0.5,
    "error_message": null,
    "timestamp": "2024-06-21T17:23:54.538553"
}