{
    "algorithm_desc": "pygad_algorithm",
    "config_name": "two_way_overtaking",
    "random_seed": 1,
    "evaluation_time": 209.272615,
    "number_of_generations": 2000,
    "population_size": 50,
    "num_parents_mating": 8,
    "best_solution": [
        1387.345778233385,
        1551.2097676835144,
        -3.121489356146796,
        -10.538109725036632,
        144.51598456003546,
        273.3657495553661,
        -4.090705564634767,
        -6.49084955517942,
        1978.6138373212116,
        3346.2723691478736,
        -7.280033565402345,
        -18.94913745968255
    ],
    "best_fitness": [
        -0.33750938015221055
    ],
    "mutate_eta": 15,
    "mutate_prob": 0.8,
    "crossover_eta": 1,
    "crossover_prob": 0.8,
    "error_message": null,
    "timestamp": "2024-06-22T20:07:58.556888"
}