{
    "algorithm_desc": "pygad_algorithm",
    "config_name": "two_way_overtaking",
    "random_seed": 1,
    "evaluation_time": 4.945275,
    "number_of_generations": 50,
    "population_size": 50,
    "num_parents_mating": 8,
    "best_solution": [
        1741.8765014708422,
        1782.4951818159857,
        9.260411394774117,
        5.420439986430907,
        3288.685278740477,
        2775.6292055677322,
        4.9127785629896294,
        3.617796949182676,
        203.08909762799703,
        793.2340922792429,
        20.165040327035648,
        10.178630405997051
    ],
    "best_fitness": [
        -0.08264073725574841
    ],
    "mutate_eta": 1,
    "mutate_prob": 0.2,
    "crossover_eta": 15,
    "crossover_prob": 0.5,
    "error_message": null,
    "timestamp": "2024-06-22T01:28:04.064201"
}