{
    "algorithm_desc": "pygad_algorithm",
    "config_name": "two_way_overtaking",
    "random_seed": 1,
    "evaluation_time": 4.049064,
    "number_of_generations": 200,
    "population_size": 10,
    "num_parents_mating": 4,
    "best_solution": [
        1715.3935074118074,
        2263.460334992518,
        16.927797530206995,
        -12.749939850355418,
        3344.905352616572,
        2779.034325465445,
        5.682930382458739,
        -4.750647836699905,
        83.31743449689449,
        2918.8682014833466,
        19.483108402960326,
        -13.497645186354806
    ],
    "best_fitness": [
        -0.6041600239467477
    ],
    "mutate_eta": 1,
    "mutate_prob": 0.5,
    "crossover_eta": 10,
    "crossover_prob": 1,
    "error_message": null,
    "timestamp": "2024-06-22T02:57:56.287534"
}