{
    "algorithm_desc": "pygad_algorithm",
    "config_name": "two_way_overtaking",
    "random_seed": 1,
    "evaluation_time": 547.483542,
    "number_of_generations": 2000,
    "population_size": 150,
    "num_parents_mating": 4,
    "best_solution": [
        2858.024650230767,
        1776.349113286554,
        0.05607976415351246,
        2.735869230684525,
        2801.408703003515,
        3499.9031585242383,
        -0.007289360473993867,
        0.2218883751739007,
        2803.212728500874,
        0.6463123749383959,
        1.5318159273457397,
        19.62048892449385
    ],
    "best_fitness": [
        -0.02769181438035555
    ],
    "mutate_eta": 20,
    "mutate_prob": 0.2,
    "crossover_eta": 15,
    "crossover_prob": 0.5,
    "error_message": null,
    "timestamp": "2024-06-22T03:23:48.037019"
}