{
    "algorithm_desc": "pygad_algorithm",
    "config_name": "two_way_overtaking",
    "random_seed": 1,
    "evaluation_time": 37.614249,
    "number_of_generations": 2000,
    "population_size": 10,
    "num_parents_mating": 4,
    "best_solution": [
        1728.5616437002438,
        1781.5962878764465,
        -9.510818943085024,
        -8.698097001714038,
        393.8662829496292,
        916.3877932922666,
        -2.733545574853448,
        -4.703942916874679,
        3115.377321196103,
        2982.463398704096,
        -19.925335248686757,
        -18.313515430397583
    ],
    "best_fitness": [
        -0.18782123982032833
    ],
    "mutate_eta": 20,
    "mutate_prob": 0.5,
    "crossover_eta": 1,
    "crossover_prob": 0.2,
    "error_message": null,
    "timestamp": "2024-06-20T22:21:02.878280"
}