{
    "algorithm_desc": "pygad_algorithm",
    "config_name": "two_way_overtaking",
    "random_seed": 1,
    "evaluation_time": 27.938805,
    "number_of_generations": 100,
    "population_size": 150,
    "num_parents_mating": 2,
    "best_solution": [
        2056.383168149126,
        1747.6324800184007,
        0.727014998037351,
        6.120128118992916,
        2156.034797073956,
        3470.107232781165,
        0.0,
        0.013402930442182992,
        1703.3935597141835,
        9.265724683156728,
        4.424908356838774,
        19.996510649366307
    ],
    "best_fitness": [
        -0.06169503827443292
    ],
    "mutate_eta": 20,
    "mutate_prob": 0.2,
    "crossover_eta": 10,
    "crossover_prob": 0.8,
    "error_message": null,
    "timestamp": "2024-06-21T08:20:03.317807"
}