{
    "algorithm_desc": "pygad_algorithm",
    "config_name": "two_way_overtaking",
    "random_seed": 1,
    "evaluation_time": 538.759411,
    "number_of_generations": 2000,
    "population_size": 150,
    "num_parents_mating": 4,
    "best_solution": [
        1518.3841384632021,
        1955.8052005858062,
        15.150792660787445,
        12.658350256126795,
        2904.678006758624,
        3124.0125849051947,
        10.271882464254897,
        8.656863875459422,
        80.12953616389407,
        753.9204183168348,
        18.462052980400806,
        15.13846563157768
    ],
    "best_fitness": [
        -6.791515713777584e-05
    ],
    "mutate_eta": 5,
    "mutate_prob": 0.2,
    "crossover_eta": 10,
    "crossover_prob": 0.2,
    "error_message": null,
    "timestamp": "2024-06-20T23:40:06.610548"
}