{
    "algorithm_desc": "pygad_algorithm",
    "config_name": "two_way_overtaking",
    "random_seed": 1,
    "evaluation_time": 21.671521,
    "number_of_generations": 50,
    "population_size": 200,
    "num_parents_mating": 4,
    "best_solution": [
        1002.3076739895853,
        1622.8277379624842,
        -10.518434992890237,
        12.543391325770529,
        854.9569519477898,
        3350.697048761696,
        -1.291137968910995,
        5.829225182894447,
        2902.2929519979225,
        480.77576337195256,
        -15.539325698010504,
        15.569199876584271
    ],
    "best_fitness": [
        -0.4353059580882994
    ],
    "mutate_eta": 10,
    "mutate_prob": 0.8,
    "crossover_eta": 1,
    "crossover_prob": 0.8,
    "error_message": null,
    "timestamp": "2024-06-23T07:10:22.596116"
}