{
    "algorithm_desc": "pygad_algorithm",
    "config_name": "two_way_overtaking",
    "random_seed": 1,
    "evaluation_time": 307.72208,
    "number_of_generations": 1000,
    "population_size": 150,
    "num_parents_mating": 8,
    "best_solution": [
        1110.2642472380164,
        1591.633995991218,
        -8.323418534190095,
        13.879035629273325,
        413.9984600014189,
        3219.509814292337,
        -0.3706311365312409,
        0.8931055747838954,
        1801.5687527029927,
        346.2249807357459,
        -9.695254457238143,
        16.59900699956816
    ],
    "best_fitness": [
        -0.14574154982478624
    ],
    "mutate_eta": 10,
    "mutate_prob": 0.5,
    "crossover_eta": 15,
    "crossover_prob": 0.8,
    "error_message": null,
    "timestamp": "2024-06-20T23:27:46.548771"
}