{
    "algorithm_desc": "pygad_algorithm",
    "config_name": "two_way_overtaking",
    "random_seed": 1,
    "evaluation_time": 3.649227,
    "number_of_generations": 100,
    "population_size": 20,
    "num_parents_mating": 4,
    "best_solution": [
        1329.3488821158476,
        1649.915822768611,
        -7.458078695710363,
        -12.656383764028678,
        498.45916257724457,
        81.09055761380868,
        -2.2419795337565525,
        -5.415624761637119,
        2472.755605833228,
        2971.9589227439706,
        -11.847720338465491,
        -18.32386353173212
    ],
    "best_fitness": [
        -0.10854926098810432
    ],
    "mutate_eta": 10,
    "mutate_prob": 0.2,
    "crossover_eta": 1,
    "crossover_prob": 0.2,
    "error_message": null,
    "timestamp": "2024-06-21T19:07:27.920728"
}