{
    "algorithm_desc": "pygad_algorithm",
    "config_name": "two_way_overtaking",
    "random_seed": 1,
    "evaluation_time": 36.861501,
    "number_of_generations": 200,
    "population_size": 100,
    "num_parents_mating": 8,
    "best_solution": [
        1679.824823874954,
        2749.8597046143514,
        13.397961838313016,
        0.0,
        3400.3380885154347,
        2752.799111595682,
        10.395572538269903,
        0.0,
        11.214069368522095,
        2749.8597046143514,
        20.233548417093708,
        -0.4091630785740925
    ],
    "best_fitness": [
        -0.054247903379006215
    ],
    "mutate_eta": 5,
    "mutate_prob": 0.2,
    "crossover_eta": 1,
    "crossover_prob": 0.2,
    "error_message": null,
    "timestamp": "2024-06-21T08:27:25.440149"
}