{
    "algorithm_desc": "pygad_algorithm",
    "config_name": "two_way_overtaking",
    "random_seed": 1,
    "evaluation_time": 20.704632,
    "number_of_generations": 50,
    "population_size": 200,
    "num_parents_mating": 2,
    "best_solution": [
        2516.4364769917747,
        1435.676904606937,
        7.485198081694556,
        15.312841199088496,
        2915.640471125623,
        3288.8144477233764,
        -0.5878052876776998,
        3.245474166880559,
        911.9092817222524,
        490.3232857147558,
        15.628163820397639,
        19.05436303697241
    ],
    "best_fitness": [
        -0.3426973822059073
    ],
    "mutate_eta": 20,
    "mutate_prob": 0.5,
    "crossover_eta": 10,
    "crossover_prob": 1,
    "error_message": null,
    "timestamp": "2024-06-22T15:41:35.650267"
}