{
    "algorithm_desc": "pygad_algorithm",
    "config_name": "two_way_overtaking",
    "random_seed": 1,
    "evaluation_time": 188.607284,
    "number_of_generations": 1000,
    "population_size": 100,
    "num_parents_mating": 8,
    "best_solution": [
        1943.6537695691588,
        2278.329533012383,
        -9.443110912095783,
        6.3406649628715535,
        419.69219186161956,
        3288.207587010963,
        -7.122858132714992,
        4.723415179832351,
        3480.0265041149055,
        1247.8917103186152,
        -19.953102120401212,
        12.571365002329976
    ],
    "best_fitness": [
        -0.0005940523069324966
    ],
    "mutate_eta": 5,
    "mutate_prob": 0.2,
    "crossover_eta": 5,
    "crossover_prob": 0.5,
    "error_message": null,
    "timestamp": "2024-06-23T19:04:21.687280"
}