{
    "algorithm_desc": "pygad_algorithm",
    "config_name": "two_way_overtaking",
    "random_seed": 1,
    "evaluation_time": 41.988311,
    "number_of_generations": 1000,
    "population_size": 20,
    "num_parents_mating": 10,
    "best_solution": [
        749.4629691786088,
        1485.147422638717,
        3.0421549369462113,
        -5.918350464033772,
        857.4870033321324,
        77.20526049613419,
        1.459151574726743,
        -0.7012927414137806,
        181.3345220586632,
        2658.279932817965,
        6.5744961951673915,
        -14.953533764327846
    ],
    "best_fitness": [
        -0.5539862353925729
    ],
    "mutate_eta": 1,
    "mutate_prob": 0.8,
    "crossover_eta": 15,
    "crossover_prob": 0.8,
    "error_message": null,
    "timestamp": "2024-06-22T06:20:27.940850"
}