{
    "algorithm_desc": "pygad_algorithm",
    "config_name": "two_way_overtaking",
    "random_seed": 1,
    "evaluation_time": 733.992196,
    "number_of_generations": 2000,
    "population_size": 200,
    "num_parents_mating": 2,
    "best_solution": [
        3288.391811443282,
        1795.3753118955538,
        0.011087514388371744,
        19.299427392319295,
        3241.0211214000033,
        3499.93994028796,
        -0.2691582739731082,
        9.689954832177659,
        3285.002927563309,
        0.7242311930986123,
        -0.015835992918333375,
        19.799229849977074
    ],
    "best_fitness": [
        -0.025827999447836262
    ],
    "mutate_eta": 10,
    "mutate_prob": 0.2,
    "crossover_eta": 15,
    "crossover_prob": 0.8,
    "error_message": null,
    "timestamp": "2024-06-22T22:44:48.640483"
}