{
    "algorithm_desc": "pygad_algorithm",
    "config_name": "two_way_overtaking",
    "random_seed": 1,
    "evaluation_time": 76.303602,
    "number_of_generations": 2000,
    "population_size": 20,
    "num_parents_mating": 8,
    "best_solution": [
        1718.638432020758,
        717.0945908142287,
        9.173560384875902,
        -2.9536572969793653,
        3480.0527207181813,
        145.98601587171711,
        0.5528574763446521,
        -0.20131468848662237,
        1.6416535736099025,
        1319.3662720419586,
        19.74381198416831,
        -7.117581545230905
    ],
    "best_fitness": [
        -0.020974912399579895
    ],
    "mutate_eta": 1,
    "mutate_prob": 0.2,
    "crossover_eta": 20,
    "crossover_prob": 0.5,
    "error_message": null,
    "timestamp": "2024-06-20T15:37:23.740909"
}