{
    "algorithm_desc": "pygad_algorithm",
    "config_name": "two_way_overtaking",
    "random_seed": 1,
    "evaluation_time": 40.480689,
    "number_of_generations": 400,
    "population_size": 50,
    "num_parents_mating": 8,
    "best_solution": [
        221.92537806001073,
        1798.5247563194391,
        -16.699196876786306,
        17.319068177813023,
        104.7280416365694,
        3356.7951071419907,
        0.6227064617558646,
        3.8801646153285354,
        1509.507516775927,
        549.9719409228703,
        -18.419666389348865,
        18.688686194852714
    ],
    "best_fitness": [
        -0.3414034004584721
    ],
    "mutate_eta": 1,
    "mutate_prob": 0.5,
    "crossover_eta": 5,
    "crossover_prob": 0.5,
    "error_message": null,
    "timestamp": "2024-06-23T04:11:45.399103"
}