{
    "algorithm_desc": "pygad_algorithm",
    "config_name": "two_way_overtaking",
    "random_seed": 1,
    "evaluation_time": 60.514308,
    "number_of_generations": 200,
    "population_size": 150,
    "num_parents_mating": 2,
    "best_solution": [
        1738.0138729621497,
        1023.3834445722742,
        4.090260925466307,
        3.050868789809222,
        3058.105428096831,
        2063.4139851516356,
        1.7754494743088287,
        1.0581271969365815,
        430.7251583339696,
        14.045187907050504,
        20.209542000511092,
        17.79011928890621
    ],
    "best_fitness": [
        -0.11027728489531624
    ],
    "mutate_eta": 20,
    "mutate_prob": 0.5,
    "crossover_eta": 15,
    "crossover_prob": 0.5,
    "error_message": null,
    "timestamp": "2024-06-21T04:26:07.071840"
}