{
    "algorithm_desc": "pygad_algorithm",
    "config_name": "two_way_overtaking",
    "random_seed": 1,
    "evaluation_time": 42.711154,
    "number_of_generations": 200,
    "population_size": 100,
    "num_parents_mating": 4,
    "best_solution": [
        1327.078706523806,
        761.3309554014268,
        4.9760697209393285,
        17.79158356060617,
        1867.5529250735458,
        2790.5344262628287,
        1.373611983887944,
        10.23094493827453,
        402.9653742749297,
        82.41939577636992,
        19.419007427055632,
        13.850936061710911
    ],
    "best_fitness": [
        -0.6757752165352048
    ],
    "mutate_eta": 5,
    "mutate_prob": 1,
    "crossover_eta": 1,
    "crossover_prob": 0.5,
    "error_message": null,
    "timestamp": "2024-06-21T04:57:41.047840"
}