{
    "algorithm_desc": "pygad_algorithm",
    "config_name": "two_way_overtaking",
    "random_seed": 1,
    "evaluation_time": 19.616435,
    "number_of_generations": 100,
    "population_size": 100,
    "num_parents_mating": 10,
    "best_solution": [
        1993.0722569778484,
        2201.16564380681,
        -10.733077149918435,
        2.0893789085825993,
        157.4279794410658,
        2569.967582820372,
        -5.707317449904243,
        1.1555796003283803,
        3390.060725308356,
        1121.8122524810046,
        -18.383295490541126,
        7.448987634565096
    ],
    "best_fitness": [
        -0.130146190120268
    ],
    "mutate_eta": 15,
    "mutate_prob": 0.2,
    "crossover_eta": 1,
    "crossover_prob": 0.5,
    "error_message": null,
    "timestamp": "2024-06-23T06:14:17.780729"
}