{
    "algorithm_desc": "pygad_algorithm",
    "config_name": "two_way_overtaking",
    "random_seed": 1,
    "evaluation_time": 31.327448,
    "number_of_generations": 100,
    "population_size": 150,
    "num_parents_mating": 4,
    "best_solution": [
        1854.322959015998,
        1128.0099858026915,
        -0.5972169382656318,
        8.797873111478971,
        2349.508305255626,
        2776.9359269836646,
        -1.685386472661584,
        4.7099397179709825,
        2890.984712929271,
        353.25763327726776,
        -11.46284137492688,
        13.384820662298196
    ],
    "best_fitness": [
        -0.5847099037107243
    ],
    "mutate_eta": 1,
    "mutate_prob": 0.8,
    "crossover_eta": 1,
    "crossover_prob": 0.5,
    "error_message": null,
    "timestamp": "2024-06-21T14:07:47.927927"
}