{
    "algorithm_desc": "pygad_algorithm",
    "config_name": "two_way_overtaking",
    "random_seed": 1,
    "evaluation_time": 19.326215,
    "number_of_generations": 50,
    "population_size": 200,
    "num_parents_mating": 8,
    "best_solution": [
        1805.396677414073,
        3299.8316455372214,
        9.49459341785861,
        0.0,
        3476.8900946301355,
        3299.8316455372214,
        8.882948872877858,
        0.0,
        29.06421714907953,
        3299.8316455372214,
        12.461760078712508,
        -0.17376966957759876
    ],
    "best_fitness": [
        -0.03934725487376833
    ],
    "mutate_eta": 5,
    "mutate_prob": 0.2,
    "crossover_eta": 15,
    "crossover_prob": 0.8,
    "error_message": null,
    "timestamp": "2024-06-23T07:02:34.111020"
}