{
    "algorithm_desc": "pygad_algorithm",
    "config_name": "two_way_overtaking",
    "random_seed": 1,
    "evaluation_time": 9.834556,
    "number_of_generations": 100,
    "population_size": 50,
    "num_parents_mating": 8,
    "best_solution": [
        2056.079811556587,
        1935.3090350726418,
        1.5679845361116804,
        -10.793776179992854,
        2256.473546655626,
        205.80554567818282,
        0.0,
        -1.0012995224967618,
        1905.7168022148553,
        3493.0227480942463,
        1.5556734547825748,
        -18.553334494501378
    ],
    "best_fitness": [
        -0.1272821489668384
    ],
    "mutate_eta": 5,
    "mutate_prob": 0.2,
    "crossover_eta": 5,
    "crossover_prob": 0.8,
    "error_message": null,
    "timestamp": "2024-06-21T00:27:58.529652"
}