{
    "algorithm_desc": "pygad_algorithm",
    "config_name": "two_way_overtaking",
    "random_seed": 1,
    "evaluation_time": 1.128541,
    "number_of_generations": 50,
    "population_size": 10,
    "num_parents_mating": 4,
    "best_solution": [
        2267.197216156184,
        2851.1671344157935,
        14.932847240965735,
        -6.06910707206805,
        3492.5949737871583,
        1517.9140879174195,
        -3.830678944537656,
        -8.444629842714127,
        145.5098188220854,
        3015.5845295550807,
        13.732629303571962,
        20.154171754298737
    ],
    "best_fitness": [
        -1.1511176010806055
    ],
    "mutate_eta": 20,
    "mutate_prob": 0.8,
    "crossover_eta": 20,
    "crossover_prob": 0.8,
    "error_message": null,
    "timestamp": "2024-06-23T06:17:44.430898"
}