{
    "algorithm_desc": "pygad_algorithm",
    "config_name": "two_way_overtaking",
    "random_seed": 1,
    "evaluation_time": 10.128231,
    "number_of_generations": 100,
    "population_size": 50,
    "num_parents_mating": 4,
    "best_solution": [
        1689.6737856725263,
        2176.2386481151557,
        -8.180011770806605,
        -11.478915134241198,
        367.28274837007285,
        511.5185791257579,
        -5.270510315969414,
        -7.835097682381706,
        117.79599665265306,
        3133.4008850562177,
        3.172152339892328,
        -18.926546713878754
    ],
    "best_fitness": [
        -0.5435148939283497
    ],
    "mutate_eta": 20,
    "mutate_prob": 0.5,
    "crossover_eta": 10,
    "crossover_prob": 0.5,
    "error_message": null,
    "timestamp": "2024-06-22T07:48:18.210584"
}