{
    "algorithm_desc": "pygad_algorithm",
    "config_name": "two_way_overtaking",
    "random_seed": 1,
    "evaluation_time": 160.354248,
    "number_of_generations": 400,
    "population_size": 200,
    "num_parents_mating": 4,
    "best_solution": [
        2066.053953431091,
        2589.70327313131,
        -8.43963060432991,
        -2.120262103949777,
        437.2144817676415,
        2159.7990388203357,
        -1.0186985309905445,
        -0.1794826815715851,
        3475.8567895269575,
        2928.1049360981124,
        -19.03341202401246,
        -4.348349831270003
    ],
    "best_fitness": [
        -0.15666515896703187
    ],
    "mutate_eta": 20,
    "mutate_prob": 0.5,
    "crossover_eta": 10,
    "crossover_prob": 0.2,
    "error_message": null,
    "timestamp": "2024-06-22T00:10:57.387937"
}