{
    "algorithm_desc": "pygad_algorithm",
    "config_name": "two_way_overtaking",
    "random_seed": 1,
    "evaluation_time": 429.779905,
    "number_of_generations": 2000,
    "population_size": 100,
    "num_parents_mating": 10,
    "best_solution": [
        597.4024500039561,
        1669.340064664905,
        -12.761676268406621,
        -16.50016271732884,
        66.15441690605923,
        194.4064958230497,
        -3.610849484617294,
        -6.09953773616108,
        2034.4497568573777,
        2407.7749579127635,
        -20.44635323211569,
        -15.786843301567355
    ],
    "best_fitness": [
        -0.47296507952720734
    ],
    "mutate_eta": 1,
    "mutate_prob": 0.8,
    "crossover_eta": 20,
    "crossover_prob": 0.5,
    "error_message": null,
    "timestamp": "2024-06-23T14:49:42.585301"
}