{
    "algorithm_desc": "pygad_algorithm",
    "config_name": "two_way_overtaking",
    "random_seed": 1,
    "evaluation_time": 845.558582,
    "number_of_generations": 2000,
    "population_size": 200,
    "num_parents_mating": 10,
    "best_solution": [
        1477.9750469400767,
        1975.5024279790714,
        -8.681831835701756,
        3.1069098589439363,
        178.10524608958167,
        2480.668576934257,
        -6.255295077775433,
        1.3743864870288967,
        3025.25018605437,
        2340.72930912592,
        -18.05997863580047,
        -2.0442269250965985
    ],
    "best_fitness": [
        -0.44215226661693857
    ],
    "mutate_eta": 1,
    "mutate_prob": 0.8,
    "crossover_eta": 15,
    "crossover_prob": 0.2,
    "error_message": null,
    "timestamp": "2024-06-20T15:23:17.769526"
}