{
    "algorithm_desc": "pygad_algorithm",
    "config_name": "two_way_overtaking",
    "random_seed": 1,
    "evaluation_time": 1.970096,
    "number_of_generations": 100,
    "population_size": 10,
    "num_parents_mating": 8,
    "best_solution": [
        1089.546765318739,
        1431.8371088176434,
        6.778113739413133,
        6.981903534319091,
        2421.2239398725974,
        2704.8285855391223,
        2.9161661555690976,
        3.808391598090207,
        2159.696486669926,
        526.5925992868221,
        -2.588261925317081,
        18.741837312512835
    ],
    "best_fitness": [
        -0.6378859447130212
    ],
    "mutate_eta": 5,
    "mutate_prob": 0.2,
    "crossover_eta": 1,
    "crossover_prob": 0.5,
    "error_message": null,
    "timestamp": "2024-06-22T07:10:41.579684"
}