{
    "algorithm_desc": "pygad_algorithm",
    "config_name": "two_way_overtaking",
    "random_seed": 1,
    "evaluation_time": 3.984965,
    "number_of_generations": 200,
    "population_size": 10,
    "num_parents_mating": 2,
    "best_solution": [
        2037.4759474085445,
        1912.5170295719763,
        7.1439135219264465,
        -14.674071821377662,
        2601.8579113273718,
        72.6535392249732,
        5.453534176205128,
        -9.397011225307127,
        1166.5708664893823,
        2829.7057538586273,
        12.273728202430554,
        -19.728481073250798
    ],
    "best_fitness": [
        -0.29292776997455405
    ],
    "mutate_eta": 5,
    "mutate_prob": 0.5,
    "crossover_eta": 10,
    "crossover_prob": 0.2,
    "error_message": null,
    "timestamp": "2024-06-21T08:20:31.590552"
}