{
    "algorithm_desc": "pygad_algorithm",
    "config_name": "two_way_overtaking",
    "random_seed": 1,
    "evaluation_time": 5.672147,
    "number_of_generations": 50,
    "population_size": 50,
    "num_parents_mating": 10,
    "best_solution": [
        1363.0130029451796,
        1145.9221758739582,
        0.01382765422196286,
        13.262540546542176,
        1749.5699413115651,
        3100.2579728873766,
        -1.291137968910995,
        0.7084588496554503,
        1894.378949822005,
        290.1064420256095,
        -18.435097980083054,
        15.569199876584271
    ],
    "best_fitness": [
        -0.9408790867787589
    ],
    "mutate_eta": 15,
    "mutate_prob": 1,
    "crossover_eta": 5,
    "crossover_prob": 0.8,
    "error_message": null,
    "timestamp": "2024-06-21T01:17:42.971836"
}