{
    "algorithm_desc": "pygad_algorithm",
    "config_name": "two_way_overtaking",
    "random_seed": 1,
    "evaluation_time": 146.125096,
    "number_of_generations": 400,
    "population_size": 200,
    "num_parents_mating": 8,
    "best_solution": [
        1751.2411791719226,
        2780.7227800630612,
        4.030754054881733,
        0.002535235092814503,
        3491.025293574943,
        2780.181752770454,
        2.627622746144965,
        0.0,
        0.1610493144755809,
        2779.370512681512,
        9.905779157781641,
        -0.32887905941865014
    ],
    "best_fitness": [
        -0.027821479711289204
    ],
    "mutate_eta": 15,
    "mutate_prob": 0.2,
    "crossover_eta": 20,
    "crossover_prob": 0.2,
    "error_message": null,
    "timestamp": "2024-06-23T08:51:01.728007"
}