{
    "algorithm_desc": "pygad_algorithm",
    "config_name": "two_way_overtaking",
    "random_seed": 1,
    "evaluation_time": 8.259815,
    "number_of_generations": 400,
    "population_size": 10,
    "num_parents_mating": 10,
    "best_solution": [
        2105.2588758830807,
        3332.436065108915,
        -16.348587825405907,
        -10.093317928063541,
        1410.0361462115752,
        1447.2143081808408,
        -6.958710027112881,
        -9.924375407751631,
        3391.3576641504205,
        3327.783859665591,
        -19.63685114643818,
        -6.836007548012102
    ],
    "best_fitness": [
        -0.8618416864259439
    ],
    "mutate_eta": 15,
    "mutate_prob": 0.8,
    "crossover_eta": 10,
    "crossover_prob": 0.5,
    "error_message": null,
    "timestamp": "2024-06-22T01:11:10.669578"
}