{
    "algorithm_desc": "pygad_algorithm",
    "config_name": "two_way_overtaking",
    "random_seed": 1,
    "evaluation_time": 55.948436,
    "number_of_generations": 200,
    "population_size": 150,
    "num_parents_mating": 8,
    "best_solution": [
        2295.058688784695,
        1755.31762722614,
        -0.24751344442651657,
        -6.636546164521784,
        2311.3565619820897,
        8.541753601671974,
        0.0,
        -0.6106762569983424,
        2358.9694300173046,
        3495.9538333283267,
        -1.5121313838733883,
        -20.005106065828286
    ],
    "best_fitness": [
        -0.030741902439515415
    ],
    "mutate_eta": 5,
    "mutate_prob": 0.2,
    "crossover_eta": 20,
    "crossover_prob": 0.5,
    "error_message": null,
    "timestamp": "2024-06-21T19:31:18.993147"
}