{
    "algorithm_desc": "pygad_algorithm",
    "config_name": "two_way_overtaking",
    "random_seed": 1,
    "evaluation_time": 2.162727,
    "number_of_generations": 100,
    "population_size": 10,
    "num_parents_mating": 10,
    "best_solution": [
        2563.3587043134157,
        2080.579637262245,
        7.401527481400866,
        -18.970628693583226,
        3000.505756207343,
        371.5718546176313,
        7.47661077386547,
        -7.317127010549656,
        539.4334073163639,
        2804.2794874647348,
        6.2161128277005595,
        -0.43753927249793634
    ],
    "best_fitness": [
        -1.0428385466550965
    ],
    "mutate_eta": 10,
    "mutate_prob": 1,
    "crossover_eta": 5,
    "crossover_prob": 0.2,
    "error_message": null,
    "timestamp": "2024-06-21T01:17:10.418437"
}