{
    "algorithm_desc": "pygad_algorithm",
    "config_name": "two_way_overtaking",
    "random_seed": 1,
    "evaluation_time": 3.90328,
    "number_of_generations": 100,
    "population_size": 20,
    "num_parents_mating": 10,
    "best_solution": [
        1788.2197772136974,
        2039.3260323069067,
        17.65032378127951,
        -5.3531235339181045,
        3403.9607037323385,
        1839.1907156871573,
        9.630056483768378,
        -1.8838439221023648,
        43.98289592197202,
        2956.2395544393607,
        19.591127087913662,
        -5.429313405245411
    ],
    "best_fitness": [
        -0.28382503723898783
    ],
    "mutate_eta": 15,
    "mutate_prob": 0.2,
    "crossover_eta": 15,
    "crossover_prob": 0.8,
    "error_message": null,
    "timestamp": "2024-06-22T17:47:52.026695"
}