{
    "algorithm_desc": "pygad_algorithm",
    "config_name": "two_way_overtaking",
    "random_seed": 1,
    "evaluation_time": 169.100434,
    "number_of_generations": 400,
    "population_size": 200,
    "num_parents_mating": 4,
    "best_solution": [
        1002.3076739895853,
        1684.7957076550265,
        15.239348734301515,
        12.543391325770529,
        2382.3315755071753,
        3275.500561359001,
        3.739935659778123,
        5.19483860836996,
        129.5321153814936,
        550.7325845491757,
        15.86181419126219,
        18.233515585541873
    ],
    "best_fitness": [
        -0.4095778412360382
    ],
    "mutate_eta": 10,
    "mutate_prob": 0.8,
    "crossover_eta": 15,
    "crossover_prob": 0.8,
    "error_message": null,
    "timestamp": "2024-06-21T02:07:20.206300"
}