{
    "algorithm_desc": "pygad_algorithm",
    "config_name": "two_way_overtaking",
    "random_seed": 1,
    "evaluation_time": 5.340321,
    "number_of_generations": 50,
    "population_size": 50,
    "num_parents_mating": 2,
    "best_solution": [
        1028.3528942309529,
        1865.8970956077997,
        -6.368088311657539,
        -0.8303005036998101,
        373.3103618355298,
        549.9719409228703,
        -1.6689018461288327,
        -1.931998964754598,
        2762.899457985165,
        1533.7824927085412,
        -9.510931933885534,
        -0.849648771879771
    ],
    "best_fitness": [
        -0.6173167020951829
    ],
    "mutate_eta": 5,
    "mutate_prob": 0.5,
    "crossover_eta": 20,
    "crossover_prob": 1,
    "error_message": null,
    "timestamp": "2024-06-23T14:04:26.698236"
}