{
    "algorithm_desc": "pygad_algorithm",
    "config_name": "two_way_overtaking",
    "random_seed": 1,
    "evaluation_time": 61.993805,
    "number_of_generations": 200,
    "population_size": 150,
    "num_parents_mating": 8,
    "best_solution": [
        1504.1216509862913,
        1622.6760145298904,
        -5.884123762153056,
        6.124900735347069,
        473.20874567354235,
        2517.361567271792,
        -0.45981473749024815,
        0.2063570391689602,
        2832.696879560506,
        246.5607683262604,
        -16.92099456960993,
        16.260247544859112
    ],
    "best_fitness": [
        -0.20921509180327574
    ],
    "mutate_eta": 10,
    "mutate_prob": 0.5,
    "crossover_eta": 1,
    "crossover_prob": 1,
    "error_message": null,
    "timestamp": "2024-06-22T01:59:11.354227"
}