{
    "algorithm_desc": "pygad_algorithm",
    "config_name": "two_way_overtaking",
    "random_seed": 1,
    "evaluation_time": 61.600073,
    "number_of_generations": 200,
    "population_size": 150,
    "num_parents_mating": 2,
    "best_solution": [
        1381.2634573775063,
        145.35949987952506,
        11.70428606242131,
        -7.2135547939135485,
        3118.29255666553,
        61.98603249383788,
        3.3726493999363214,
        0.5318122932995379,
        191.71037375942902,
        1128.444011484893,
        13.574886368714758,
        -7.70706298776593
    ],
    "best_fitness": [
        -0.42621324761240187
    ],
    "mutate_eta": 15,
    "mutate_prob": 0.8,
    "crossover_eta": 1,
    "crossover_prob": 0.2,
    "error_message": null,
    "timestamp": "2024-06-22T08:06:56.011714"
}