{
    "algorithm_desc": "pygad_algorithm",
    "config_name": "two_way_overtaking",
    "random_seed": 1,
    "evaluation_time": 206.969517,
    "number_of_generations": 2000,
    "population_size": 50,
    "num_parents_mating": 8,
    "best_solution": [
        1247.144184130359,
        1940.0125459812114,
        -5.41793585119542,
        -5.75019501306855,
        776.9601419267378,
        221.05839105712784,
        -0.5604288637333852,
        -3.823993531882781,
        2129.096676176267,
        2754.751321507515,
        -14.719691602639294,
        -17.10482958129267
    ],
    "best_fitness": [
        -0.45346478344758756
    ],
    "mutate_eta": 5,
    "mutate_prob": 0.8,
    "crossover_eta": 5,
    "crossover_prob": 0.2,
    "error_message": null,
    "timestamp": "2024-06-23T01:27:26.254460"
}