{
    "algorithm_desc": "pygad_algorithm",
    "config_name": "two_way_overtaking",
    "random_seed": 1,
    "evaluation_time": 36.179293,
    "number_of_generations": 200,
    "population_size": 100,
    "num_parents_mating": 2,
    "best_solution": [
        3299.8316455372214,
        1699.1640990018311,
        0.0,
        5.275123738004616,
        3299.8316455372214,
        3488.928356330217,
        0.0,
        4.470723935938832,
        3300.7147338255395,
        8.992475699709235,
        0.8316553222479506,
        19.498191232281975
    ],
    "best_fitness": [
        -0.030791594880106764
    ],
    "mutate_eta": 1,
    "mutate_prob": 0.2,
    "crossover_eta": 1,
    "crossover_prob": 0.5,
    "error_message": null,
    "timestamp": "2024-06-21T11:54:26.838580"
}