{
    "algorithm_desc": "pygad_algorithm",
    "config_name": "two_way_overtaking",
    "random_seed": 1,
    "evaluation_time": 7.983746,
    "number_of_generations": 400,
    "population_size": 10,
    "num_parents_mating": 4,
    "best_solution": [
        2193.756520136711,
        2204.895579056666,
        12.655844666537448,
        -10.615619196101752,
        3384.5751734897785,
        716.5728027228996,
        9.00278225,
        -6.58436108108881,
        845.3365664693029,
        3367.6059169997147,
        17.177915830400487,
        -14.763284128248248
    ],
    "best_fitness": [
        -0.08603250917901044
    ],
    "mutate_eta": 15,
    "mutate_prob": 0.2,
    "crossover_eta": 5,
    "crossover_prob": 1,
    "error_message": null,
    "timestamp": "2024-06-20T15:38:40.156532"
}