{
    "algorithm_desc": "pygad_algorithm",
    "config_name": "two_way_overtaking",
    "random_seed": 1,
    "evaluation_time": 2.129533,
    "number_of_generations": 50,
    "population_size": 20,
    "num_parents_mating": 4,
    "best_solution": [
        1232.6427624462347,
        1766.450933168973,
        -11.61008030096251,
        -12.656383764028678,
        408.53297155659857,
        211.32005097440353,
        -9.00278225,
        -7.544747931214733,
        2472.755605833228,
        3205.7052650348496,
        -14.613849258030001,
        -18.384307882754417
    ],
    "best_fitness": [
        -0.15913544900104482
    ],
    "mutate_eta": 20,
    "mutate_prob": 0.2,
    "crossover_eta": 5,
    "crossover_prob": 1,
    "error_message": null,
    "timestamp": "2024-06-23T18:36:14.883249"
}