{
    "algorithm_desc": "pygad_algorithm",
    "config_name": "two_way_overtaking",
    "random_seed": 1,
    "evaluation_time": 3.721748,
    "number_of_generations": 100,
    "population_size": 20,
    "num_parents_mating": 2,
    "best_solution": [
        1686.6214128510417,
        2199.8877636914813,
        -4.822275336457766,
        0.0,
        55.37434996294699,
        2199.8877636914813,
        -4.162899574627783,
        0.0,
        3299.8316455372214,
        2222.0997703017388,
        -19.032380988147352,
        -1.1933637016728618
    ],
    "best_fitness": [
        -0.09648411876574403
    ],
    "mutate_eta": 1,
    "mutate_prob": 0.2,
    "crossover_eta": 1,
    "crossover_prob": 0.5,
    "error_message": null,
    "timestamp": "2024-06-22T07:51:59.182322"
}