{
    "algorithm_desc": "pygad_algorithm",
    "config_name": "two_way_overtaking",
    "random_seed": 1,
    "evaluation_time": 4.650117,
    "number_of_generations": 50,
    "population_size": 50,
    "num_parents_mating": 2,
    "best_solution": [
        2854.749604987388,
        2265.632785591414,
        -6.172974743160841,
        -5.946640116059273,
        1431.6475246217465,
        1099.9438818457406,
        -1.9875976046069503,
        -1.6138104059653315,
        1630.5518506765684,
        3446.711092506417,
        -2.2378040430947443,
        -9.228279582823932
    ],
    "best_fitness": [
        -0.49427752294696947
    ],
    "mutate_eta": 15,
    "mutate_prob": 0.2,
    "crossover_eta": 15,
    "crossover_prob": 0.2,
    "error_message": null,
    "timestamp": "2024-06-22T19:39:36.256342"
}