{
    "algorithm_desc": "pygad_algorithm",
    "config_name": "two_way_overtaking",
    "random_seed": 1,
    "evaluation_time": 1.981725,
    "number_of_generations": 200,
    "population_size": 5,
    "num_parents_mating": 4,
    "best_solution": [
        1666.311913007367,
        901.103993326861,
        6.242643696289491,
        -8.816226766773992,
        3043.6492979238947,
        33.97658801185799,
        3.1052637076630027,
        -7.910419496782666,
        530.2992164824309,
        3399.49159106403,
        -0.8601553070751748,
        -13.7882592905923
    ],
    "best_fitness": [
        -0.9085266168177895
    ],
    "mutate_eta": 15,
    "mutate_prob": 0.8,
    "crossover_eta": 15,
    "crossover_prob": 1,
    "error_message": null,
    "timestamp": "2024-06-22T22:22:36.941252"
}