{
    "algorithm_desc": "pygad_algorithm",
    "config_name": "two_way_overtaking",
    "random_seed": 1,
    "evaluation_time": 412.003092,
    "number_of_generations": 1000,
    "population_size": 200,
    "num_parents_mating": 8,
    "best_solution": [
        1494.900193217196,
        1320.6476573117943,
        13.681317398330776,
        7.6115562955382,
        3002.8729603819284,
        2038.760486637521,
        6.981310458500303,
        2.76620482477043,
        191.00933742056858,
        99.67116329014813,
        20.081784521913363,
        14.297958639129938
    ],
    "best_fitness": [
        -0.14493773139741623
    ],
    "mutate_eta": 15,
    "mutate_prob": 0.5,
    "crossover_eta": 1,
    "crossover_prob": 1,
    "error_message": null,
    "timestamp": "2024-06-22T13:14:37.452038"
}