{
    "algorithm_desc": "pygad_algorithm",
    "config_name": "two_way_overtaking",
    "random_seed": 1,
    "evaluation_time": 4.145659,
    "number_of_generations": 100,
    "population_size": 20,
    "num_parents_mating": 10,
    "best_solution": [
        2247.8766758376937,
        1541.198110631465,
        -6.352249375938138,
        5.977680984961328,
        1375.7598158192802,
        3169.1192420434277,
        -1.9144280641833653,
        7.132633955410018,
        2682.4601985410104,
        155.46279501650463,
        -9.004144677824975,
        19.71955556984527
    ],
    "best_fitness": [
        -0.6376832933858312
    ],
    "mutate_eta": 1,
    "mutate_prob": 0.5,
    "crossover_eta": 1,
    "crossover_prob": 1,
    "error_message": null,
    "timestamp": "2024-06-23T19:44:22.796448"
}