{
    "algorithm_desc": "pygad_algorithm",
    "config_name": "two_way_overtaking",
    "random_seed": 1,
    "evaluation_time": 7.559014,
    "number_of_generations": 200,
    "population_size": 20,
    "num_parents_mating": 4,
    "best_solution": [
        1342.124861193434,
        1742.697120570918,
        -9.794469805666335,
        -12.228567703464247,
        244.95954695650602,
        211.32005097440353,
        -6.340397309343363,
        -7.8941420151484,
        2472.755605833228,
        3205.7052650348496,
        -14.613849258030001,
        -17.814858755266986
    ],
    "best_fitness": [
        -0.017874144076951804
    ],
    "mutate_eta": 15,
    "mutate_prob": 0.2,
    "crossover_eta": 20,
    "crossover_prob": 1,
    "error_message": null,
    "timestamp": "2024-06-22T02:32:58.729606"
}