{
    "algorithm_desc": "pygad_algorithm",
    "config_name": "two_way_overtaking",
    "random_seed": 1,
    "evaluation_time": 7.160111,
    "number_of_generations": 400,
    "population_size": 10,
    "num_parents_mating": 4,
    "best_solution": [
        2284.040537616988,
        1787.093996742169,
        -7.37894494022032,
        11.505268802786823,
        1303.1737609168883,
        3299.8316455372214,
        -5.303011842658115,
        8.749151866106889,
        3344.2748276443476,
        242.3589320582133,
        -12.480730101084974,
        19.846766429503525
    ],
    "best_fitness": [
        -0.022094264050334114
    ],
    "mutate_eta": 5,
    "mutate_prob": 0.2,
    "crossover_eta": 15,
    "crossover_prob": 0.5,
    "error_message": null,
    "timestamp": "2024-06-23T13:29:08.252791"
}