{
    "algorithm_desc": "pygad_algorithm",
    "config_name": "two_way_overtaking",
    "random_seed": 1,
    "evaluation_time": 185.552164,
    "number_of_generations": 2000,
    "population_size": 50,
    "num_parents_mating": 4,
    "best_solution": [
        1649.915822768611,
        1749.594535938189,
        0.11456629566220045,
        4.820489880046434,
        1649.915822768611,
        3491.5700742439512,
        0.0,
        1.3686262883309404,
        1608.3531909685703,
        0.34468949736693455,
        -0.379712026144297,
        19.625411509024588
    ],
    "best_fitness": [
        -0.027502239439847496
    ],
    "mutate_eta": 1,
    "mutate_prob": 0.2,
    "crossover_eta": 1,
    "crossover_prob": 0.8,
    "error_message": null,
    "timestamp": "2024-06-20T15:19:50.079337"
}