{
    "algorithm_desc": "pygad_algorithm",
    "config_name": "two_way_overtaking",
    "random_seed": 1,
    "evaluation_time": 31.222233,
    "number_of_generations": 100,
    "population_size": 150,
    "num_parents_mating": 2,
    "best_solution": [
        1475.3270737208768,
        1368.390571551162,
        10.058160164045884,
        -13.377831031586467,
        3018.113921167657,
        898.8165441140032,
        7.553286181864426,
        -9.857301200923192,
        606.4708765550859,
        2475.5402283852577,
        8.975605100985927,
        -19.037144681250968
    ],
    "best_fitness": [
        -0.6736664568014903
    ],
    "mutate_eta": 5,
    "mutate_prob": 0.8,
    "crossover_eta": 20,
    "crossover_prob": 0.5,
    "error_message": null,
    "timestamp": "2024-06-23T09:57:23.412238"
}