{
    "algorithm_desc": "pygad_algorithm",
    "config_name": "two_way_overtaking",
    "random_seed": 1,
    "evaluation_time": 2.284837,
    "number_of_generations": 50,
    "population_size": 20,
    "num_parents_mating": 4,
    "best_solution": [
        1794.5356342424523,
        1635.65379387063,
        -20.359128655357054,
        -8.798715016155962,
        502.07064591146,
        1237.3348145727953,
        -9.397011225307127,
        -1.1883196772275966,
        2700.4325833057433,
        72.22774001807686,
        -11.211592794805835,
        19.899984191310658
    ],
    "best_fitness": [
        -0.8234246438597489
    ],
    "mutate_eta": 1,
    "mutate_prob": 1,
    "crossover_eta": 1,
    "crossover_prob": 0.8,
    "error_message": null,
    "timestamp": "2024-06-21T03:05:09.495401"
}