{
    "algorithm_desc": "pygad_algorithm",
    "config_name": "two_way_overtaking",
    "random_seed": 1,
    "evaluation_time": 32.133516,
    "number_of_generations": 100,
    "population_size": 150,
    "num_parents_mating": 4,
    "best_solution": [
        2233.2464557380795,
        2557.9431633773925,
        -14.555110656028909,
        -6.743860529645842,
        1051.704667008499,
        1018.2555936789449,
        -3.3557847101937384,
        -4.963334062779378,
        2663.1668056143985,
        3151.681190127161,
        -20.10011721363544,
        -16.803998794628814
    ],
    "best_fitness": [
        -0.6372106088599907
    ],
    "mutate_eta": 10,
    "mutate_prob": 0.8,
    "crossover_eta": 15,
    "crossover_prob": 0.8,
    "error_message": null,
    "timestamp": "2024-06-22T08:37:02.022392"
}