{
    "algorithm_desc": "pygad_algorithm",
    "config_name": "two_way_overtaking",
    "random_seed": 1,
    "evaluation_time": 9.157839,
    "number_of_generations": 1000,
    "population_size": 5,
    "num_parents_mating": 4,
    "best_solution": [
        1469.3277735213771,
        2926.1138006177475,
        18.886120895926652,
        -6.502534067267845,
        2841.2872726705914,
        2271.1363572693012,
        9.761981904826865,
        -4.250661742344558,
        240.12362788074537,
        1500.4151638719138,
        12.17383414057094,
        2.0165993463416783
    ],
    "best_fitness": [
        -0.7988006635297521
    ],
    "mutate_eta": 1,
    "mutate_prob": 0.5,
    "crossover_eta": 20,
    "crossover_prob": 1,
    "error_message": null,
    "timestamp": "2024-06-21T23:37:40.901788"
}