{
    "algorithm_desc": "pygad_algorithm",
    "config_name": "two_way_overtaking",
    "random_seed": 1,
    "evaluation_time": 105.204538,
    "number_of_generations": 1000,
    "population_size": 50,
    "num_parents_mating": 8,
    "best_solution": [
        997.7228003890317,
        2646.815242745746,
        -4.625661328308979,
        -10.354020495934494,
        40.40962525903347,
        1042.1342503753413,
        -2.4640053606533634,
        -6.8984454219718,
        3199.5075610419394,
        3287.897774215942,
        -17.780980430292594,
        -14.909100984889195
    ],
    "best_fitness": [
        -0.3809351540111419
    ],
    "mutate_eta": 10,
    "mutate_prob": 0.8,
    "crossover_eta": 20,
    "crossover_prob": 0.5,
    "error_message": null,
    "timestamp": "2024-06-23T01:50:54.247488"
}