{
    "algorithm_desc": "pygad_algorithm",
    "config_name": "two_way_overtaking",
    "random_seed": 1,
    "evaluation_time": 1.045008,
    "number_of_generations": 100,
    "population_size": 5,
    "num_parents_mating": 4,
    "best_solution": [
        2106.4484395037725,
        2448.1442746342805,
        -8.12285284746672,
        15.412260974915391,
        598.4557213005643,
        3464.5920866799042,
        -1.864667472357624,
        5.971763029792285,
        3290.405416709577,
        153.43141813513444,
        -14.315061257060494,
        18.398057533576925
    ],
    "best_fitness": [
        -0.6005928995988951
    ],
    "mutate_eta": 1,
    "mutate_prob": 0.2,
    "crossover_eta": 20,
    "crossover_prob": 1,
    "error_message": null,
    "timestamp": "2024-06-22T07:23:16.449992"
}