{
    "algorithm_desc": "pygad_algorithm",
    "config_name": "two_way_overtaking",
    "random_seed": 1,
    "evaluation_time": 2.053265,
    "number_of_generations": 100,
    "population_size": 10,
    "num_parents_mating": 8,
    "best_solution": [
        2452.9748058629225,
        1050.742891688713,
        16.75526887923015,
        7.474163240580392,
        3412.4695908549756,
        3149.26634381092,
        4.029231466253929,
        8.880517878751288,
        1384.9838920214836,
        2238.24632813962,
        15.46608297402863,
        -10.751185103559653
    ],
    "best_fitness": [
        -1.020782507444519
    ],
    "mutate_eta": 10,
    "mutate_prob": 0.5,
    "crossover_eta": 15,
    "crossover_prob": 1,
    "error_message": null,
    "timestamp": "2024-06-21T22:09:16.072682"
}