{
    "algorithm_desc": "pygad_algorithm",
    "config_name": "two_way_overtaking",
    "random_seed": 1,
    "evaluation_time": 209.775484,
    "number_of_generations": 2000,
    "population_size": 50,
    "num_parents_mating": 2,
    "best_solution": [
        1612.0667466829664,
        1715.9849308278788,
        9.220175127209746,
        -12.061874730151269,
        3025.8178164003034,
        342.26373642358317,
        7.403782510967453,
        -3.0581168740277107,
        376.1992773991087,
        3492.9320966486134,
        13.16612918898069,
        -19.55118718281951
    ],
    "best_fitness": [
        -0.3533186099827137
    ],
    "mutate_eta": 10,
    "mutate_prob": 0.8,
    "crossover_eta": 15,
    "crossover_prob": 1,
    "error_message": null,
    "timestamp": "2024-06-22T02:13:05.967369"
}