{
    "algorithm_desc": "pygad_algorithm",
    "config_name": "two_way_overtaking",
    "random_seed": 1,
    "evaluation_time": 14.530141,
    "number_of_generations": 50,
    "population_size": 150,
    "num_parents_mating": 10,
    "best_solution": [
        1928.0875188626794,
        1741.5237042322099,
        2.909714855793254,
        13.522350423248298,
        2368.2409633685743,
        3472.3088975882897,
        0.7724415481549869,
        2.787802122451321,
        1518.242646172336,
        100.34804967208427,
        3.9417242383090745,
        19.087325105980767
    ],
    "best_fitness": [
        -0.04504991637892299
    ],
    "mutate_eta": 10,
    "mutate_prob": 0.2,
    "crossover_eta": 15,
    "crossover_prob": 1,
    "error_message": null,
    "timestamp": "2024-06-23T01:50:02.134403"
}