{
    "algorithm_desc": "pygad_algorithm",
    "config_name": "two_way_overtaking",
    "random_seed": 1,
    "evaluation_time": 71.75866,
    "number_of_generations": 200,
    "population_size": 200,
    "num_parents_mating": 2,
    "best_solution": [
        2656.4044338637186,
        2051.4929513526977,
        -12.178666788931407,
        14.509383632105099,
        1453.8643237016677,
        3485.7784391847918,
        -2.9170676163263956,
        3.4624129052799226,
        3498.953637000269,
        456.5179056716216,
        -12.589682437512234,
        15.194340397229887
    ],
    "best_fitness": [
        -0.05380288192353739
    ],
    "mutate_eta": 20,
    "mutate_prob": 0.2,
    "crossover_eta": 20,
    "crossover_prob": 0.2,
    "error_message": null,
    "timestamp": "2024-06-22T23:10:24.975351"
}