{
    "algorithm_desc": "pygad_algorithm",
    "config_name": "two_way_overtaking",
    "random_seed": 1,
    "evaluation_time": 621.850741,
    "number_of_generations": 2000,
    "population_size": 150,
    "num_parents_mating": 2,
    "best_solution": [
        1560.052367093559,
        1517.4579047489913,
        14.644116680495067,
        -8.516279420178385,
        3331.685716517168,
        1012.757324840686,
        9.499729217839626,
        -2.5091963744590053,
        699.6880841895251,
        3428.8170738244303,
        15.451330809835405,
        -10.039667205964443
    ],
    "best_fitness": [
        -0.35520565394994946
    ],
    "mutate_eta": 10,
    "mutate_prob": 0.8,
    "crossover_eta": 10,
    "crossover_prob": 0.5,
    "error_message": null,
    "timestamp": "2024-06-22T00:26:07.243640"
}