{
    "algorithm_desc": "pygad_algorithm",
    "config_name": "two_way_overtaking",
    "random_seed": 1,
    "evaluation_time": 7.419225,
    "number_of_generations": 200,
    "population_size": 20,
    "num_parents_mating": 2,
    "best_solution": [
        1629.2662393695796,
        2168.407870647244,
        -4.8097934132435896,
        0.0,
        55.37434996294699,
        2199.8877636914813,
        -2.3575988368024525,
        0.07830001368283845,
        3363.8824709286423,
        2222.0997703017388,
        -19.032380988147352,
        -1.1933637016728618
    ],
    "best_fitness": [
        -0.0865854992512641
    ],
    "mutate_eta": 20,
    "mutate_prob": 0.2,
    "crossover_eta": 1,
    "crossover_prob": 0.8,
    "error_message": null,
    "timestamp": "2024-06-23T04:58:54.917949"
}