{
    "algorithm_desc": "pygad_algorithm",
    "config_name": "two_way_overtaking",
    "random_seed": 1,
    "evaluation_time": 10.551705,
    "number_of_generations": 50,
    "population_size": 100,
    "num_parents_mating": 8,
    "best_solution": [
        1981.4809411286515,
        2467.9318165033183,
        -8.382810978380196,
        -5.0291551777875245,
        76.16123205668318,
        1834.0662072715154,
        -7.273757272314606,
        -4.158619859891896,
        2760.9515827853975,
        779.4049698937189,
        -8.948505180217994,
        6.9897178230258135
    ],
    "best_fitness": [
        -0.7065669077324777
    ],
    "mutate_eta": 1,
    "mutate_prob": 0.8,
    "crossover_eta": 15,
    "crossover_prob": 0.2,
    "error_message": null,
    "timestamp": "2024-06-22T08:17:51.937477"
}