{
    "algorithm_desc": "pygad_algorithm",
    "config_name": "two_way_overtaking",
    "random_seed": 1,
    "evaluation_time": 0.693892,
    "number_of_generations": 200,
    "population_size": 2,
    "num_parents_mating": 2,
    "best_solution": [
        1377.68808520603,
        1527.0206118869805,
        5.446112213907476,
        -11.33862957026235,
        1742.9252143565093,
        122.19699008200541,
        0.1592905814752541,
        -0.9132596889033806,
        2310.0532823411786,
        2888.3853346352157,
        2.8048571609351605,
        -15.622620562015323
    ],
    "best_fitness": [
        -0.46839436522498046
    ],
    "mutate_eta": 15,
    "mutate_prob": 0.2,
    "crossover_eta": 15,
    "crossover_prob": 1,
    "error_message": null,
    "timestamp": "2024-06-23T18:15:50.324845"
}