{
    "algorithm_desc": "pygad_algorithm",
    "config_name": "two_way_overtaking",
    "random_seed": 1,
    "evaluation_time": 16.101011,
    "number_of_generations": 2000,
    "population_size": 5,
    "num_parents_mating": 4,
    "best_solution": [
        1660.0931990315792,
        1430.5833213906258,
        6.744900255396452,
        8.070260195793416,
        2757.219061382036,
        2883.1794380568936,
        2.481150628232456,
        3.323369706340987,
        265.5865367122798,
        240.7258669946717,
        16.83486697644934,
        17.846077962601484
    ],
    "best_fitness": [
        -0.053683159971621416
    ],
    "mutate_eta": 20,
    "mutate_prob": 0.2,
    "crossover_eta": 5,
    "crossover_prob": 0.2,
    "error_message": null,
    "timestamp": "2024-06-22T19:35:34.573308"
}