{
    "algorithm_desc": "pygad_algorithm",
    "config_name": "two_way_overtaking",
    "random_seed": 1,
    "evaluation_time": 3.89081,
    "number_of_generations": 200,
    "population_size": 10,
    "num_parents_mating": 8,
    "best_solution": [
        844.0092616764389,
        1293.5161054384234,
        11.82825105645626,
        -15.042117792880477,
        2608.2119312698073,
        643.5321807010023,
        8.08456927598938,
        -1.732739225833857,
        184.47084419873727,
        2163.979774529751,
        15.731347799612344,
        -18.846241111413043
    ],
    "best_fitness": [
        -0.4783202410322388
    ],
    "mutate_eta": 15,
    "mutate_prob": 0.2,
    "crossover_eta": 15,
    "crossover_prob": 1,
    "error_message": null,
    "timestamp": "2024-06-23T15:30:06.006010"
}