{
    "algorithm_desc": "pygad_algorithm",
    "config_name": "two_way_overtaking",
    "random_seed": 1,
    "evaluation_time": 5.545706,
    "number_of_generations": 50,
    "population_size": 50,
    "num_parents_mating": 2,
    "best_solution": [
        2259.9595137124757,
        159.02540863927857,
        11.11954900789216,
        13.910705509137465,
        2909.4186022556582,
        936.1070802558033,
        5.661098203445896,
        7.137991956603049,
        295.484075954125,
        1569.1077294134236,
        17.898504082734007,
        -14.530590870951606
    ],
    "best_fitness": [
        -0.9511767334522878
    ],
    "mutate_eta": 10,
    "mutate_prob": 1,
    "crossover_eta": 20,
    "crossover_prob": 0.5,
    "error_message": null,
    "timestamp": "2024-06-21T17:45:45.972275"
}