{
    "algorithm_desc": "pygad_algorithm",
    "config_name": "two_way_overtaking",
    "random_seed": 1,
    "evaluation_time": 8.104763,
    "number_of_generations": 200,
    "population_size": 20,
    "num_parents_mating": 10,
    "best_solution": [
        1006.2321185085667,
        2761.1526898494867,
        -12.58604985188827,
        -15.301524058676002,
        693.1397599517538,
        264.34433524030555,
        -13.604103616378904,
        -11.45525455971681,
        3276.620706811794,
        3279.052468558027,
        -16.285206402319385,
        -17.053102291475437
    ],
    "best_fitness": [
        -0.7709989288385851
    ],
    "mutate_eta": 20,
    "mutate_prob": 0.5,
    "crossover_eta": 15,
    "crossover_prob": 0.5,
    "error_message": null,
    "timestamp": "2024-06-22T11:32:34.610534"
}