{
    "algorithm_desc": "pygad_algorithm",
    "config_name": "two_way_overtaking",
    "random_seed": 1,
    "evaluation_time": 39.252468,
    "number_of_generations": 400,
    "population_size": 50,
    "num_parents_mating": 2,
    "best_solution": [
        2003.588060146582,
        1601.35917563528,
        11.20998554082935,
        -14.339007255592573,
        3122.7803488935588,
        139.187837591272,
        4.790424344446663,
        -6.469677839771341,
        1247.9811691149064,
        2978.600495026032,
        15.407341949110773,
        -20.246174227528165
    ],
    "best_fitness": [
        -0.1159910234958973
    ],
    "mutate_eta": 10,
    "mutate_prob": 0.5,
    "crossover_eta": 15,
    "crossover_prob": 0.5,
    "error_message": null,
    "timestamp": "2024-06-22T23:44:37.437052"
}