{
    "algorithm_desc": "pygad_algorithm",
    "config_name": "two_way_overtaking",
    "random_seed": 1,
    "evaluation_time": 38.802013,
    "number_of_generations": 2000,
    "population_size": 10,
    "num_parents_mating": 10,
    "best_solution": [
        2086.4949806405643,
        839.1632256182979,
        8.630980815467552,
        14.658833957120045,
        3141.100626235162,
        2516.0756646436994,
        6.856899123565249,
        12.252400074300034,
        407.57409216578674,
        69.70605219276321,
        16.00638339782082,
        17.4341584598957
    ],
    "best_fitness": [
        -0.19966905461329737
    ],
    "mutate_eta": 5,
    "mutate_prob": 0.5,
    "crossover_eta": 5,
    "crossover_prob": 0.5,
    "error_message": null,
    "timestamp": "2024-06-22T18:38:05.285808"
}