{
    "algorithm_desc": "pygad_algorithm",
    "config_name": "two_way_overtaking",
    "random_seed": 1,
    "evaluation_time": 375.344947,
    "number_of_generations": 2000,
    "population_size": 100,
    "num_parents_mating": 8,
    "best_solution": [
        3299.8316455372214,
        1720.8365430976744,
        1.5091634180726778,
        -12.106103584910914,
        3446.3997315463425,
        1.0267172942964864,
        0.23737979363336592,
        -2.780595785202742,
        3078.2484865400975,
        3497.945092684199,
        3.0320884769181298,
        -20.47319932434082
    ],
    "best_fitness": [
        -0.021186811540765713
    ],
    "mutate_eta": 15,
    "mutate_prob": 0.2,
    "crossover_eta": 10,
    "crossover_prob": 1,
    "error_message": null,
    "timestamp": "2024-06-22T13:59:27.167613"
}