{
    "algorithm_desc": "pygad_algorithm",
    "config_name": "two_way_overtaking",
    "random_seed": 1,
    "evaluation_time": 2.175146,
    "number_of_generations": 50,
    "population_size": 20,
    "num_parents_mating": 2,
    "best_solution": [
        1413.6835177340042,
        1674.9988934060934,
        -8.309257857956515,
        -13.98008676693515,
        174.83710631130506,
        385.0567341163465,
        -8.002785874578628,
        -13.099744452684487,
        895.8479732825357,
        3358.507658680082,
        15.412529563098033,
        -19.876971065258374
    ],
    "best_fitness": [
        -0.638314641093017
    ],
    "mutate_eta": 1,
    "mutate_prob": 0.5,
    "crossover_eta": 1,
    "crossover_prob": 1,
    "error_message": null,
    "timestamp": "2024-06-23T15:54:28.179312"
}