{
    "algorithm_desc": "pygad_algorithm",
    "config_name": "two_way_overtaking",
    "random_seed": 1,
    "evaluation_time": 5.369485,
    "number_of_generations": 50,
    "population_size": 50,
    "num_parents_mating": 10,
    "best_solution": [
        2411.4980618740633,
        2415.230296975379,
        14.068956155596808,
        -13.237912932860805,
        2392.709862824906,
        755.0083094557417,
        -6.504983636814087,
        -12.875658890272573,
        2033.67906610291,
        3462.0203005573653,
        14.334126661570572,
        -14.030476007502514
    ],
    "best_fitness": [
        -0.8886227235353094
    ],
    "mutate_eta": 10,
    "mutate_prob": 0.5,
    "crossover_eta": 20,
    "crossover_prob": 0.5,
    "error_message": null,
    "timestamp": "2024-06-21T17:58:09.243432"
}