{
    "algorithm_desc": "pygad_algorithm",
    "config_name": "two_way_overtaking",
    "random_seed": 1,
    "evaluation_time": 41.077162,
    "number_of_generations": 100,
    "population_size": 200,
    "num_parents_mating": 4,
    "best_solution": [
        1717.6004812251401,
        1941.4976235446932,
        -12.441911469905628,
        11.538343931956504,
        436.3300837851364,
        3323.7209947401175,
        -3.165111846011179,
        3.141615363249077,
        3288.816591951325,
        660.0716897695306,
        -15.902097752394454,
        18.412621775209452
    ],
    "best_fitness": [
        -0.16073595835344368
    ],
    "mutate_eta": 20,
    "mutate_prob": 0.5,
    "crossover_eta": 15,
    "crossover_prob": 0.8,
    "error_message": null,
    "timestamp": "2024-06-22T14:41:36.739234"
}