{
    "algorithm_desc": "pygad_algorithm",
    "config_name": "two_way_overtaking",
    "random_seed": 1,
    "evaluation_time": 11.166829,
    "number_of_generations": 50,
    "population_size": 100,
    "num_parents_mating": 10,
    "best_solution": [
        2049.7992483551916,
        1278.5250733578468,
        6.422318524204883,
        -1.2879763288279946,
        3391.8266549630825,
        2437.31898108712,
        3.895574652086559,
        -0.13352230010686483,
        247.60445315073105,
        921.6128131595281,
        12.851623362512868,
        10.796777826273924
    ],
    "best_fitness": [
        -0.8095018039697618
    ],
    "mutate_eta": 5,
    "mutate_prob": 1,
    "crossover_eta": 1,
    "crossover_prob": 0.5,
    "error_message": null,
    "timestamp": "2024-06-21T18:05:26.272955"
}