{
    "algorithm_desc": "pygad_algorithm",
    "config_name": "two_way_overtaking",
    "random_seed": 1,
    "evaluation_time": 119.274301,
    "number_of_generations": 400,
    "population_size": 150,
    "num_parents_mating": 2,
    "best_solution": [
        700.4768575343473,
        1722.5633937630548,
        -0.9546667657056567,
        4.386617320523023,
        371.84075552941215,
        3370.8527709495424,
        -0.08229907790777702,
        0.37844834438154606,
        1154.8251337891197,
        14.819575943142427,
        -1.5369106353596393,
        7.792148971613862
    ],
    "best_fitness": [
        -0.06266590863170075
    ],
    "mutate_eta": 20,
    "mutate_prob": 0.5,
    "crossover_eta": 10,
    "crossover_prob": 0.2,
    "error_message": null,
    "timestamp": "2024-06-20T20:14:11.522885"
}