{
    "algorithm_desc": "pygad_algorithm",
    "config_name": "two_way_overtaking",
    "random_seed": 1,
    "evaluation_time": 37.110624,
    "number_of_generations": 100,
    "population_size": 200,
    "num_parents_mating": 2,
    "best_solution": [
        3308.422136599116,
        1798.225934749967,
        0.0,
        20.38527895474683,
        3241.790933147466,
        3491.877859780591,
        -0.3782135938568132,
        9.195241366316917,
        3403.8540171048135,
        9.265724683156728,
        0.0,
        20.433584230623318
    ],
    "best_fitness": [
        -0.0465770008761662
    ],
    "mutate_eta": 15,
    "mutate_prob": 0.2,
    "crossover_eta": 15,
    "crossover_prob": 0.8,
    "error_message": null,
    "timestamp": "2024-06-21T01:39:06.673681"
}