{
    "algorithm_desc": "pygad_algorithm",
    "config_name": "two_way_overtaking",
    "random_seed": 1,
    "evaluation_time": 10.115407,
    "number_of_generations": 100,
    "population_size": 50,
    "num_parents_mating": 2,
    "best_solution": [
        1582.0183176040555,
        2496.1340020867287,
        -7.948186475442791,
        4.24675373071695,
        111.5436022080064,
        3268.5938071036007,
        -6.8595167599112425,
        3.7040432308303792,
        2656.334835940453,
        1056.9377844565379,
        -16.19595096062037,
        20.33265651416484
    ],
    "best_fitness": [
        -0.1785313721749782
    ],
    "mutate_eta": 5,
    "mutate_prob": 0.5,
    "crossover_eta": 15,
    "crossover_prob": 0.8,
    "error_message": null,
    "timestamp": "2024-06-23T06:55:24.440305"
}