{
    "algorithm_desc": "pygad_algorithm",
    "config_name": "two_way_overtaking",
    "random_seed": 1,
    "evaluation_time": 36.952948,
    "number_of_generations": 400,
    "population_size": 50,
    "num_parents_mating": 4,
    "best_solution": [
        1605.800457277313,
        1747.2106275872168,
        -13.759734365025528,
        -11.780081453894978,
        226.97043610104188,
        549.9719409228703,
        -10.378318988015494,
        -9.00278225,
        3000.78870653686,
        2989.2408304008427,
        -19.536913384407143,
        -17.615637062754647
    ],
    "best_fitness": [
        -0.007197164475733002
    ],
    "mutate_eta": 20,
    "mutate_prob": 0.2,
    "crossover_eta": 10,
    "crossover_prob": 0.5,
    "error_message": null,
    "timestamp": "2024-06-22T11:31:22.019605"
}