{
    "algorithm_desc": "pygad_algorithm",
    "config_name": "two_way_overtaking",
    "random_seed": 1,
    "evaluation_time": 106.315355,
    "number_of_generations": 1000,
    "population_size": 50,
    "num_parents_mating": 10,
    "best_solution": [
        3176.220485994984,
        1136.489783731534,
        8.641835068115853,
        15.74375351696817,
        3457.6257125511033,
        2397.4521370235366,
        4.056835869044175,
        12.912722175967062,
        1864.627203237166,
        95.76641513050016,
        11.33739748784577,
        19.478160423225816
    ],
    "best_fitness": [
        -0.5287460584365015
    ],
    "mutate_eta": 5,
    "mutate_prob": 0.8,
    "crossover_eta": 10,
    "crossover_prob": 0.8,
    "error_message": null,
    "timestamp": "2024-06-22T10:37:58.999998"
}