{
    "algorithm_desc": "pygad_algorithm",
    "config_name": "two_way_overtaking",
    "random_seed": 1,
    "evaluation_time": 80.64635,
    "number_of_generations": 2000,
    "population_size": 20,
    "num_parents_mating": 8,
    "best_solution": [
        1215.0371346432428,
        1749.238928269137,
        -7.8131286986699084,
        14.193040232499783,
        331.4425819680356,
        3152.2386756993023,
        -4.376831242139552,
        5.105116754621871,
        2248.8563801736054,
        387.6119913670983,
        -10.562300297357886,
        16.496130533332007
    ],
    "best_fitness": [
        -0.20793529673529657
    ],
    "mutate_eta": 1,
    "mutate_prob": 0.5,
    "crossover_eta": 5,
    "crossover_prob": 0.5,
    "error_message": null,
    "timestamp": "2024-06-21T05:13:26.878092"
}