{
    "algorithm_desc": "pygad_algorithm",
    "config_name": "two_way_overtaking",
    "random_seed": 1,
    "evaluation_time": 75.837258,
    "number_of_generations": 2000,
    "population_size": 20,
    "num_parents_mating": 8,
    "best_solution": [
        1977.429074976216,
        920.2035940653874,
        11.004122542938102,
        1.8570025593249397,
        3480.0527207181813,
        1151.0847436766212,
        5.288985823997912,
        0.5139135756225457,
        228.34779680397972,
        494.9077972818853,
        19.098399980046032,
        4.2666038324552
    ],
    "best_fitness": [
        -0.10789599920378165
    ],
    "mutate_eta": 15,
    "mutate_prob": 0.2,
    "crossover_eta": 5,
    "crossover_prob": 1,
    "error_message": null,
    "timestamp": "2024-06-21T22:41:06.495762"
}