{
    "algorithm_desc": "pygad_algorithm",
    "config_name": "two_way_overtaking",
    "random_seed": 1,
    "evaluation_time": 86.397502,
    "number_of_generations": 400,
    "population_size": 100,
    "num_parents_mating": 10,
    "best_solution": [
        1131.1548414704748,
        1665.9214401305187,
        -6.177228756441959,
        -14.435636350622463,
        146.63911162648057,
        646.5115771692906,
        -2.9453271221078694,
        -5.585428187063073,
        2984.144939453858,
        1699.8670129566199,
        -11.17586704068601,
        -15.197478287512654
    ],
    "best_fitness": [
        -0.5869245138313797
    ],
    "mutate_eta": 5,
    "mutate_prob": 1,
    "crossover_eta": 15,
    "crossover_prob": 0.2,
    "error_message": null,
    "timestamp": "2024-06-22T03:14:26.824580"
}