{
    "algorithm_desc": "pygad_algorithm",
    "config_name": "two_way_overtaking",
    "random_seed": 1,
    "evaluation_time": 2.353995,
    "number_of_generations": 50,
    "population_size": 20,
    "num_parents_mating": 8,
    "best_solution": [
        1205.6135337779806,
        3137.3013879949267,
        9.958190045568742,
        6.422797594862736,
        3277.940424841192,
        2161.170443065411,
        10.365048002293559,
        -10.228288083734324,
        802.4440375946479,
        2594.813608913598,
        16.8158596587961,
        18.461324575319146
    ],
    "best_fitness": [
        -1.171519994696827
    ],
    "mutate_eta": 5,
    "mutate_prob": 0.8,
    "crossover_eta": 5,
    "crossover_prob": 0.8,
    "error_message": null,
    "timestamp": "2024-06-22T11:52:39.403707"
}