{
    "algorithm_desc": "pygad_algorithm",
    "config_name": "two_way_overtaking",
    "random_seed": 1,
    "evaluation_time": 8.631619,
    "number_of_generations": 1000,
    "population_size": 5,
    "num_parents_mating": 4,
    "best_solution": [
        2517.5313426824073,
        1677.6233673059749,
        -6.893055875761718,
        10.746980245997445,
        1608.7757575285261,
        2906.3614847846275,
        -2.748318896582891,
        4.54755063572048,
        3426.702923181867,
        78.93947334215484,
        -7.585817494737169,
        11.862958837997908
    ],
    "best_fitness": [
        -0.11443573277239734
    ],
    "mutate_eta": 5,
    "mutate_prob": 0.2,
    "crossover_eta": 20,
    "crossover_prob": 0.8,
    "error_message": null,
    "timestamp": "2024-06-22T14:43:00.126080"
}