{
    "algorithm_desc": "pygad_algorithm",
    "config_name": "two_way_overtaking",
    "random_seed": 1,
    "evaluation_time": 39.464316,
    "number_of_generations": 2000,
    "population_size": 10,
    "num_parents_mating": 2,
    "best_solution": [
        1940.6369106047086,
        2462.2867892583113,
        5.291769508242492,
        1.1040947956573994,
        3259.893415062198,
        2856.9618777442424,
        3.266679532199614,
        1.0109305858736626,
        1091.4219146033251,
        379.7082190006491,
        8.25253988815335,
        19.00272463584149
    ],
    "best_fitness": [
        -0.5506707590565064
    ],
    "mutate_eta": 15,
    "mutate_prob": 1,
    "crossover_eta": 10,
    "crossover_prob": 0.2,
    "error_message": null,
    "timestamp": "2024-06-21T13:38:24.065125"
}