{
    "algorithm_desc": "pygad_algorithm",
    "config_name": "two_way_overtaking",
    "random_seed": 1,
    "evaluation_time": 276.646406,
    "number_of_generations": 1000,
    "population_size": 150,
    "num_parents_mating": 4,
    "best_solution": [
        1669.1764392984048,
        1913.7423617183329,
        10.217454140729814,
        9.00278225,
        3118.2293434942035,
        3135.5621530436188,
        4.338703451083116,
        3.658249778129921,
        266.80560858897604,
        677.8238217358065,
        18.743686845446014,
        17.37904379878953
    ],
    "best_fitness": [
        -0.0001789372473624343
    ],
    "mutate_eta": 1,
    "mutate_prob": 0.2,
    "crossover_eta": 10,
    "crossover_prob": 1,
    "error_message": null,
    "timestamp": "2024-06-21T08:28:49.818628"
}