{
    "algorithm_desc": "pygad_algorithm",
    "config_name": "two_way_overtaking",
    "random_seed": 1,
    "evaluation_time": 18.786422,
    "number_of_generations": 200,
    "population_size": 50,
    "num_parents_mating": 4,
    "best_solution": [
        1649.915822768611,
        1812.7884432390697,
        0.11456629566220045,
        9.108284371299025,
        1649.915822768611,
        3488.928356330217,
        0.0,
        3.844881432554814,
        1608.3531909685703,
        43.790656045614604,
        0.7173792944575403,
        18.23269076587487
    ],
    "best_fitness": [
        -0.045487538508498154
    ],
    "mutate_eta": 20,
    "mutate_prob": 0.2,
    "crossover_eta": 15,
    "crossover_prob": 0.8,
    "error_message": null,
    "timestamp": "2024-06-20T22:21:40.616772"
}