{
    "algorithm_desc": "pygad_algorithm",
    "config_name": "two_way_overtaking",
    "random_seed": 1,
    "evaluation_time": 876.470236,
    "number_of_generations": 2000,
    "population_size": 200,
    "num_parents_mating": 8,
    "best_solution": [
        1554.315770709142,
        1613.777033875697,
        -8.131696994704917,
        -12.932991544517911,
        1094.2373263914876,
        719.5352558803229,
        -6.898017319340017,
        -10.204792423220951,
        3489.1206653152026,
        2882.233469694487,
        -15.284019205019003,
        -17.338679888272754
    ],
    "best_fitness": [
        -0.4650863311678082
    ],
    "mutate_eta": 10,
    "mutate_prob": 1,
    "crossover_eta": 15,
    "crossover_prob": 1,
    "error_message": null,
    "timestamp": "2024-06-22T04:05:33.935358"
}