{
    "algorithm_desc": "pygad_algorithm",
    "config_name": "two_way_overtaking",
    "random_seed": 1,
    "evaluation_time": 38.062825,
    "number_of_generations": 1000,
    "population_size": 20,
    "num_parents_mating": 8,
    "best_solution": [
        1843.29741463888,
        879.5533203329699,
        11.004122542938102,
        1.8570025593249397,
        3480.0527207181813,
        968.3665741080055,
        5.499351918425354,
        0.5139135756225457,
        232.64385429401597,
        494.9077972818853,
        19.098399980046032,
        4.2666038324552
    ],
    "best_fitness": [
        -0.13629440096693815
    ],
    "mutate_eta": 10,
    "mutate_prob": 0.2,
    "crossover_eta": 20,
    "crossover_prob": 1,
    "error_message": null,
    "timestamp": "2024-06-21T10:31:47.525767"
}