{
    "algorithm_desc": "pygad_algorithm",
    "config_name": "two_way_overtaking",
    "random_seed": 1,
    "evaluation_time": 5.533772,
    "number_of_generations": 50,
    "population_size": 50,
    "num_parents_mating": 4,
    "best_solution": [
        3216.874245578855,
        1057.3629024473266,
        8.691371409987106,
        15.73452779182412,
        3353.4558239265575,
        3101.3040748426833,
        -2.079160116941779,
        3.008215980066094,
        2272.3559016868676,
        247.5018215328354,
        16.86442701315186,
        18.515002175767606
    ],
    "best_fitness": [
        -0.6755253165959
    ],
    "mutate_eta": 20,
    "mutate_prob": 1,
    "crossover_eta": 1,
    "crossover_prob": 0.5,
    "error_message": null,
    "timestamp": "2024-06-22T03:13:09.125378"
}