{
    "algorithm_desc": "pygad_algorithm",
    "config_name": "two_way_overtaking",
    "random_seed": 1,
    "evaluation_time": 146.749526,
    "number_of_generations": 400,
    "population_size": 200,
    "num_parents_mating": 4,
    "best_solution": [
        3299.8316455372214,
        1760.4218748416024,
        0.0,
        11.35853799045898,
        3299.8316455372214,
        3499.5975220137316,
        0.0,
        10.820535882431923,
        3299.8316455372214,
        3.059902959241523,
        0.49309399694887546,
        20.02778427174323
    ],
    "best_fitness": [
        -0.02629085139423539
    ],
    "mutate_eta": 15,
    "mutate_prob": 0.2,
    "crossover_eta": 1,
    "crossover_prob": 0.5,
    "error_message": null,
    "timestamp": "2024-06-21T02:11:32.065709"
}