{
    "algorithm_desc": "pygad_algorithm",
    "config_name": "two_way_overtaking",
    "random_seed": 1,
    "evaluation_time": 5.23017,
    "number_of_generations": 50,
    "population_size": 50,
    "num_parents_mating": 2,
    "best_solution": [
        686.3503489751149,
        452.0614098772072,
        16.879762020505673,
        -3.1809571667875964,
        3058.6122374433216,
        342.26373642358317,
        1.406440734856485,
        0.6098094541951298,
        400.93633769455164,
        1349.8285598352102,
        16.172845826835484,
        -19.55118718281951
    ],
    "best_fitness": [
        -0.8605278449044161
    ],
    "mutate_eta": 20,
    "mutate_prob": 0.8,
    "crossover_eta": 1,
    "crossover_prob": 0.5,
    "error_message": null,
    "timestamp": "2024-06-23T16:11:55.619504"
}