{
    "algorithm_desc": "pygad_algorithm",
    "config_name": "two_way_overtaking",
    "random_seed": 1,
    "evaluation_time": 427.141221,
    "number_of_generations": 2000,
    "population_size": 100,
    "num_parents_mating": 8,
    "best_solution": [
        1597.6786169489246,
        2443.788001199383,
        15.662251919248924,
        -4.847471116914509,
        3083.0356203113934,
        2203.9870702342855,
        10.907644156646029,
        -2.5751584665741305,
        34.35469611324648,
        2702.6019875642733,
        20.413006626956673,
        -9.890170818385442
    ],
    "best_fitness": [
        -0.3893249315896837
    ],
    "mutate_eta": 10,
    "mutate_prob": 0.8,
    "crossover_eta": 15,
    "crossover_prob": 1,
    "error_message": null,
    "timestamp": "2024-06-21T11:01:00.449883"
}