{
    "algorithm_desc": "pygad_algorithm",
    "config_name": "two_way_overtaking",
    "random_seed": 1,
    "evaluation_time": 4.881043,
    "number_of_generations": 50,
    "population_size": 50,
    "num_parents_mating": 8,
    "best_solution": [
        2238.794694662388,
        2172.206877917209,
        3.205047930009588,
        -14.633047998932941,
        2256.473546655626,
        248.36535802972503,
        0.0,
        -1.9067002170532241,
        1014.3928509678013,
        3493.0227480942463,
        7.852102294153379,
        -18.553334494501378
    ],
    "best_fitness": [
        -0.20719858498782526
    ],
    "mutate_eta": 15,
    "mutate_prob": 0.2,
    "crossover_eta": 10,
    "crossover_prob": 0.8,
    "error_message": null,
    "timestamp": "2024-06-21T08:50:53.633269"
}