{
    "algorithm_desc": "pygad_algorithm",
    "config_name": "two_way_overtaking",
    "random_seed": 1,
    "evaluation_time": 83.105557,
    "number_of_generations": 2000,
    "population_size": 20,
    "num_parents_mating": 10,
    "best_solution": [
        1147.3465420864418,
        2765.913551003528,
        11.129700621819946,
        6.278717685777828,
        2890.6483595197838,
        2594.870859642976,
        9.750832058270937,
        6.038831193901618,
        98.66196342188348,
        520.1723255077993,
        10.42341459797369,
        9.086314761444925
    ],
    "best_fitness": [
        -0.7134393449922923
    ],
    "mutate_eta": 5,
    "mutate_prob": 0.8,
    "crossover_eta": 15,
    "crossover_prob": 0.5,
    "error_message": null,
    "timestamp": "2024-06-22T09:18:16.303564"
}