{
    "algorithm_desc": "pygad_algorithm",
    "config_name": "two_way_overtaking",
    "random_seed": 1,
    "evaluation_time": 60.33677,
    "number_of_generations": 200,
    "population_size": 150,
    "num_parents_mating": 4,
    "best_solution": [
        1627.3819511149625,
        1331.0622345021059,
        -5.923878453713767,
        15.248305565448895,
        1091.2595981293375,
        3201.6605197235863,
        -3.876750512475425,
        9.145897908841928,
        2939.854438827581,
        31.01161027127397,
        -9.110878607888438,
        19.05436303697241
    ],
    "best_fitness": [
        -0.15784973050710266
    ],
    "mutate_eta": 5,
    "mutate_prob": 0.5,
    "crossover_eta": 1,
    "crossover_prob": 0.5,
    "error_message": null,
    "timestamp": "2024-06-21T08:53:18.238074"
}