{
    "algorithm_desc": "pygad_algorithm",
    "config_name": "two_way_overtaking",
    "random_seed": 1,
    "evaluation_time": 40.369011,
    "number_of_generations": 2000,
    "population_size": 10,
    "num_parents_mating": 4,
    "best_solution": [
        1245.4689757158667,
        1563.330951292923,
        -10.53890986972284,
        14.540651098154889,
        252.2480932628925,
        2467.730250157659,
        -7.012749004051091,
        13.082739910566218,
        2382.3373362653774,
        1055.1810962787015,
        -15.896935531347498,
        17.422153565031614
    ],
    "best_fitness": [
        -0.5562494818182456
    ],
    "mutate_eta": 5,
    "mutate_prob": 0.8,
    "crossover_eta": 1,
    "crossover_prob": 1,
    "error_message": null,
    "timestamp": "2024-06-23T07:46:26.332645"
}