{
    "algorithm_desc": "pygad_algorithm",
    "config_name": "two_way_overtaking",
    "random_seed": 1,
    "evaluation_time": 10.392048,
    "number_of_generations": 100,
    "population_size": 50,
    "num_parents_mating": 10,
    "best_solution": [
        1944.0791730404264,
        1847.3583831607466,
        -19.503641761492688,
        17.318863759509192,
        440.8381696070377,
        2752.507594211482,
        -8.804161886857342,
        2.3437699676358257,
        1672.8083231531748,
        99.70210528981904,
        13.022487382679856,
        13.698022606843722
    ],
    "best_fitness": [
        -0.8510432751684389
    ],
    "mutate_eta": 5,
    "mutate_prob": 0.5,
    "crossover_eta": 5,
    "crossover_prob": 0.8,
    "error_message": null,
    "timestamp": "2024-06-22T02:18:14.235004"
}