{
    "algorithm_desc": "pygad_algorithm",
    "config_name": "two_way_overtaking",
    "random_seed": 1,
    "evaluation_time": 74.800825,
    "number_of_generations": 200,
    "population_size": 200,
    "num_parents_mating": 8,
    "best_solution": [
        2870.970943613654,
        1789.651184958956,
        2.3486276633894683,
        -8.052596673687255,
        3256.1341965758943,
        37.23078589568246,
        0.09670914554769894,
        -0.4635892320090278,
        2324.6310553906587,
        3497.780054662183,
        6.8261157346221,
        -19.67862468875266
    ],
    "best_fitness": [
        -0.01666217766693307
    ],
    "mutate_eta": 15,
    "mutate_prob": 0.2,
    "crossover_eta": 20,
    "crossover_prob": 0.5,
    "error_message": null,
    "timestamp": "2024-06-21T11:45:04.863705"
}