{
    "algorithm_desc": "pygad_algorithm",
    "config_name": "two_way_overtaking",
    "random_seed": 1,
    "evaluation_time": 747.517035,
    "number_of_generations": 2000,
    "population_size": 200,
    "num_parents_mating": 8,
    "best_solution": [
        1712.9710460689773,
        3299.8316455372214,
        9.49380612091904,
        0.0,
        3499.967904383031,
        3299.8316455372214,
        8.36686833291186,
        0.0,
        0.1610493144755809,
        3299.8970835686305,
        12.461760078712508,
        -0.17376966957759876
    ],
    "best_fitness": [
        -0.02549901276544416
    ],
    "mutate_eta": 10,
    "mutate_prob": 0.2,
    "crossover_eta": 1,
    "crossover_prob": 0.8,
    "error_message": null,
    "timestamp": "2024-06-22T20:13:21.591096"
}