{
    "algorithm_desc": "pygad_algorithm",
    "config_name": "two_way_overtaking",
    "random_seed": 1,
    "evaluation_time": 553.460657,
    "number_of_generations": 2000,
    "population_size": 150,
    "num_parents_mating": 2,
    "best_solution": [
        2007.872226971167,
        1765.4842836796681,
        0.8431010441510267,
        4.982242004255259,
        2199.1597245488706,
        3498.860512711429,
        0.0009004318630694286,
        0.013134108779105702,
        1702.9864283165969,
        3.0643056740304875,
        4.420468408267386,
        20.428850846110315
    ],
    "best_fitness": [
        -0.028466801813285626
    ],
    "mutate_eta": 15,
    "mutate_prob": 0.2,
    "crossover_eta": 15,
    "crossover_prob": 0.8,
    "error_message": null,
    "timestamp": "2024-06-22T16:23:24.073270"
}