{
    "algorithm_desc": "pygad_algorithm",
    "config_name": "two_way_overtaking",
    "random_seed": 1,
    "evaluation_time": 36.457687,
    "number_of_generations": 1000,
    "population_size": 20,
    "num_parents_mating": 4,
    "best_solution": [
        1735.279522421793,
        1702.951143534084,
        8.933409747847687,
        0.7715011586098619,
        3487.9213796991867,
        1725.0823579544247,
        0.8391547126073498,
        0.0,
        5.74813131091112,
        1458.4316005045678,
        20.52284204804939,
        3.1061723932032734
    ],
    "best_fitness": [
        -0.04846510975142285
    ],
    "mutate_eta": 10,
    "mutate_prob": 0.2,
    "crossover_eta": 15,
    "crossover_prob": 0.5,
    "error_message": null,
    "timestamp": "2024-06-21T03:25:44.612235"
}