{
    "algorithm_desc": "pygad_algorithm",
    "config_name": "two_way_overtaking",
    "random_seed": 1,
    "evaluation_time": 190.369781,
    "number_of_generations": 2000,
    "population_size": 50,
    "num_parents_mating": 8,
    "best_solution": [
        1748.5477134497828,
        1803.6902519374296,
        9.260411394774117,
        5.420439986430907,
        3368.5264108334163,
        2775.6292055677322,
        5.518271992364898,
        3.3113124184343405,
        172.75407403184383,
        886.5352843107967,
        18.898885405922513,
        10.349209353493567
    ],
    "best_fitness": [
        -0.0007379820974535111
    ],
    "mutate_eta": 15,
    "mutate_prob": 0.2,
    "crossover_eta": 20,
    "crossover_prob": 0.5,
    "error_message": null,
    "timestamp": "2024-06-22T22:57:03.033988"
}