{
    "algorithm_desc": "pygad_algorithm",
    "config_name": "two_way_overtaking",
    "random_seed": 1,
    "evaluation_time": 56.67776,
    "number_of_generations": 200,
    "population_size": 150,
    "num_parents_mating": 4,
    "best_solution": [
        1574.3608765347656,
        1752.3307983670225,
        -0.06167595601855069,
        1.7968746089292722,
        1555.847947924405,
        3494.5016803711223,
        -0.007289360473993867,
        0.9276494440565273,
        1647.9083463335091,
        9.59097259222924,
        0.0,
        6.427203617998039
    ],
    "best_fitness": [
        -0.03210467189741854
    ],
    "mutate_eta": 1,
    "mutate_prob": 0.2,
    "crossover_eta": 15,
    "crossover_prob": 0.8,
    "error_message": null,
    "timestamp": "2024-06-23T19:21:34.980522"
}