{
    "algorithm_desc": "pygad_algorithm",
    "config_name": "two_way_overtaking",
    "random_seed": 1,
    "evaluation_time": 64.509551,
    "number_of_generations": 200,
    "population_size": 150,
    "num_parents_mating": 10,
    "best_solution": [
        1576.285765783405,
        352.887293055878,
        11.349189346919516,
        10.023539827256506,
        2998.6664983264245,
        1327.8365230631136,
        1.2649904145900486,
        1.4807532530445933,
        868.1652460166297,
        2154.192847222599,
        10.586655868907783,
        -20.330944893287807
    ],
    "best_fitness": [
        -0.7435241316662942
    ],
    "mutate_eta": 10,
    "mutate_prob": 0.8,
    "crossover_eta": 1,
    "crossover_prob": 0.2,
    "error_message": null,
    "timestamp": "2024-06-22T23:30:14.204695"
}