{
    "algorithm_desc": "deap_algorithm",
    "config_name": "two_way_overtaking_and_crossing",
    "random_seed": 0,
    "evaluation_time": 54.124734,
    "number_of_generations": 300,
    "population_size": 30,
    "num_parents_mating": 2,
    "best_solution": [
        682.290915366912,
        10,
        9.886499137457063,
        0.0,
        2556.820090084129,
        10,
        9.062515273707172,
        0.0,
        1.7035124908959638,
        94.13835954059088,
        0.009245077043609828,
        -0.11949610765198226,
        10,
        373.7416320893847,
        7.740590974436586,
        -9.891789968488098
    ],
    "best_fitness": [
        0.0,
        0.0,
        0.0,
        0.0,
        0.0,
        0.0,
        0.0,
        0.0,
        -0.2852574782837437,
        -0.31175234395254153,
        0.0,
        -0.28759879059512083,
        -0.8099987402801782,
        0.0,
        0.0,
        0.0,
        0.0,
        0.0,
        0.0,
        0.0,
        0.0,
        0.0,
        0.0,
        0.0,
        0.0,
        0.0,
        0.0,
        0.0,
        -0.3089546196311754,
        -0.8886707004981971,
        -0.0814148856359205,
        -0.030474180465050654
    ],
    "mutate_eta": 20,
    "mutate_prob": 0.5,
    "crossover_eta": 15,
    "crossover_prob": 0.5,
    "error_message": null,
    "timestamp": "2024-06-19T16:08:29.397897"
}