{
    "algorithm_desc": "pygad_algorithm",
    "config_name": "two_way_overtaking_and_crossing",
    "random_seed": 0,
    "evaluation_time": 67.497471,
    "number_of_generations": 300,
    "population_size": 30,
    "num_parents_mating": 2,
    "best_solution": [
        1499.324795870497,
        1878.6438353406113,
        -17.021904511719974,
        13.66843439889228,
        27.640661010418675,
        2976.0697546911947,
        -8.14430525894633,
        6.760091796297875,
        2304.3438871081416,
        713.0175525051816,
        1.485860634213978,
        17.79381102461548,
        34.42910816207762,
        489.2999624359156,
        11.048929617397821,
        14.123927968579395
    ],
    "best_fitness": [
        -0.9687042422465529
    ],
    "mutate_eta": 20,
    "mutate_prob": 0.5,
    "crossover_eta": 15,
    "crossover_prob": 0.5,
    "error_message": null,
    "timestamp": "2024-06-19T16:12:07.968092"
}