{
    "algorithm_desc": "deap_algorithm",
    "config_name": "two_way_overtaking",
    "random_seed": 1,
    "evaluation_time": 3.526562,
    "number_of_generations": 100,
    "population_size": 10,
    "num_parents_mating": 2,
    "best_solution": [
        1688.6607477322023,
        0.5322789979240579,
        9.228761716951379,
        -0.262539465436827,
        3388.7527735329586,
        10,
        4.345674282429389,
        0.0,
        0.8527862190552824,
        87.15202356504331,
        18.760998397990004,
        -0.9376307367523624
    ],
    "best_fitness": [
        -0.07036918781835685
    ],
    "mutate_eta": 20,
    "mutate_prob": 0.5,
    "crossover_eta": 15,
    "crossover_prob": 0.5,
    "error_message": null,
    "timestamp": "2024-06-19T15:59:38.296619"
}