{
    "algorithm_desc": "deap_algorithm",
    "config_name": "two_way_overtaking",
    "random_seed": 1,
    "evaluation_time": 4.721121,
    "number_of_generations": 100,
    "population_size": 10,
    "num_parents_mating": 2,
    "best_solution": [
        549.9719409228703,
        980.2507751185176,
        0.6274098647027612,
        -8.883311948411649,
        4.129924664930968,
        2996.7158582344587,
        1.501163376818809,
        1.2150017046209114,
        549.9719409228703,
        2808.3434372563897,
        0.008898827923979447,
        -10
    ],
    "best_fitness": [
        0.0,
        0.0,
        0.0,
        0.0,
        0.0,
        -0.11473769975723436,
        0.0,
        -0.017396303899345798,
        -0.048522335988536294,
        -0.8437948494035875,
        -0.5444756726680674,
        -0.3109984156353781,
        -0.6233630315243603,
        0.0,
        0.0,
        0.0
    ],
    "mutate_eta": 20,
    "mutate_prob": 0.5,
    "crossover_eta": 15,
    "crossover_prob": 0.5,
    "error_message": null,
    "timestamp": "2024-06-19T15:57:09.637521"
}