{
    "algorithm_desc": "deap_algorithm",
    "config_name": "two_way_overtaking",
    "random_seed": 0,
    "evaluation_time": 3.376737,
    "number_of_generations": 100,
    "population_size": 10,
    "num_parents_mating": 2,
    "best_solution": [
        1643.0382625359941,
        10,
        -10.872120067096862,
        0.0,
        9.047044443955688,
        0.006056278318448349,
        -9.427938986276583,
        0.0,
        3396.332788122101,
        115.21390336434361,
        -14.2860735142382,
        0.0
    ],
    "best_fitness": [
        -0.07057479565549392
    ],
    "mutate_eta": 20,
    "mutate_prob": 0.5,
    "crossover_eta": 15,
    "crossover_prob": 0.5,
    "error_message": null,
    "timestamp": "2024-06-19T15:59:26.668840"
}