{
    "algorithm_desc": "deap_algorithm",
    "config_name": "two_way_overtaking",
    "random_seed": 0,
    "evaluation_time": 4.081695,
    "number_of_generations": 100,
    "population_size": 10,
    "num_parents_mating": 2,
    "best_solution": [
        922.4237364304795,
        549.9719409228703,
        9.079698450773288,
        0.622155209096712,
        10,
        549.9719409228703,
        8.348874713542656,
        0.7805497941847211,
        2727.2065638158642,
        549.9719409228703,
        8.084105160016016,
        0.0
    ],
    "best_fitness": [
        0.0,
        0.0,
        0.0,
        0.0,
        0.0,
        -0.12850408448347653,
        -0.6098342122482393,
        -0.972476987899724,
        -0.24145446893316863,
        -0.8725538178942753,
        -0.5865364854914131,
        -0.9625713984835575,
        0.0,
        0.0,
        0.0,
        0.0
    ],
    "mutate_eta": 20,
    "mutate_prob": 0.5,
    "crossover_eta": 15,
    "crossover_prob": 0.5,
    "error_message": null,
    "timestamp": "2024-06-19T15:56:55.787319"
}